0,512,538,659,478,611,513,217,755,371,591,656,176,809,565,476,598,608,541,530,429,355,128,519,405,550,509,606,213,783,315,365,596,635,719,469,167,508,339,755,409,803,701,563,364,534,122,551,437,376,652,517,473,466,567,519,398,540,434,667,755,758,527,210,692,320,311,783,393,581,540,356,613,501,769,431,308,350,476,530,205,345,694,575,629,546,176,356,357,437,538,614,366,219,632,755,655,148,423,636
470,0,930,168,843,624,402,379,886,862,79,386,595,336,254,769,943,278,29,363,242,844,467,393,163,38,246,619,549,424,479,675,194,735,36,862,598,402,682,921,207,254,298,51,531,209,459,535,110,543,424,191,885,438,55,204,166,47,497,981,921,414,427,632,9,582,474,466,426,595,47,778,397,789,455,161,770,707,774,393,362,658,11,63,397,34,591,440,697,110,930,397,704,376,732,921,963,474,145,727
598,709,0,873,163,739,799,550,853,495,602,865,465,947,799,237,397,833,738,765,679,479,478,754,539,748,749,734,560,1000,696,289,830,820,861,654,277,649,263,853,543,984,988,778,644,724,385,798,571,656,855,706,407,665,755,754,532,679,770,850,853,923,813,211,834,517,480,1000,535,856,679,480,801,240,987,566,222,295,237,765,538,289,836,763,639,734,379,498,281,571,180,802,290,552,817,853,521,414,557,786
592,371,813,0,682,341,844,588,1103,919,96,372,719,321,364,705,777,563,400,657,531,902,727,622,111,118,575,336,786,726,689,544,333,399,391,491,648,231,518,1103,103,186,136,124,740,279,550,1055,67,752,317,261,873,173,138,277,114,292,811,664,1103,479,858,653,446,844,684,726,242,851,292,903,326,627,713,183,689,550,705,657,576,487,448,146,542,116,707,256,536,67,813,326,545,590,396,1103,803,543,128,389
381,655,172,941,0,805,781,498,680,559,673,698,434,644,729,277,265,755,684,696,624,543,520,685,610,819,680,800,607,741,506,351,718,653,932,477,341,720,325,680,614,908,878,849,454,792,449,608,642,466,687,774,305,733,826,727,603,750,537,690,680,994,647,275,905,493,290,741,607,668,750,544,874,302,777,637,287,357,277,696,486,351,907,834,448,805,348,568,343,642,172,875,352,500,650,680,143,478,628,852
633,595,479,558,435,0,937,629,1087,823,438,138,704,797,738,610,535,771,624,874,753,812,768,904,375,584,795,5,827,935,727,462,769,104,697,207,541,349,436,1087,379,665,673,614,778,411,548,934,407,790,51,393,779,352,591,693,368,515,851,384,1087,133,951,555,670,887,722,935,360,987,515,814,170,474,921,402,595,468,611,874,617,485,672,599,878,570,751,374,454,407,479,170,463,631,101,1087,560,541,393,103
417,393,673,735,767,844,0,317,654,739,472,808,441,503,260,541,557,187,422,299,435,728,557,351,714,431,377,839,639,173,296,778,292,900,596,694,535,593,758,654,718,711,590,444,120,685,549,250,684,124,823,667,538,628,448,690,707,440,289,889,654,882,39,582,633,436,328,173,604,232,440,729,765,718,209,741,629,723,541,299,522,734,619,456,314,427,576,618,772,684,673,766,779,313,897,654,520,569,732,891
346,469,630,804,538,660,364,0,614,520,548,763,262,745,493,569,585,526,498,409,435,504,188,416,449,507,496,655,262,512,65,432,587,718,667,548,263,561,406,614,453,781,662,520,208,637,180,368,481,220,638,619,566,578,524,508,442,516,222,758,614,833,378,308,744,259,148,512,448,428,516,505,720,519,548,476,506,438,569,409,12,375,690,532,483,503,274,411,424,481,630,721,433,4,715,614,547,197,467,707
502,754,774,1049,868,1070,899,619,0,836,833,1189,525,807,847,646,662,877,783,810,723,825,642,799,877,792,794,1065,708,863,628,848,877,1145,912,980,624,868,828,180,881,1030,907,805,576,958,634,730,998,588,1178,940,643,900,809,888,870,801,659,1174,180,1161,769,669,949,520,412,863,880,790,801,826,1046,939,834,904,734,852,646,810,607,803,935,817,611,788,681,846,842,998,774,1047,849,621,1142,180,624,652,895,1117
438,611,307,726,280,602,757,436,797,0,454,709,403,849,754,175,416,787,640,722,769,4,578,711,391,600,706,597,657,953,539,85,785,609,713,430,110,503,197,797,395,833,841,630,593,579,138,759,423,605,576,562,344,520,607,709,384,531,656,646,797,776,771,127,686,455,420,953,390,807,531,3,666,94,939,418,160,33,175,722,424,46,688,615,585,586,317,353,43,423,307,667,84,438,606,797,493,131,409,652
492,164,860,101,726,389,431,395,941,812,0,319,619,340,272,753,820,307,193,411,276,801,488,441,107,47,268,384,573,484,498,592,213,447,69,737,610,279,566,941,151,205,147,53,552,250,480,553,31,564,365,232,921,378,56,296,110,66,515,717,941,346,445,701,106,602,495,484,290,613,66,802,330,671,473,105,737,598,753,411,383,535,92,64,415,45,614,304,584,31,860,330,593,397,444,941,847,495,89,437
765,695,623,646,579,201,1010,761,1228,995,544,0,820,887,847,744,677,881,724,984,859,990,900,949,481,690,902,196,958,1050,859,605,877,221,803,324,704,445,579,1228,485,753,761,720,910,499,761,1077,513,922,84,482,912,381,697,799,474,621,985,506,1228,148,1024,692,776,1020,855,1050,456,1177,621,991,95,619,1037,508,728,609,744,984,749,629,778,705,995,676,880,470,597,513,623,96,606,763,218,1228,701,691,499,222
250,519,497,845,591,833,503,367,611,360,598,941,0,786,608,317,571,512,548,557,485,344,373,546,636,557,541,828,445,498,228,350,637,896,708,730,135,638,498,611,640,822,703,570,205,732,280,330,668,217,931,714,449,673,574,558,629,566,259,924,611,933,404,180,745,125,130,498,638,425,566,345,809,481,534,665,297,339,317,557,355,378,731,582,480,553,139,599,353,670,497,810,349,369,895,611,679,309,656,882
626,565,1091,187,835,606,485,530,810,960,305,535,753,0,286,678,694,361,304,336,251,955,623,366,368,303,401,601,694,471,633,698,255,636,222,855,738,408,677,810,360,336,93,309,452,229,615,607,312,456,568,358,676,428,330,199,371,322,569,902,810,559,499,783,259,726,629,471,419,458,322,956,546,784,460,445,766,702,678,336,518,653,245,338,201,301,741,433,692,312,1091,546,699,532,633,810,656,635,383,645
439,292,901,505,730,552,281,343,796,757,448,676,564,331,0,664,679,157,321,225,127,746,436,255,406,330,281,547,516,268,411,597,31,610,365,741,555,284,571,796,410,480,422,343,403,519,428,402,455,380,526,502,662,319,347,63,399,339,364,863,796,699,295,602,402,551,443,268,295,399,339,747,682,676,257,433,741,603,664,225,331,540,388,355,157,326,560,309,589,455,901,681,598,345,607,796,641,443,526,607
364,635,264,880,358,748,707,458,663,376,611,901,284,632,725,0,345,758,664,673,608,360,386,662,548,673,657,743,460,724,489,298,756,856,870,690,202,657,272,663,552,907,788,686,437,731,293,591,580,449,891,713,234,672,764,715,541,688,520,885,663,933,721,247,843,346,273,724,544,651,688,361,808,249,908,575,244,304,180,673,446,298,845,772,436,743,208,507,290,580,264,809,299,460,853,663,554,322,566,795
479,732,256,1066,350,802,877,596,769,634,787,551,528,745,825,377,0,790,761,788,701,623,619,777,724,933,772,797,691,840,605,435,814,501,890,316,428,838,409,769,728,1008,974,783,553,908,533,707,756,565,543,890,408,850,940,826,717,864,636,542,769,908,746,360,1019,592,389,840,729,767,864,624,896,390,874,751,372,441,377,788,584,435,1021,948,549,919,447,695,427,756,256,896,436,598,498,769,93,562,742,848
449,201,707,500,833,674,235,353,720,769,280,637,576,438,178,579,593,0,230,116,248,758,446,164,527,239,190,669,528,14,363,696,209,729,360,853,567,406,675,720,531,475,354,252,351,500,438,355,450,180,653,483,576,441,256,457,520,248,316,974,720,694,95,614,397,506,398,14,417,313,248,759,594,782,172,554,667,700,579,116,341,651,383,264,260,235,572,431,690,450,707,594,697,355,726,720,555,453,545,721
438,116,900,139,817,656,384,342,889,756,50,357,563,353,225,744,916,260,0,364,228,745,435,394,134,19,220,651,516,437,445,680,165,711,66,835,554,386,659,889,178,225,269,49,499,180,427,506,81,511,395,162,855,421,26,175,137,18,468,956,889,385,398,601,144,550,442,437,397,566,18,746,368,766,426,132,740,684,744,364,330,635,146,34,368,5,559,411,674,81,900,368,681,344,708,889,938,442,116,703
377,127,839,426,772,601,253,281,757,708,206,567,500,364,133,620,634,92,156,0,175,697,375,17,454,165,84,596,448,223,383,639,164,657,286,788,491,333,618,757,458,401,280,178,375,427,367,374,376,352,575,409,617,368,182,383,447,174,336,907,757,623,267,538,323,486,378,223,344,354,174,698,521,725,212,481,677,643,620,180,269,589,309,190,213,161,496,358,633,376,839,521,640,283,654,757,596,382,472,651
343,44,763,343,616,416,384,248,792,681,123,397,466,281,142,647,714,177,73,281,0,670,341,171,278,95,124,411,413,354,346,478,82,474,86,626,457,165,452,792,282,317,197,108,400,257,333,422,310,412,392,239,764,198,99,92,271,91,470,745,792,457,398,504,59,451,343,354,176,483,91,671,351,565,343,304,643,484,647,281,236,421,61,107,285,78,462,190,470,310,763,351,479,250,471,792,737,348,296,468
453,620,320,741,295,619,772,451,806,3,469,723,416,858,769,188,429,803,649,737,784,0,593,726,406,615,721,614,670,969,554,100,800,623,728,445,125,518,210,806,410,848,856,645,608,594,153,774,438,620,593,577,357,535,622,724,399,546,671,660,806,790,786,140,701,468,551,969,405,822,546,1,680,109,955,433,173,28,188,737,439,61,703,630,597,601,330,368,38,438,320,681,99,453,620,806,502,146,424,667
348,466,520,801,417,730,551,302,846,166,545,773,167,742,555,338,592,599,495,509,433,155,0,498,530,504,493,725,304,759,403,107,584,728,664,559,81,641,325,846,534,778,659,517,457,715,14,623,562,469,709,697,474,656,521,505,523,513,524,763,846,913,565,112,825,302,400,759,526,671,513,156,792,231,746,557,336,150,338,509,290,109,827,529,566,500,164,489,160,562,520,793,106,304,725,846,700,55,548,777
361,112,823,411,759,586,244,266,809,694,191,552,484,349,140,665,641,83,141,17,160,683,359,0,439,150,103,581,432,87,366,626,171,644,271,775,475,318,605,809,443,386,265,163,420,412,351,365,361,432,560,394,782,353,167,367,432,159,327,893,809,608,258,522,308,471,363,87,329,361,159,684,506,710,219,466,661,630,665,17,254,574,294,175,221,146,480,343,620,361,823,506,627,268,641,809,603,366,457,638
508,264,751,137,601,279,730,504,1032,828,104,387,635,602,412,636,699,447,293,551,424,817,646,509,0,257,462,274,711,624,607,463,353,337,367,611,567,150,437,1032,8,464,472,97,661,214,469,711,36,673,255,196,804,456,67,363,7,189,724,610,1032,415,744,580,340,700,603,624,161,753,189,818,398,550,613,29,620,469,636,551,492,406,342,75,555,243,630,175,455,36,751,398,464,506,334,1032,722,462,22,327
459,133,921,136,830,436,400,361,908,779,47,354,586,252,241,766,929,276,162,380,245,768,453,410,154,0,237,431,537,453,464,693,182,494,49,850,577,403,672,908,198,222,186,27,518,177,445,522,78,530,392,159,876,268,43,288,157,35,484,764,908,382,414,624,59,569,461,453,414,582,35,769,365,779,442,152,762,697,766,380,349,648,45,51,384,14,582,428,687,78,921,365,694,363,491,908,951,460,136,492
309,135,773,434,654,611,255,214,762,657,214,575,432,372,303,613,859,372,164,58,183,646,306,47,462,173,0,606,378,358,312,548,332,667,294,664,423,341,522,762,466,409,288,186,367,435,298,376,384,379,585,417,730,376,190,391,455,182,338,911,762,630,269,470,331,568,308,358,352,462,182,647,529,631,347,489,609,554,613,58,202,491,317,198,321,169,429,366,540,384,773,529,549,216,664,762,697,313,480,659
634,590,478,553,434,5,890,630,1079,825,433,133,703,793,733,612,534,766,619,869,748,814,769,899,370,579,791,0,828,932,728,461,764,99,692,206,543,344,435,1079,374,660,668,609,779,406,547,935,402,791,46,388,780,347,586,688,363,510,852,383,1079,128,904,556,665,888,724,932,355,988,510,815,164,475,918,397,596,467,612,869,618,484,667,594,875,565,748,369,453,402,478,164,462,632,96,1079,559,540,388,102
226,460,456,579,265,450,546,225,772,592,305,572,349,820,609,325,365,653,489,502,426,575,365,491,242,449,486,445,0,811,322,154,549,468,562,283,254,356,128,771,246,686,694,479,375,432,160,541,274,387,426,414,493,373,456,559,235,380,446,439,771,627,559,268,535,484,318,811,243,589,380,576,526,233,797,268,309,160,325,502,212,97,537,464,644,435,345,206,146,274,456,526,155,226,465,771,396,153,260,506
467,215,694,521,847,685,245,369,706,787,294,651,497,459,194,565,579,14,244,126,262,776,461,178,541,253,204,680,547,0,374,708,225,740,381,867,585,420,687,706,545,496,375,266,337,514,453,365,471,341,664,497,562,455,270,478,534,262,327,985,706,715,98,631,418,492,384,180,431,299,262,777,608,794,158,568,653,712,565,126,357,663,404,278,136,249,600,445,702,471,694,608,709,371,737,706,541,469,559,732
228,497,711,827,718,833,323,108,595,595,576,837,232,660,452,550,566,485,526,368,463,579,367,375,636,535,519,828,441,471,0,610,615,893,690,727,341,618,586,595,640,804,685,548,67,712,359,150,668,79,928,694,547,655,552,536,629,544,28,921,595,911,337,388,727,229,118,471,635,207,544,580,794,693,507,665,473,616,550,368,123,557,713,560,464,531,332,599,606,670,711,795,613,104,892,594,528,374,656,882
416,546,394,783,338,659,619,370,916,87,511,762,258,802,635,262,503,673,575,577,513,76,243,566,448,657,561,654,372,767,473,0,664,656,770,480,134,560,253,916,452,890,717,597,527,636,205,693,480,539,637,618,432,577,664,585,441,588,593,693,916,832,633,90,743,393,470,767,447,741,588,77,719,152,819,475,247,28,262,577,358,65,745,672,647,643,254,410,81,480,394,720,0,372,653,916,467,139,466,706
406,343,868,468,704,521,357,310,855,729,411,487,531,458,31,712,835,233,372,320,96,718,403,350,375,381,190,516,482,379,411,566,0,579,328,713,522,253,540,855,379,443,385,394,465,482,395,478,418,477,495,465,827,288,398,32,368,515,440,837,855,662,371,569,365,516,408,379,264,508,515,719,441,649,368,402,708,572,712,320,298,509,351,406,189,377,527,278,558,418,868,441,567,312,576,855,794,410,393,577
674,661,518,612,474,122,971,670,1119,869,510,153,735,853,813,652,574,847,690,950,825,858,809,915,447,656,868,117,868,1014,768,501,843,0,769,245,583,411,475,1119,451,719,727,686,819,465,677,978,479,831,145,448,820,406,663,765,440,587,892,422,1119,482,985,596,742,928,764,1014,422,1141,587,859,171,515,1001,474,636,507,652,950,658,529,744,671,957,642,788,436,493,479,518,171,502,672,82,1119,599,585,465,143
804,266,974,294,846,533,532,707,1231,1194,81,467,929,404,462,869,945,395,82,499,433,1189,799,530,127,36,583,528,858,572,805,707,431,568,0,866,914,419,686,1231,291,268,332,49,856,306,791,654,112,868,500,288,1038,361,77,373,130,69,616,843,1231,491,546,819,37,909,801,572,430,701,69,1190,478,793,561,130,853,711,869,499,695,662,23,85,626,48,920,444,701,112,974,478,708,709,565,1231,967,802,130,583
446,766,313,714,269,517,763,442,984,694,615,256,573,955,918,446,369,952,795,728,930,683,584,717,552,761,712,512,663,1121,545,296,948,205,874,0,374,514,270,984,556,821,829,791,599,567,369,763,584,611,248,550,615,508,768,870,545,692,662,141,984,595,777,388,847,721,542,1121,536,813,692,684,584,302,1109,579,430,302,446,728,430,306,849,776,679,747,586,497,288,584,313,584,297,444,202,984,400,362,570,572
355,478,417,813,511,699,558,309,854,130,557,804,181,754,567,236,494,611,507,516,444,119,128,505,494,516,500,694,311,771,410,126,596,695,676,523,0,605,421,854,498,790,671,529,464,679,144,630,526,476,678,661,406,622,533,517,487,525,531,730,854,877,572,31,789,316,407,706,490,678,525,120,761,195,758,521,234,114,236,516,297,147,791,541,579,512,177,453,124,526,417,762,125,311,692,854,601,173,512,746
416,414,669,368,504,299,876,414,956,738,260,363,543,612,563,539,604,607,443,701,573,727,556,664,197,402,617,294,638,767,517,370,503,357,515,514,470,0,344,956,201,474,482,432,571,223,376,737,229,583,275,205,707,164,409,513,190,333,635,723,956,422,889,483,488,815,514,767,70,785,333,728,317,457,754,223,523,376,539,701,402,313,490,417,706,388,539,84,362,229,669,317,371,416,354,956,629,369,215,347
446,578,642,883,736,792,647,398,944,532,657,897,290,826,665,462,713,698,607,609,545,516,274,598,593,616,593,787,400,795,501,51,696,852,746,686,164,704,0,944,597,860,741,629,555,776,233,721,625,567,771,758,597,717,633,617,586,625,620,879,944,979,661,118,888,425,498,795,591,769,625,517,858,624,848,620,458,56,462,609,386,51,769,641,646,612,286,552,43,625,642,859,52,400,849,944,822,167,611,839
502,754,774,1049,868,1070,894,619,180,838,833,1189,525,807,847,646,662,877,783,810,723,827,642,799,877,792,794,1065,708,863,628,849,877,1145,912,980,624,873,829,0,881,1030,907,805,576,962,634,730,998,588,1178,944,643,904,809,889,870,801,659,1174,180,1165,769,669,949,520,412,863,880,790,801,828,1044,940,835,904,732,853,646,810,607,804,935,817,611,788,681,846,843,998,774,1045,850,621,1142,180,624,652,895,1117
475,296,746,133,593,271,776,497,1025,821,100,383,628,598,449,628,691,494,325,588,457,784,601,553,8,289,500,266,700,661,598,455,392,329,404,603,559,122,429,1018,0,467,480,93,655,218,400,983,32,667,248,200,745,225,63,402,11,221,714,601,1018,409,781,477,372,692,596,662,133,791,221,785,374,493,651,25,517,375,599,584,483,337,374,71,598,275,597,145,361,32,655,374,370,497,299,1018,725,393,18,297
506,465,803,183,752,446,543,410,946,827,126,344,633,128,199,767,874,315,284,414,159,816,494,326,203,122,282,441,597,492,513,543,168,403,202,595,623,296,517,946,195,0,62,128,570,191,488,558,134,582,383,173,903,273,149,112,206,141,630,757,946,373,557,648,239,761,511,492,307,621,141,817,354,667,481,280,685,549,767,414,398,511,225,157,369,120,626,319,535,134,803,354,544,412,400,946,887,519,203,461
562,527,929,315,880,584,599,466,996,881,258,475,689,60,255,950,1004,371,253,470,215,870,550,382,335,254,338,579,652,548,569,665,224,534,171,865,674,428,645,996,327,109,0,260,626,327,544,619,266,638,509,309,957,405,281,168,338,273,685,870,996,500,613,718,208,814,567,548,439,677,273,871,485,797,537,414,858,669,950,470,454,642,194,289,218,252,675,451,659,266,929,485,666,468,531,996,1015,575,335,592
660,620,925,311,876,580,697,564,1072,1019,104,471,787,250,346,1053,1000,469,98,564,310,1014,648,476,331,52,432,575,743,642,665,661,315,530,16,861,772,424,641,1072,323,277,155,0,719,323,642,737,262,731,505,305,1059,401,93,259,334,85,786,866,1072,496,711,816,53,759,660,642,435,771,85,1015,481,793,631,410,808,665,1053,564,552,638,39,101,500,64,775,447,655,262,925,481,662,566,527,1072,1011,671,331,588
259,518,550,786,645,846,143,149,519,564,729,928,234,534,394,433,465,297,547,311,470,548,393,318,670,556,358,841,491,283,157,605,425,903,644,752,307,617,579,519,674,755,780,569,0,793,387,82,735,8,918,775,432,716,573,613,663,565,121,937,519,967,188,352,681,230,119,283,653,120,565,549,857,729,319,697,541,609,433,311,164,573,667,581,324,552,334,614,597,735,550,858,606,145,900,519,439,415,688,872
760,562,921,357,872,568,905,781,1312,1148,313,478,885,598,632,886,996,784,591,882,755,1143,886,843,327,362,799,563,980,949,879,657,601,537,648,719,752,420,637,1312,319,445,447,368,933,0,698,1031,284,945,512,106,1031,397,355,543,330,518,1005,873,1312,503,919,768,672,1012,875,949,431,1074,518,1144,488,789,935,406,804,661,886,882,769,634,674,363,842,573,873,443,651,284,921,488,658,783,534,1312,1007,691,327,595
193,430,667,771,532,609,420,131,687,178,509,651,316,748,469,607,741,516,459,404,330,167,10,393,409,468,388,604,241,568,229,100,500,669,630,508,93,477,156,687,413,741,622,481,286,530,0,446,441,298,583,513,604,459,485,424,402,477,352,711,687,715,434,124,702,449,225,568,393,520,477,168,608,247,671,436,487,162,607,404,119,102,704,493,560,464,310,356,172,441,667,608,99,133,666,687,845,35,427,640
485,776,748,1071,1013,1060,613,92,685,747,855,1148,338,768,822,635,665,606,805,664,680,736,621,758,885,814,753,1055,718,592,71,820,853,1124,932,978,545,815,801,685,889,1057,925,827,104,1012,615,0,917,116,1137,994,632,930,831,777,878,823,65,1164,685,1211,146,591,969,334,223,592,869,518,823,737,1073,956,628,912,596,824,635,664,107,799,955,839,558,810,438,832,814,917,748,1074,821,88,1121,685,634,646,903,1086
578,236,744,106,684,368,712,598,1107,897,31,296,705,346,407,700,801,445,265,544,416,886,703,489,36,78,445,363,797,622,698,466,367,398,100,657,565,219,440,1107,118,205,192,84,752,234,497,716,0,764,344,216,845,318,73,309,39,182,820,699,1107,325,726,578,332,831,694,622,230,751,182,887,306,590,611,48,618,472,700,544,586,434,334,81,596,76,695,242,458,180,744,306,467,600,395,1107,819,490,18,394
251,561,542,771,637,839,166,393,511,556,714,893,226,516,599,425,457,344,590,334,462,540,385,341,663,599,513,834,483,330,149,597,588,895,630,744,299,609,571,511,667,741,766,612,31,779,379,107,721,0,910,761,424,709,616,599,656,608,180,929,511,953,235,344,667,222,111,330,645,143,608,541,850,721,366,690,533,603,425,334,381,565,653,624,311,595,326,606,589,721,542,851,598,395,892,511,431,407,681,865
665,487,510,544,467,90,833,685,1106,869,370,87,739,777,675,714,589,712,516,811,682,858,790,769,307,514,725,85,884,877,783,505,620,126,626,255,587,307,479,1105,311,633,646,544,837,382,585,955,339,849,0,364,739,311,521,630,300,445,906,437,1105,88,847,600,599,942,779,877,318,1002,445,859,118,520,863,333,640,511,714,811,673,522,601,529,823,500,794,330,497,339,510,118,506,687,123,1105,606,578,325,131
837,639,1005,296,965,659,995,858,1395,1181,390,549,962,273,649,970,1079,869,668,968,839,1176,963,927,404,393,883,654,1057,1037,957,739,618,608,655,940,834,504,720,1395,396,452,311,399,1013,338,782,1121,361,1025,583,0,1115,474,432,560,407,602,1079,934,1395,574,1009,852,756,1094,957,1037,515,1163,602,1177,559,873,1024,490,888,743,970,968,846,720,758,440,843,391,952,527,735,361,1005,559,742,860,605,1395,1107,775,404,658
465,787,339,940,434,836,801,506,697,504,895,809,389,687,833,94,400,768,816,780,692,488,464,769,660,868,764,831,620,754,556,357,864,784,980,633,303,756,331,697,664,905,936,838,452,776,398,658,692,464,799,758,0,706,875,766,653,799,587,818,697,968,659,348,953,447,310,754,642,680,799,489,847,316,814,685,351,361,94,780,494,355,953,881,475,852,309,601,347,690,337,846,356,508,779,695,592,427,676,860
629,403,780,417,732,417,895,649,1175,961,374,306,756,659,592,744,852,639,432,729,601,956,754,688,175,431,644,412,848,797,747,515,536,447,543,705,614,268,489,1175,167,506,519,461,801,256,546,891,199,813,309,238,889,0,230,604,178,362,870,746,1175,443,909,625,516,883,743,797,279,922,362,957,260,639,783,252,662,521,744,729,637,483,518,238,899,417,744,291,507,199,780,260,516,651,444,1175,867,539,185,450
509,132,824,433,769,553,428,413,949,830,141,601,636,412,269,788,893,307,161,406,276,819,497,329,430,110,285,548,600,484,516,564,214,584,219,754,626,317,538,949,434,400,281,140,573,477,491,550,172,585,527,460,907,406,0,224,423,42,511,864,949,664,442,670,192,621,514,484,328,613,42,820,555,688,473,457,706,570,788,406,401,532,194,8,420,96,629,340,556,172,824,555,565,415,581,949,904,522,448,586
430,390,894,287,715,516,463,333,873,750,230,447,557,391,115,826,859,247,419,346,104,739,417,250,383,179,206,511,518,424,436,497,84,547,143,687,548,250,471,873,299,253,315,232,493,299,411,490,238,505,490,281,831,377,253,0,376,522,555,834,873,472,477,594,180,545,434,424,261,553,522,740,457,621,413,410,735,503,826,346,321,465,166,261,360,224,552,273,489,238,894,457,498,335,544,873,827,440,307,549
684,220,670,140,600,283,721,588,1098,1055,107,431,810,513,405,614,721,447,249,542,415,1050,672,498,7,249,454,278,766,620,689,380,350,313,358,575,479,133,354,1098,11,474,487,279,743,225,411,718,39,755,259,207,759,236,256,360,0,181,810,612,1098,412,735,492,331,788,685,620,144,749,181,1051,385,504,609,73,532,386,614,542,576,348,333,264,556,235,798,156,372,39,670,385,381,590,310,1098,735,404,25,308
488,120,907,155,857,670,410,392,928,809,66,376,615,400,251,881,981,289,149,388,258,798,476,308,537,35,264,665,579,466,495,643,196,700,201,842,606,405,623,928,208,388,269,65,552,196,470,532,97,564,649,178,887,513,42,206,530,0,493,968,928,401,424,651,174,601,493,466,416,595,180,799,386,775,455,564,791,647,882,388,380,620,176,50,402,21,609,428,637,97,907,386,644,394,697,928,992,501,155,694
350,462,756,801,865,764,131,119,692,641,541,800,319,638,364,645,675,280,491,281,362,630,486,288,641,500,328,759,589,266,98,693,395,790,662,850,404,509,674,692,645,771,653,513,39,686,480,52,673,51,744,668,642,617,517,457,634,509,0,1035,692,872,145,450,699,315,204,266,520,108,509,631,757,826,302,668,577,697,645,281,134,671,685,525,445,496,419,712,687,673,756,758,694,115,787,692,644,511,659,789
582,861,460,964,417,423,859,602,1118,815,919,434,709,1151,888,666,540,926,890,835,749,805,707,824,683,891,819,418,801,1096,702,455,919,135,1003,80,537,779,429,1118,687,1083,1055,921,756,800,502,907,715,768,426,782,694,730,898,843,676,822,824,0,1118,739,873,550,976,897,698,1096,667,978,822,806,513,470,1084,710,590,461,666,835,590,439,978,906,814,877,695,628,447,715,460,513,456,604,132,1118,556,495,701,450
524,811,717,1030,812,1097,878,667,180,786,890,1185,482,782,861,603,633,825,840,804,716,775,660,793,924,849,788,1092,755,811,613,857,888,1161,891,1015,584,855,838,180,928,1009,1027,862,509,1056,654,715,980,521,1174,1038,600,969,866,861,917,858,644,1201,0,1219,716,629,928,478,367,811,908,737,858,776,1113,992,847,951,704,861,603,804,655,836,914,874,572,845,582,871,851,980,717,1114,858,669,1158,180,602,683,942,1122
812,619,756,609,713,331,963,832,1369,1167,565,72,949,842,804,952,832,842,649,942,813,1167,938,901,378,645,857,326,1032,1010,931,743,836,347,757,484,838,478,724,1370,370,698,711,675,986,447,756,1091,536,998,34,430,979,385,433,796,381,576,1054,659,1370,0,978,839,730,1204,930,1010,489,1137,576,1168,102,768,997,464,875,747,955,942,821,692,732,441,956,631,942,501,737,536,759,102,744,835,344,1370,851,749,388,352
390,439,854,780,757,741,79,168,668,722,518,778,368,615,341,552,582,202,468,258,339,711,379,265,618,477,305,736,478,188,147,593,372,767,639,739,508,486,567,668,622,750,631,490,87,663,373,101,650,91,721,645,549,594,494,434,611,486,140,924,668,849,0,554,676,364,253,188,497,56,486,712,735,717,224,645,655,599,552,258,183,561,662,502,422,473,512,509,585,650,854,736,594,164,764,668,551,401,636,766
335,614,388,783,483,692,595,348,729,98,693,737,213,890,654,170,469,691,643,575,516,87,159,564,501,652,559,687,148,743,451,73,685,649,770,485,31,597,137,729,505,879,763,665,508,621,172,670,533,520,663,604,318,550,669,608,494,640,570,687,729,806,609,0,794,259,449,743,483,736,640,88,694,167,842,528,91,82,170,579,336,85,796,681,512,652,136,444,92,533,388,695,72,350,646,729,570,201,519,717
802,229,943,329,894,601,497,707,1034,1206,85,494,927,434,324,908,1018,362,49,461,467,1201,789,492,131,40,517,596,883,539,625,679,355,553,31,879,912,442,659,1034,127,295,357,53,623,339,783,623,116,600,528,321,896,419,75,408,134,67,584,886,1034,519,515,790,0,910,801,539,453,668,67,1202,504,811,528,134,826,683,908,461,695,656,6,83,475,52,917,465,673,116,943,504,680,709,550,1034,1027,811,134,610
323,642,524,937,619,914,694,466,717,530,721,997,119,695,688,400,603,645,671,610,550,514,459,599,739,680,594,909,562,631,419,563,720,972,798,823,354,686,537,717,743,907,791,693,324,852,424,521,771,336,986,834,399,782,697,643,732,689,450,1007,717,1050,536,338,835,0,180,631,723,557,689,515,928,524,667,766,236,569,400,610,454,563,821,705,485,676,88,686,555,771,524,929,564,468,969,717,703,484,757,940
154,458,564,797,671,742,375,296,480,452,537,790,115,515,499,427,456,397,487,432,358,436,288,421,557,496,416,737,382,383,100,498,530,795,658,644,202,505,472,480,561,767,649,509,75,675,282,202,589,87,810,657,424,606,513,453,550,505,131,828,480,861,288,246,850,113,0,383,539,309,505,437,747,622,419,584,366,504,427,432,284,466,681,521,310,492,213,500,490,589,564,748,499,298,792,480,426,310,575,768
503,264,649,595,744,687,242,407,687,824,343,721,478,579,215,539,564,14,293,126,279,813,491,133,558,302,228,682,594,180,371,663,246,715,451,863,620,426,643,687,562,562,443,315,322,605,485,364,546,326,666,588,536,534,319,548,551,311,325,986,687,774,98,664,488,474,363,0,437,285,311,814,678,795,144,585,642,667,539,126,395,640,473,327,122,298,588,449,657,545,649,679,664,409,712,687,533,516,576,710
386,251,572,375,494,279,762,407,937,718,148,339,513,560,445,516,615,492,280,582,454,707,513,541,85,287,497,274,616,660,510,285,390,309,396,470,380,17,259,937,89,464,477,317,567,215,316,726,117,579,255,197,662,144,294,400,78,219,627,611,937,402,776,394,369,647,508,660,0,789,219,708,293,409,649,111,434,291,516,582,395,253,371,302,596,273,508,56,277,117,572,293,286,409,306,937,633,309,103,305
361,410,823,752,733,714,577,313,803,696,489,751,433,586,312,756,793,500,439,229,310,685,350,236,589,448,276,709,448,486,253,562,343,742,610,709,477,457,536,803,593,721,602,461,246,636,344,246,621,258,694,618,761,565,465,404,582,457,207,893,803,821,175,523,647,429,318,486,468,0,457,686,708,686,475,616,664,568,756,229,254,530,633,473,393,444,481,480,554,621,823,709,563,309,739,803,761,372,607,738
488,120,907,155,857,670,410,392,928,809,66,376,615,400,251,882,981,289,149,388,258,798,476,308,537,35,264,665,579,466,495,643,196,700,201,842,606,405,623,928,208,388,269,65,552,196,470,532,97,564,649,178,887,513,42,206,530,180,493,968,928,401,424,651,174,601,493,466,416,595,0,799,386,775,455,564,791,647,882,388,380,620,176,50,402,21,609,428,637,97,907,386,644,394,697,928,992,501,155,694
432,617,339,717,285,634,721,452,824,2,673,674,448,893,802,279,456,840,646,705,810,1,558,694,434,642,689,629,660,1007,555,89,833,586,754,420,114,530,208,824,438,806,819,672,612,555,142,766,466,624,607,538,428,484,649,757,427,573,672,631,824,740,735,159,727,559,553,1007,416,839,573,0,631,102,994,461,200,29,279,705,440,50,729,657,616,628,368,379,39,466,339,632,88,454,583,824,426,135,452,660
813,531,648,527,605,225,875,834,1263,1044,483,43,843,760,715,846,726,754,560,852,724,1039,939,812,296,556,768,220,1033,919,932,634,746,240,668,370,729,389,614,1263,288,616,629,586,987,365,796,999,454,999,73,347,869,304,351,713,299,487,1055,550,1263,166,889,728,641,1075,931,919,400,1044,487,1040,0,657,905,375,764,638,846,852,822,693,643,359,863,542,831,412,628,454,648,0,635,836,237,1263,740,750,306,246
337,532,413,632,370,547,625,359,895,682,588,594,462,865,716,534,493,755,561,609,725,671,465,598,349,557,593,542,568,920,462,307,747,520,669,354,402,445,281,895,353,721,734,587,519,470,338,681,381,531,521,453,680,399,564,672,342,488,581,567,895,657,639,412,642,596,460,920,333,747,488,672,548,0,906,376,452,313,534,609,347,275,644,572,738,543,457,296,299,381,413,548,308,361,517,895,509,331,367,582
765,438,897,568,995,828,454,582,927,1044,511,722,729,306,120,770,812,328,467,339,446,1039,666,370,596,507,395,823,761,451,583,823,382,780,424,949,788,593,804,927,588,535,560,513,579,580,660,576,519,583,756,563,775,658,493,393,599,485,537,1105,927,747,468,832,461,717,617,451,604,585,485,1040,732,959,0,682,881,827,770,339,570,802,447,501,105,505,831,616,817,519,897,732,824,584,777,927,780,689,589,830
625,188,684,394,614,297,662,529,1042,957,107,445,752,473,359,628,735,397,217,496,368,952,613,441,29,202,397,292,711,574,632,394,304,327,311,588,737,147,368,1042,25,456,337,232,687,234,607,672,48,699,273,216,773,250,209,314,32,134,751,629,1042,421,676,506,284,730,628,574,158,703,134,952,399,518,563,0,546,400,628,496,517,362,286,217,510,188,739,170,386,48,684,399,395,531,324,1042,749,638,34,322
395,670,346,970,441,865,654,406,682,310,925,839,198,946,714,229,431,753,699,638,578,299,333,627,690,708,622,860,430,802,509,388,745,814,826,663,136,786,362,682,694,935,819,721,566,806,230,723,722,578,829,788,377,736,725,670,683,829,626,847,682,1003,668,120,983,225,295,802,674,794,829,300,877,348,904,717,0,294,229,638,394,388,985,733,464,704,118,635,380,722,346,878,389,408,811,682,527,259,708,891
349,599,316,699,268,616,609,362,898,16,655,656,234,932,784,256,433,822,628,593,533,21,219,582,416,624,577,611,384,757,465,25,815,572,736,406,109,512,185,898,420,788,801,654,522,537,186,684,448,534,593,520,405,466,631,739,409,555,584,618,898,722,623,62,709,367,463,757,399,750,555,20,613,85,975,443,177,0,256,593,350,33,711,639,601,610,229,362,10,448,316,614,24,364,569,898,495,111,434,645
416,727,295,887,390,784,717,469,652,376,842,757,288,642,773,180,346,723,756,701,633,360,391,690,604,812,685,779,493,709,511,303,804,732,924,578,202,700,277,652,608,1008,876,778,407,723,280,613,636,419,747,705,213,654,819,721,597,743,542,769,652,909,731,246,897,346,265,709,586,635,743,361,794,262,745,631,246,309,0,701,457,303,899,827,432,798,208,547,295,636,295,795,304,471,729,650,549,309,622,809
409,154,857,455,768,586,253,296,749,725,233,617,530,439,132,608,633,87,183,180,169,702,380,17,492,209,83,589,481,223,383,563,165,616,355,791,521,348,537,749,496,435,328,205,373,484,410,374,417,391,568,467,592,465,226,428,485,218,336,980,748,682,267,564,779,508,397,222,359,351,218,703,612,727,211,518,665,597,595,0,291,571,781,234,210,205,529,372,583,417,886,613,592,305,613,748,612,441,510,619
211,528,718,839,670,819,396,12,596,550,607,832,248,817,581,520,586,558,557,446,445,534,315,535,739,566,525,814,407,544,137,560,612,805,736,659,317,596,534,596,743,814,709,579,188,736,309,369,771,200,822,718,517,669,583,535,732,575,254,839,596,973,410,360,1026,244,133,544,597,408,575,535,810,696,580,765,448,566,520,446,0,540,1028,591,465,562,325,558,552,771,718,811,561,14,802,596,543,335,757,838
423,611,398,713,298,661,661,422,819,98,693,707,289,876,844,275,491,878,640,678,830,87,108,667,459,662,657,656,99,1066,520,53,875,615,773,449,149,562,49,819,463,820,828,692,569,588,102,748,491,581,634,571,424,520,669,799,452,594,637,652,819,812,675,163,746,433,516,1066,447,786,594,88,664,129,1054,485,196,59,275,678,410,0,748,677,622,648,289,408,45,491,398,665,54,424,612,819,515,96,477,682
811,220,951,327,902,606,501,708,1041,1192,79,535,929,444,317,922,1061,351,41,456,444,1187,817,447,125,34,513,601,894,546,633,685,348,582,25,897,919,454,666,1041,121,295,359,47,627,342,811,625,110,711,555,324,896,422,67,396,128,59,588,981,1041,546,515,811,7,904,793,546,465,673,59,1188,545,831,535,128,840,689,922,456,696,676,0,75,644,46,924,478,679,110,951,545,686,710,579,1041,1031,834,128,621
529,120,818,415,769,546,523,423,947,821,142,614,650,385,281,926,930,315,149,420,278,810,537,332,445,111,287,541,636,510,521,567,226,567,219,767,640,324,541,947,449,384,277,141,570,488,531,581,173,582,520,471,930,420,118,236,438,44,637,939,947,628,537,683,192,787,517,510,335,637,44,811,569,703,499,471,712,573,926,420,411,547,194,0,426,97,645,348,559,173,818,569,568,425,564,947,900,562,463,574
553,315,783,493,949,727,318,447,820,845,436,691,674,307,141,665,728,189,344,206,340,834,561,197,636,353,263,722,656,300,450,721,300,744,382,933,664,492,702,820,516,462,487,366,442,511,555,440,444,417,711,494,668,590,370,310,629,362,403,1110,820,702,332,707,408,811,541,300,503,429,362,835,701,867,289,662,705,725,665,206,435,712,401,378,0,349,667,516,715,444,783,701,722,449,741,820,690,586,517,748
470,98,880,134,831,629,393,364,894,762,45,389,591,363,230,871,990,264,127,369,231,751,478,273,152,14,228,624,581,459,462,620,175,648,61,826,582,383,598,894,187,220,162,44,511,178,472,517,76,523,409,160,875,275,29,185,155,21,480,1009,894,400,407,625,145,569,458,459,394,586,21,752,399,761,448,150,723,624,871,369,352,606,47,37,375,0,590,407,614,76,880,399,621,366,645,894,962,503,134,650
367,655,404,860,493,891,583,491,620,458,803,858,80,612,687,311,483,591,684,633,579,442,491,669,706,693,659,886,594,577,308,409,676,831,757,685,248,809,383,620,710,835,863,706,283,825,357,410,738,295,848,807,310,758,710,688,699,841,339,865,620,1076,482,232,993,90,207,577,696,503,841,443,899,370,613,732,93,415,311,633,479,409,995,718,413,689,0,657,401,738,404,900,410,493,828,620,521,387,724,912
351,261,464,379,415,320,771,322,856,672,352,383,472,557,504,461,573,547,290,642,490,661,461,583,123,321,538,315,564,727,420,225,448,343,431,408,331,226,199,856,127,486,494,351,469,256,268,656,155,481,296,238,609,188,328,458,116,254,539,617,856,496,785,345,404,527,416,727,113,686,254,662,337,361,713,148,377,231,459,642,310,205,406,336,649,307,471,0,217,155,464,337,226,324,340,856,547,261,141,343
377,551,366,653,241,605,615,376,906,6,633,652,242,834,784,243,459,818,580,632,531,11,232,621,399,602,611,600,393,1003,474,8,815,558,714,392,122,503,180,906,404,761,769,633,523,529,204,705,432,535,580,512,392,461,610,740,393,535,593,603,906,753,629,131,687,386,470,1004,388,740,535,10,610,72,991,426,164,13,243,632,364,22,689,618,595,589,242,351,0,432,366,610,9,378,555,906,378,124,418,631
598,308,727,106,678,366,815,567,1091,889,31,327,718,364,550,704,834,593,337,688,536,878,703,629,36,78,584,361,780,768,664,467,354,388,103,667,577,224,441,1091,118,217,192,84,710,234,510,858,180,722,342,216,849,321,73,295,39,299,784,771,1091,340,829,590,450,763,658,768,235,891,299,879,337,603,754,48,622,473,704,688,555,447,452,81,584,76,711,248,459,0,727,337,468,569,385,1091,809,503,18,396
552,749,180,858,158,791,760,485,821,486,838,895,432,1011,988,303,438,1034,778,784,681,470,446,773,604,807,763,786,600,1209,690,307,1020,868,918,722,268,707,281,821,608,969,973,837,582,731,380,784,636,594,885,713,451,664,814,944,597,739,716,902,821,968,774,202,891,492,450,1209,592,799,739,471,805,266,1197,630,224,313,303,784,473,307,893,822,621,793,352,553,299,636,0,806,308,487,865,821,495,410,622,813
811,493,599,490,550,210,889,778,1213,998,482,45,823,752,726,799,707,760,522,864,712,993,917,806,298,544,761,205,994,944,869,621,757,242,655,441,716,396,599,1213,290,597,605,574,915,365,786,1014,322,927,74,348,821,308,551,644,301,476,995,620,1213,167,903,713,628,974,863,944,407,1067,476,994,0,640,930,367,742,625,799,864,766,665,630,559,871,530,854,420,615,322,599,0,622,780,239,1213,682,722,308,231
394,624,449,736,320,680,632,393,917,85,716,732,258,889,684,323,536,718,653,649,548,74,249,638,482,685,628,675,413,902,491,0,715,636,796,470,139,585,260,917,486,843,781,715,540,611,221,720,514,552,653,594,471,543,692,638,475,617,610,668,917,835,646,92,769,402,487,902,470,757,617,75,689,151,888,508,244,30,323,649,381,67,771,700,649,671,258,431,79,514,449,690,0,395,633,917,452,124,500,701
225,542,730,853,689,833,343,4,610,564,621,851,262,831,595,534,600,505,571,391,459,548,329,398,754,580,539,828,426,491,61,579,626,824,750,678,331,611,553,610,758,828,723,593,202,749,323,239,786,214,841,731,531,682,597,549,747,589,201,858,610,1001,357,374,1041,258,147,491,615,422,589,549,823,715,527,780,462,585,534,391,14,559,1043,605,479,576,339,576,571,786,730,824,580,0,821,610,557,349,772,853
745,565,528,614,479,139,961,711,1143,901,647,163,768,843,798,732,636,832,594,936,784,890,851,878,413,616,833,134,928,1017,802,554,829,5,727,370,636,434,528,1143,417,721,729,646,848,489,658,1086,445,860,155,472,754,421,623,753,406,548,929,551,1143,494,975,647,700,907,796,1017,445,1142,548,891,170,569,1005,439,676,560,732,936,699,595,702,631,943,602,787,458,546,445,528,170,555,713,0,1143,611,651,431,160
511,800,715,1024,804,1089,870,634,180,754,879,1137,483,781,851,596,662,805,829,825,722,743,635,814,905,838,804,1084,718,791,611,858,840,1113,921,969,574,860,839,180,909,1010,1026,851,500,1036,629,707,974,512,1126,1018,593,957,855,853,898,847,639,1151,180,1245,696,617,947,479,368,791,895,717,847,744,1104,1004,827,931,638,862,596,825,622,849,940,863,582,834,583,858,852,974,715,1105,859,636,1110,0,619,658,923,1110
485,774,249,978,338,854,847,609,723,553,966,614,448,720,793,308,161,736,803,799,696,537,609,788,732,935,778,849,696,765,585,438,782,584,1046,418,395,835,412,723,736,941,968,825,474,851,447,684,764,486,606,833,336,784,942,795,725,867,616,625,723,999,670,333,1019,485,342,765,722,691,867,538,925,399,827,758,375,444,308,799,597,438,1021,950,521,921,368,685,430,764,249,926,439,611,581,723,0,477,750,887
218,429,491,638,442,590,430,153,703,165,508,637,335,736,482,633,599,525,458,449,347,154,46,438,384,467,428,585,174,708,251,93,513,600,698,434,84,487,144,703,388,735,628,480,301,513,35,487,416,313,564,496,630,445,484,436,377,519,370,637,703,737,444,110,671,477,247,708,373,521,519,155,594,231,694,410,299,149,633,449,141,96,673,492,573,463,334,336,159,416,491,594,92,155,597,703,574,0,402,618
568,198,697,119,648,336,675,537,1057,859,49,486,688,592,410,674,804,453,227,549,400,848,675,479,22,233,434,331,752,639,635,437,354,358,341,638,547,194,411,1057,18,432,440,102,681,204,480,734,18,693,312,186,819,291,72,479,25,166,754,742,1057,443,689,560,314,734,629,639,205,766,166,849,440,573,629,34,592,443,674,550,525,417,316,80,556,219,681,218,429,18,697,440,438,539,355,1057,779,473,0,363
584,771,372,875,323,102,853,553,975,758,860,156,704,1033,1010,587,482,1056,800,881,997,747,689,870,626,829,860,97,766,1231,651,399,1042,525,940,164,481,729,373,975,630,993,990,859,697,748,491,873,658,709,104,730,615,681,836,966,619,761,770,342,975,918,867,494,913,774,645,1231,614,911,761,748,742,414,1219,652,526,405,587,881,541,428,915,844,758,815,654,575,391,658,372,742,400,555,522,975,455,484,644,0
