0,1793,1905,3102,3038,3419,1878,707,4066,1429,2454,3640,923,2892,2324,1966,2602,2630,2043,2142,1772,1367,533,2034,2324,2116,1689,3373,1060,2704,1178,1733,2253,3290,3158,2316,870,2341,1623,4066,2360,2670,2716,2224,1498,2961,514,1571,2594,1598,3487,3002,1886,2627,2257,2172,2270,2650,1302,3209,4066,4681,1988,1114,3059,1493,1021,2704,1980,2892,2650,1379,3416,1777,2783,2339,1459,1328,1966,2142,598,1516,3069,2326,4350,2082,1024,1706,1691,2594,1905,3417,1736,722,3269,4066,2751,649,2477,3677
2115,0,3721,1054,4458,2799,2104,2013,5371,3245,661,3036,2739,1830,1269,3633,4844,1575,250,1477,710,3183,2245,1549,1139,323,912,2753,2772,1649,2484,3153,1036,3027,153,3736,2685,1691,3043,5371,1206,1111,1654,431,2804,1264,2226,2257,918,2904,3036,1305,3701,1978,464,1116,1164,398,2370,4495,5371,2984,2214,2930,55,3165,2327,1649,1736,2754,398,3195,3024,3197,1727,1141,3275,3169,3633,1477,1903,2936,65,533,1896,289,2840,1911,3111,918,3721,3023,3156,2028,3005,5371,5203,2361,989,3058
2181,3220,0,3738,538,4055,3304,2093,5387,2064,3488,4219,2165,4319,3750,1263,1689,4057,3469,3569,3199,2002,2285,3461,2961,3624,3115,4009,2813,4131,3320,1421,3680,3852,3794,2878,1184,2977,1311,5387,2996,3992,4224,3882,3453,3597,1682,3526,3231,3553,4049,3639,1667,3264,3677,3598,2907,3286,2687,3771,5387,5318,3414,916,3696,2196,2976,4131,2616,4848,3286,2014,4052,1465,4209,2975,1021,1437,1263,3569,1983,1473,3706,3746,5581,3502,1727,2343,1379,3231,0,4054,1424,2107,3831,5387,1719,1952,3114,4314
3004,1692,3504,0,3681,2022,3011,2915,6274,4134,637,1539,3628,1344,1561,3416,4067,2537,1942,2439,1672,4072,3134,2215,635,894,1874,1976,3661,2611,3386,2376,1313,2250,1247,3058,2992,914,2266,6274,579,634,742,956,3706,860,2807,3164,403,3806,1925,901,3820,526,986,1040,660,1224,3510,3718,6274,2580,3121,2936,1633,4198,3229,2611,959,3715,1224,4084,1315,2420,2689,912,3174,2392,3416,2439,2806,2159,1643,1055,1648,876,3729,1134,2334,403,3504,1316,2379,2930,2228,6274,4426,2727,484,2281
3632,4928,668,4039,0,4356,4293,3801,5560,2365,3789,3555,2745,6595,6655,2119,926,5579,5177,5277,4907,2303,4019,5169,3262,3925,4824,4310,4547,5486,3493,1722,6568,3189,4095,2214,1484,3278,1612,5560,3297,6698,6745,4183,3626,3898,1983,3699,3532,3726,3385,3940,2380,3565,3978,6616,3208,3587,3557,3107,5560,5619,4883,1217,3997,2775,3149,5486,2917,5020,3587,2315,4353,1766,5606,3276,1322,1738,2119,5277,3691,1774,4007,4047,5754,3803,2307,2644,1680,3532,668,4355,1725,3815,3167,5560,746,2253,3415,4615
3236,2309,2751,2292,2453,0,4317,3147,8013,4044,2042,683,3200,3256,2847,3243,2839,3153,2559,3055,2288,3981,3365,3127,1515,2178,2490,46,3893,3227,3618,2202,2776,645,2348,1088,2819,1531,2093,8013,1550,2546,2778,2436,3938,2151,3038,4010,1785,4037,431,2193,3647,1818,2231,2694,1461,1840,3742,1749,8013,651,4428,2763,2249,4175,3461,3227,1576,5332,1840,3994,819,2247,3305,1529,3001,2219,3243,3055,3037,2390,2260,2300,3474,2055,3706,1750,2160,1785,2751,820,2205,3161,623,8013,3199,2958,1668,311
2763,1969,5294,3255,5639,4037,0,1570,4067,4150,2630,4229,2862,2745,1731,3520,5259,1035,2218,1458,1948,4088,3150,1724,2913,2292,1857,3991,3678,942,1388,4350,1973,4264,2971,6498,3591,2929,4240,4067,2948,2845,2892,2399,830,3549,3131,1080,3397,868,3939,3591,3440,3216,2433,2764,2859,2367,1192,7391,4067,5270,149,3835,3093,3118,2280,942,2974,1249,2367,4100,4004,4710,1062,2927,3532,4049,3520,1458,2822,4133,3059,2502,1904,2257,3367,3148,4308,3397,5294,4006,4353,1530,4243,4067,5290,3267,3066,4296
1110,1873,2440,3159,3469,3850,1231,0,3672,1964,2534,4072,1209,2972,2078,3247,4986,2227,2122,1721,1852,1902,964,1774,2755,2196,1769,3804,1492,2135,553,2164,2333,3721,2875,2747,1405,2772,2054,3672,2791,2749,2796,2303,1104,3392,945,1177,3026,1204,3752,3433,3167,3059,2337,2252,2702,2271,749,3640,3672,5112,1341,1649,3490,1465,627,2135,2411,2499,2271,1914,3847,2208,2254,2770,1821,2180,3247,1721,110,1947,2963,2406,3957,2161,1559,2138,2122,3026,2440,3848,2167,39,3700,3672,5017,1081,2909,4108
3541,4837,6202,6124,6547,6814,4202,3710,0,5237,5498,7052,3641,6697,5368,4428,6167,5488,5087,5186,4816,5175,3928,5078,5720,5161,4733,6768,4456,5396,3402,5129,5298,6686,5840,5712,4369,5798,5019,0,5755,5714,5761,5268,3535,6418,3910,3608,6265,3635,6882,6459,4348,6084,5301,6718,5666,5235,3467,6605,0,8138,4793,4614,5962,3896,3058,5396,5375,4930,5235,5187,6873,5173,7627,5734,4441,5145,4428,5186,3601,4912,5928,5370,5856,5126,4275,5102,5087,6265,6202,6874,5132,3725,6664,0,6198,4045,5873,7073
1888,2645,1439,2628,1615,2945,2969,1799,5475,0,2378,3167,2253,3744,3183,1351,2136,3489,2895,3234,2624,41,2017,3126,1851,2514,2780,2899,2544,3563,2270,508,3112,2817,2684,1842,717,1867,614,5475,1886,2882,3114,2772,2589,2487,971,2662,2121,2689,2847,2528,1755,2154,2567,3030,1797,2176,2393,2735,5475,4207,3079,871,2585,2283,3064,3563,1506,3984,2176,28,2942,355,3641,1865,1109,89,1351,3234,1689,187,2596,2636,5669,2391,1815,1233,147,2121,1439,2943,505,1813,2795,5475,2285,891,2004,3204
2261,877,3444,496,3620,1962,2249,2158,5517,3391,0,2479,2884,1412,1414,3356,4006,1721,1126,1623,856,3328,2390,1695,452,391,1058,1916,2918,1795,2630,2316,1182,2189,584,2898,2831,854,2206,5517,519,702,941,452,2949,799,2371,2403,257,3049,1864,840,3760,1141,461,1108,477,543,2515,3658,5517,2427,2360,2876,706,3310,2472,1795,899,2899,543,3341,2467,2360,1873,454,3114,2332,3356,1623,2049,2098,672,530,2041,373,2985,1073,2274,257,3444,2466,2319,2173,2168,5517,4366,2507,301,2220
3762,2610,3277,2593,2980,720,3983,3674,8540,4549,2343,0,3727,3557,3148,3769,3366,3454,2860,3357,2589,4508,3892,3132,1816,2479,2792,674,4419,3528,4145,2729,3077,1022,2649,1615,3312,1832,2619,8540,1851,2847,3079,2737,4464,2452,3631,4537,2086,4564,466,2494,4173,1177,2532,2996,1762,2141,4268,2275,8540,521,4093,3289,2551,4702,3987,3528,1877,4633,2141,4521,429,2773,3606,1830,3527,2745,3769,3357,3564,2917,2561,2601,3775,2357,4233,2051,2687,2086,3277,430,2732,3688,1000,8540,3726,3485,1969,838
1125,2422,1720,3708,2065,4351,1787,1295,3687,1245,3083,4589,0,3521,2952,1632,2417,3072,2671,2771,2401,1182,1465,2663,3257,2745,2317,4305,1993,2980,987,1256,2882,4223,3424,3248,685,3382,1716,3687,3292,3298,3345,2852,1119,4002,862,1192,3527,1219,4419,4043,1701,3669,2885,2800,3203,2819,1051,4141,3687,5722,2377,929,3546,582,582,2980,2912,2514,2819,1195,4457,1870,3100,3271,938,1143,1632,2771,1185,1365,3512,2954,3972,2710,839,2639,1202,3527,1720,4458,1253,1309,4201,3687,2567,1132,3410,4610
2730,2037,4335,1205,5085,3273,2278,2627,6522,3837,1496,3347,3353,0,1395,5976,7715,1750,1455,1711,1337,3797,2859,1783,1886,1567,1527,3227,3386,1819,3098,3780,1146,3566,1080,4363,3300,2319,3671,6522,1830,955,769,1629,4001,1130,2840,2432,1506,4039,3347,1616,5895,1776,1786,873,1910,1720,2544,5049,6522,3295,2389,3544,1202,3779,2941,1819,2363,3071,1720,3809,3335,3824,1897,2163,5988,3796,5976,1711,2517,3563,1168,1855,940,1549,3454,2538,3738,1506,4335,3334,3783,2642,3545,6522,7745,2975,1735,3611
2161,1073,3766,1566,4516,2858,1382,2058,5488,3290,1698,3548,2784,1587,0,4941,6680,853,1322,756,768,3228,2290,828,1733,1396,960,2812,2817,927,1858,3211,249,3085,1282,3794,2731,1750,3102,5488,1769,1156,1203,1503,1984,1776,2271,1535,1708,2212,2760,1817,4860,2036,1536,518,1679,1470,1648,4554,5488,3496,1492,2975,1404,3210,2372,927,1794,2032,1470,3240,3536,3256,1006,1748,3320,3228,4941,756,1949,2994,1370,1605,789,1361,2885,1969,3169,1708,3766,3535,3214,2073,3063,5488,6711,2407,1936,3116
2758,2839,1047,3721,1392,4038,2924,1712,4685,1684,3471,4337,1160,5721,3370,0,1995,3677,3089,3188,2819,1622,1905,3081,2944,3163,2735,3992,2433,4612,2619,1404,3300,3970,3777,2996,1089,2960,1294,4685,2979,3716,3763,3270,2752,3580,1301,2824,3214,2852,4167,3622,662,3247,3660,5742,2890,3269,2683,3889,4685,5300,3034,1334,3678,1191,2275,4612,2599,4146,3269,1634,4035,1448,3829,2958,888,1420,0,3188,1603,1456,3689,3729,4880,3484,722,2326,1362,3214,1047,4036,1407,1727,3948,4685,1837,1572,3097,4297
4098,5394,1160,4245,1505,4213,4759,4267,6026,2857,3994,3305,3211,7061,7121,2585,0,7278,5643,5743,5373,2794,4485,5635,3467,4130,5290,4167,5013,5952,3959,2213,7034,2938,7289,1964,1976,3483,2103,6026,3502,7164,7211,5824,4092,4104,2474,4165,3737,4192,3135,4145,2846,3770,4183,7082,3413,3793,4023,2857,6026,5196,5349,1708,4202,3241,3615,5952,3122,5486,3793,2807,5236,2257,7426,3481,1813,2229,2585,5743,4157,2266,4212,4252,6220,4008,2773,2849,2171,3737,1160,5235,2216,4281,2917,6026,441,2744,3620,4471
2281,934,6190,2220,4661,3002,1027,2178,4963,3411,1595,3194,2904,2033,687,4416,6155,0,1183,477,913,3348,2410,689,1878,1257,822,2956,2938,83,1503,3356,935,3230,1936,3939,2851,1894,3246,4963,1913,1810,1857,1364,2442,2514,2391,1180,2362,1459,2904,2556,4336,2181,1398,1729,1824,1332,1292,4698,4963,4150,739,3096,2058,4014,3176,83,1939,1507,1332,3361,2969,3400,481,1892,4429,3372,4416,477,2069,3139,2024,1467,996,1222,3005,2114,3314,2362,6190,2971,3359,2193,3208,4963,6186,2527,2031,3261
1866,481,3471,804,4208,2550,1854,1763,5122,2996,412,2786,2489,1581,1019,3383,4594,1326,0,1228,461,2933,1995,1300,890,162,663,2504,2523,1400,2234,2903,787,2777,430,3486,2436,1442,2794,5122,957,862,1405,419,2554,1014,1976,2007,669,2654,2786,1055,3452,1728,214,867,915,148,2120,4246,5122,2734,1964,2681,422,2915,2077,1400,1487,2504,148,2946,2775,2948,1478,891,3025,2920,3383,1228,1654,2686,432,283,1646,39,2590,1661,2862,669,3471,2774,2907,1778,2755,5122,4954,2112,739,2808
2049,702,3654,1988,4429,2771,1054,1947,5284,3179,1363,2962,2672,1802,660,4737,6476,600,952,0,681,3117,2179,156,1646,1025,442,2724,2706,723,1530,3124,909,2998,1704,3707,2619,1663,3014,5284,1681,1579,1626,1133,1656,2283,2160,1207,2130,1884,2673,2324,4657,1949,1166,1497,1592,1100,1320,4467,5284,4003,1164,2864,1826,3099,2261,723,1707,1828,1100,3129,2738,3168,802,1661,3209,3140,4737,0,1837,2907,1793,1235,970,991,2774,1882,3082,2130,3654,2739,3127,1961,2976,5284,6507,2295,1799,3029
1605,220,3571,1507,3748,2089,1539,1502,4861,2735,882,2281,2228,1320,758,3122,4134,1065,470,967,0,2672,1734,743,965,436,402,2043,2262,1139,1973,2443,525,2317,259,3026,2175,981,2333,4861,1000,1097,1144,543,2293,1601,1715,1746,1235,2393,1991,1643,3191,1268,684,606,911,618,2097,3785,4861,3322,1649,2420,161,2654,1816,1139,1026,2243,618,2685,2056,2487,1217,979,2764,2459,3122,967,1393,2226,171,753,1385,509,2329,1201,2401,1235,3571,2058,2446,1517,2295,4861,4493,1851,1118,2348
1971,2728,1522,2711,1698,3028,3052,1882,5558,41,2461,3250,2336,3827,3266,1434,2219,3572,2978,3317,2707,0,2100,3209,1934,2597,2863,2982,2628,3646,2353,591,3195,2900,2767,1925,800,1950,697,5558,1969,2965,3197,2855,2672,2570,1054,2745,2204,2772,2930,2612,1838,2237,2650,3113,1880,2259,2476,2818,5558,4290,3162,954,2668,2366,2196,3646,1589,4067,2259,13,3025,438,3724,1948,1192,49,1434,3317,1772,270,2679,2719,5752,2474,1898,1316,107,2204,1522,3027,588,1896,2878,5558,2368,974,2087,3287
1138,2176,1716,3462,2365,3695,2261,1049,4407,816,2837,3932,734,3275,2707,1628,2413,3014,2426,2525,2155,754,0,2417,2600,2499,2072,3648,1769,3088,1520,768,2637,3566,3178,2592,425,2617,1363,4407,2635,3053,3100,2607,1840,3237,60,1912,2870,1940,3597,3278,1697,2903,2640,2555,2546,2574,1644,3485,4407,4957,2371,692,3335,1304,1363,3088,2256,3234,2574,766,3692,1104,3166,2615,1270,715,1628,2525,939,789,3345,2709,4975,2465,835,1982,773,2870,1716,3693,765,1064,3544,4407,2563,310,2753,3953
1916,569,3521,1856,4296,2638,973,1814,5172,3046,1230,2829,2540,1669,714,3434,6530,519,819,157,548,2984,2046,0,1513,892,457,2592,2573,549,2285,2991,963,2865,1572,3574,2486,1530,2882,5172,1548,1446,1493,1000,2604,2150,2027,1126,1997,2704,2540,2191,3502,1816,1033,1365,1459,967,1239,4334,5172,3786,1083,2731,1694,2966,2128,549,1574,1882,967,2996,2605,3035,856,1528,3076,3007,3434,157,1704,2774,1660,1102,1024,858,2641,1749,2949,1997,3521,2606,2994,1828,2843,5172,6561,2162,1666,2896
2575,1080,3075,803,3252,1593,2398,2486,5845,3705,429,2537,3198,1869,1617,2987,3637,1924,1329,1826,1059,3642,2704,1602,0,948,1261,1547,3232,1998,2957,1947,1385,1821,1118,2530,2563,485,1837,5845,64,1159,1391,818,3277,764,2378,2606,299,3377,1495,806,3391,1625,553,1465,54,611,3081,3289,5845,2484,2508,2507,1020,3638,2800,1998,530,3102,611,3655,2525,1991,2076,232,2745,1963,2987,1826,2377,1730,1030,622,2244,826,3299,705,1905,299,3075,2524,1950,2501,1799,5845,3997,2297,182,1852
2011,626,3616,783,4353,2352,1999,1908,5267,3141,391,2765,2634,1353,1164,3528,4739,1471,876,1373,606,3078,2140,1445,842,0,808,2306,2668,1545,2379,3048,932,2580,289,3631,2581,1587,2939,5267,910,841,1177,222,2699,993,2121,2152,648,2799,2765,1034,3597,1195,359,1049,867,293,2265,4048,5267,2713,2109,2826,298,3060,2222,1545,1632,2649,293,3091,2754,3093,1623,844,3170,3065,3528,1373,1799,2831,265,428,1791,122,2735,1806,3007,648,3616,2753,3052,1923,2558,5267,5099,2257,692,2611
1467,722,3072,2008,4101,2790,1206,1364,4723,2597,1383,2982,2090,1821,1372,2984,3770,1454,971,442,701,2534,1596,335,1666,1045,0,2744,2124,1362,1835,2796,1301,3017,1724,3379,2037,1682,2687,4723,1701,1598,1645,1152,2155,2302,1577,1359,2150,2255,2692,2343,3053,1969,1185,1517,1612,1119,1472,4486,4723,4022,1316,2282,1846,2660,1678,1362,1727,2417,1119,2547,2757,2841,1440,1680,2626,2813,2984,442,1255,2579,1812,1254,1608,1010,2191,1901,2755,2150,3072,2758,2800,1379,2996,4723,6068,1713,1819,3048
3228,2263,2743,2246,2446,46,3636,3139,8005,4036,1996,637,3192,3210,2801,3235,2831,3107,2512,3009,2242,3973,3357,3081,1469,2132,2444,0,3885,3181,3610,2194,2730,599,2302,1081,2811,1485,2085,8005,1504,2500,2732,2390,3930,2105,3030,4002,1739,4030,385,2146,3639,1772,2185,2648,1415,1794,3734,1741,8005,605,3746,2755,2203,4167,3453,3181,1530,5324,1794,3986,773,2239,3259,1483,2993,2211,3235,3009,3029,2382,2214,2254,3428,2009,3698,1704,2153,1739,2743,774,2197,3154,577,8005,3191,2950,1622,303
1233,2058,1801,2042,1978,2358,2315,1144,4503,2363,1791,2580,1856,3005,2596,1713,2363,2903,2308,2579,2209,2301,1362,2471,1264,1927,2126,2312,0,2976,1615,673,2363,2230,2097,1256,1289,1280,563,4503,1299,2295,2527,2185,1935,1901,1103,2008,1534,2035,2261,1942,2117,1567,1980,2444,1210,1590,1739,1752,4503,3621,2425,1233,1999,2426,1458,2976,919,3329,1590,2313,2356,717,3055,1278,1471,689,1713,2579,1035,455,2009,2049,4788,1805,1958,646,631,1534,1801,2357,676,1159,2208,4503,2723,1023,1417,2617
2364,1017,6098,2303,4744,3086,1056,2262,4871,3494,1678,3277,3666,2117,770,4324,6063,83,1267,507,996,3432,2494,772,1961,1340,905,3040,3021,0,1532,3439,1019,3313,2020,4022,2934,1978,3330,4871,1996,1894,1941,1448,2349,2598,2475,1209,2445,2388,2988,2639,4243,2264,1481,1813,1907,1415,1322,4782,4871,4234,769,3179,2141,3922,3084,0,2022,1415,1415,3444,3053,3483,389,1976,4336,3455,4324,507,2152,3222,2108,1550,955,1306,4170,2197,3397,2445,6098,3054,3442,2276,3291,4871,6094,2610,2114,3344
797,2093,2660,3380,3690,4071,991,738,3359,2185,2755,4354,897,4485,1838,2934,4673,1988,2343,1482,2073,2123,1185,1534,2976,2417,1989,4024,1712,1895,0,2385,2554,3942,3096,2968,1625,3054,2275,3359,3011,2970,3017,2524,575,3674,1166,397,3246,675,4139,3715,2854,3340,2557,2472,2922,2491,239,3861,3359,5394,1101,1870,3218,1152,315,1895,2632,1384,2491,2135,4129,2429,2015,2991,1509,2401,2934,1482,789,2168,3184,2626,3644,2382,1095,2358,2343,3246,2660,4130,2388,699,3920,3359,4704,1301,3129,4329
1426,2464,1646,2836,1822,3152,2548,1337,4695,274,2585,3374,1021,3563,2995,1558,2343,3301,2713,2813,2443,211,755,2705,2058,2721,2360,3106,2057,3452,1808,0,2924,3024,2891,2050,607,2074,821,4695,2093,3089,3387,2894,2127,2695,926,2200,2328,2227,3055,2736,1962,2361,2774,2842,2004,2384,1931,2943,4695,4415,2659,530,2793,1591,1651,3452,1713,3522,2384,224,3150,562,3453,2072,1316,40,1558,2813,1227,319,2803,2843,5262,2599,1123,1440,231,2328,1646,3151,3,1351,3002,4695,2568,805,2211,3411
1912,1220,3517,1478,4268,2609,1580,1810,5168,3042,1610,2801,2535,1710,249,3429,6482,1051,1469,953,520,2979,2041,1025,1485,1543,709,2563,2569,1125,2281,2963,0,2837,1194,3546,2482,1501,2853,5168,1520,1069,1116,1650,2600,1688,2022,1733,1620,2700,2511,1730,3498,1788,1684,270,1431,1810,1846,4305,5168,3409,1690,2727,1316,2961,2123,1125,1546,2230,1810,2992,2576,3007,1203,1499,3072,2979,3429,953,1700,2746,1282,1753,1038,1508,2636,1721,2921,1620,3517,2578,2966,1824,2815,5168,6513,2158,1638,2868
3502,2350,3017,2333,2720,459,3722,3413,8279,4310,2083,642,3466,3297,2887,3509,3105,3194,2599,3096,2329,4247,3631,2872,1555,2218,2531,413,4159,3268,3884,2468,2817,0,2388,1355,3085,1572,2359,8279,1590,2586,2818,2476,4204,2192,3370,4276,1825,4304,472,2233,3913,1858,2271,2735,1501,1881,4008,2015,8279,2538,3833,3029,2290,4441,3727,3268,1616,4372,1881,4260,796,2513,3346,1570,3267,2485,3509,3096,3303,2656,2300,2340,3514,2096,3972,1791,2427,1825,3017,795,2471,3428,429,8279,3465,3224,1708,577
2965,401,4503,1112,4679,3021,1774,2863,6221,4073,659,3095,3588,1413,1630,4415,5065,1245,375,1147,1573,4032,3094,1219,1037,289,1762,2975,3622,1319,3334,3375,1382,3314,0,3957,3535,1913,3265,6221,1578,703,1100,396,3653,1322,3075,1927,916,3753,3095,1364,4819,1525,628,1109,1062,562,2039,4797,6221,3043,1884,3935,122,4014,3176,1319,1958,2423,562,4045,3083,3419,1397,1061,4173,3391,4415,1147,2753,3157,88,697,1717,391,3689,2132,3333,916,4503,3082,3378,2877,3293,6221,5425,3211,1065,3359
2528,3180,2043,3163,1746,2380,3610,2439,5798,3336,2913,1472,3151,4127,3717,2535,2132,4024,3429,3874,3159,3274,2658,3766,2385,3049,3421,2334,3185,4098,2910,1495,3647,1106,3219,0,2111,2402,1385,5798,2421,3416,3648,3306,3230,3022,2331,3303,2655,3330,1302,3063,2939,2688,3101,3565,2331,2711,3034,525,5798,3384,3720,2055,3120,3468,2753,4098,2147,4625,2711,3286,3424,1539,4176,2400,2293,1511,2535,3874,2330,1683,3131,3170,7500,2926,2999,1873,1453,2655,2043,3423,1498,2454,1084,5798,2491,2250,2539,2638
1146,2185,1184,3471,1529,3547,2269,1058,4416,668,2846,3768,691,3284,2715,1096,1881,3022,2434,2534,2164,606,425,2426,2452,2508,2080,3500,1778,3096,1529,680,2645,3418,3187,2444,0,2469,1180,4416,2487,3061,3108,2615,1848,3089,647,1921,2722,1948,3449,3130,1500,2755,2648,2563,2398,2582,1652,3337,4416,4809,2379,266,3187,1261,1371,3173,2108,3243,2582,618,3544,956,3174,2467,738,567,1096,2534,948,789,3197,2717,4932,2473,793,1834,625,2722,1184,3545,677,1072,3396,4416,2030,917,2605,3805
2235,1368,2735,1351,2912,1698,2686,2147,5505,3365,1101,1890,2859,2315,1905,2647,3298,2212,1617,2114,1347,3303,2365,1890,573,1237,1549,1652,2892,2286,2618,1607,1673,1925,1407,2190,2223,0,1497,5505,609,1605,1836,1495,2937,1210,2038,3010,844,3037,1600,1251,3052,876,1289,1753,519,899,2741,3083,5505,2930,2796,2167,1308,3580,2460,2286,190,4332,899,3315,1665,1651,2364,588,2405,1623,2647,2114,2037,1390,1319,1358,2533,1114,2960,365,1565,844,2735,1666,1610,2161,1903,5505,3658,1958,727,1956
1549,2587,2126,3873,2472,4538,2671,1460,4818,1651,3248,4776,1144,3686,3118,2039,2824,3424,2836,2936,2566,1589,878,2828,3444,2910,2483,4492,2180,3575,1931,147,3047,4410,3589,3435,730,3460,0,4818,3479,3463,3510,3017,2250,4080,1049,2323,3714,2350,4440,4122,2107,3747,3051,2965,3390,2985,2054,4328,4818,5801,2782,653,4179,1714,1773,3575,3099,3645,2985,1601,4535,2277,3576,3458,1681,163,2039,2936,1350,200,3677,3120,5385,2875,1246,2826,105,3714,2126,4537,150,1474,4388,4818,2973,928,3597,4797
3541,4837,6202,6124,6547,6814,4202,3710,0,5237,5498,7052,3641,6697,5368,4428,6167,5488,5087,5186,4816,5175,3928,5078,5720,5161,4733,6768,4456,5396,3402,5129,5298,6686,5840,5712,4369,5798,5019,0,5755,5714,5761,5268,3535,6418,3910,3608,6265,3635,6882,6459,4348,6084,5301,6718,5666,5235,3467,6605,0,8138,4793,4614,5962,3896,3058,5396,5375,4930,5235,5187,6873,5173,7627,5734,4441,5145,4428,5186,3601,4912,5928,5370,5856,5126,4275,5102,5087,6265,6202,6874,5132,3725,6664,0,6198,4045,5873,7073
2519,1208,3019,776,3196,1537,2526,2431,5789,3649,403,2510,3143,1842,1745,2931,3582,2052,1457,1954,1187,3587,2649,1730,64,1076,1389,1491,3176,2126,2902,1891,1513,1765,1246,2474,2507,430,1781,5789,0,1132,1364,791,3221,737,2322,2679,272,3321,1440,779,3336,716,526,1593,89,739,3025,3233,5789,2458,2636,2451,1148,3582,2744,2126,474,3230,739,3599,1505,1935,2204,205,2689,1907,2931,1954,2321,1674,1158,595,2372,954,3244,649,1849,272,3019,1506,1894,2445,1743,5789,3942,2242,155,1796
2262,1570,4028,638,4205,2546,2196,2160,5518,3392,770,2620,2885,710,927,3940,4591,1722,988,1624,870,3330,2392,1400,1159,841,1059,2500,2919,1796,2631,2900,679,2840,613,3662,2832,1438,2790,5518,1103,0,398,902,2950,848,2373,2404,780,3050,2620,889,3848,1050,1060,406,1184,994,2754,4322,5518,2568,2306,3460,735,3455,2474,1796,1483,2901,994,3342,2609,2944,1874,1436,3698,2916,3940,1624,2050,2683,701,1129,1014,823,2987,1658,2858,780,4028,2607,2903,2174,2818,5518,4950,2508,1008,2885
2446,1754,4471,1081,4648,2989,2380,2344,5702,3576,1213,3063,3069,513,1111,4113,5034,1906,1172,1808,1054,3513,2575,1584,1602,1284,1243,2943,3103,1980,2815,3343,863,3283,797,3926,3016,1882,3233,5702,1547,542,0,1345,3134,1291,2557,2588,1223,3234,3063,1332,4032,1493,1503,590,1627,1437,2938,4765,5702,3011,2490,3261,919,3639,2658,1980,1926,3084,1437,3526,3052,3387,2058,1880,3606,3359,4113,1808,2234,3126,885,1572,1145,1266,3171,2101,3301,1223,4471,3050,3346,2358,3261,5702,5394,2692,1451,3328
2683,1991,4708,1318,4885,3226,2617,2580,5939,3791,752,3300,3306,1131,1348,4349,5270,2143,507,2045,1291,3750,2812,1821,1839,421,1480,3180,3340,2217,3051,3580,1099,3520,132,4163,3253,2118,3470,5939,1783,908,955,0,3371,1528,2793,2824,1459,3471,3300,1569,4269,1730,760,827,1864,694,3175,5002,5939,3248,2727,3497,254,3732,2894,2217,2163,3321,694,3763,3288,3624,2295,2116,4378,3596,4349,2045,2471,3363,220,829,1435,523,3407,2337,3538,1459,4708,3287,3583,2595,3498,5939,5630,2929,1688,3565
1066,2198,4622,4911,4967,4339,797,1013,3273,2454,5043,4577,1165,4399,1957,2848,4587,1841,2448,1601,2341,2391,1453,1653,3245,2521,1801,4293,1981,1749,643,2654,2205,4211,4627,3236,1894,3323,2544,3273,3280,4502,4549,2629,0,5121,1434,523,5053,67,4407,5163,2768,3548,2662,4421,3191,2596,636,4129,3273,6842,1146,2139,4749,1421,583,1749,2900,802,2596,2404,4336,2698,1869,3259,2860,2670,2848,1601,1063,2436,4716,2731,3558,2487,1364,2627,2612,5053,4622,4338,2657,974,4189,3273,4618,1570,3398,4598
3974,2662,4474,1434,4650,2743,4035,3885,7243,5082,1607,2596,4597,2398,2615,4386,5036,3506,2911,3408,2641,5041,4103,3184,1605,2008,2843,2697,4631,3580,4356,3346,2367,2816,2301,3638,3929,1884,3236,7243,1549,1688,1927,2070,4676,0,3776,4188,1373,4776,2596,629,4790,1496,1956,2094,1630,2193,4480,4298,7243,2544,4145,3906,2602,5167,4199,3580,1929,4685,2193,5054,2585,3390,3658,1882,4144,3362,4386,3408,3775,3128,2613,2025,2702,2408,4698,2103,3304,1373,4474,2583,3349,3900,2794,7243,5396,3696,1454,2861
641,1679,2246,2966,3250,3631,1764,552,3911,856,2341,3853,1264,2779,2210,2308,2944,2517,1929,2028,1659,794,60,1921,2536,2003,1575,3585,1273,2668,1023,858,2140,3502,2682,2528,465,2640,1063,3911,2572,2556,2603,2110,1343,3173,0,1416,2807,1443,3533,3214,2227,2840,2143,2058,2483,2077,1147,3421,3911,4893,1874,732,3271,1834,866,2668,2192,2738,2077,807,3628,1145,2669,2551,1801,755,2308,2028,443,870,3282,2212,4196,1968,1366,1919,813,2807,2246,3629,855,567,3481,3911,3093,317,2690,3889
1503,2800,5414,4086,4396,4777,2164,520,4065,2891,3461,5015,1603,5191,3330,3640,5379,3450,3049,2655,2779,2829,1891,3041,3682,3123,2695,4730,2418,3358,338,3091,3260,4648,3802,3674,2331,3760,2981,4065,3717,3676,3723,3230,609,4319,1872,0,3952,709,4845,4360,3560,3985,3263,3178,3628,3197,274,4567,4065,6039,973,2576,3924,1859,1021,3358,3338,2892,3197,2841,4774,3135,3478,3697,2215,3107,3640,2655,570,2874,3890,3332,4350,3088,1801,3064,3049,3952,5414,4775,3094,481,4626,4065,5410,2007,3835,5035
2791,1251,3291,535,3468,1809,2569,2702,6061,3921,257,2311,3414,1505,1789,3203,3853,2096,1501,1998,1230,3858,2920,1774,299,648,1433,1763,3448,2169,3173,2163,1473,2037,841,2746,2779,701,2053,6061,366,794,1027,709,3493,646,2594,2777,0,3593,1711,688,3607,988,606,1201,324,783,3297,3505,6061,2258,2680,2723,1192,3984,3016,2169,746,3274,783,3871,2299,2207,2248,391,2961,2179,3203,1998,2593,1946,1202,675,1809,630,3515,921,2121,0,3291,2298,2166,2717,2015,6061,4213,2513,149,2068
999,2295,4555,4844,4900,4272,987,1168,3206,2387,4976,4494,1098,4332,4392,2781,4520,2182,2545,1790,2274,2324,1386,1843,3178,2618,2191,4226,1914,2090,576,2587,4305,4144,4561,3169,1827,3256,2477,3206,3213,4435,4482,2726,264,5054,1367,731,4986,0,4340,5096,2701,3481,2759,4354,3124,2693,641,4062,3206,6775,1487,2072,4682,1354,516,2090,2833,992,2693,2337,4269,2631,2210,3192,2793,2603,2781,1790,1059,2369,4649,2828,3491,2584,1297,2560,2545,4986,4555,4271,2590,1183,4122,3206,4551,1503,3331,4531
3388,2076,3130,2059,2833,432,3449,3299,8392,4423,1809,252,3579,3023,2613,4952,3219,2920,2325,2822,2055,4361,3517,2598,1281,1945,2257,386,4045,2994,3770,2582,2381,659,2115,1468,3198,1298,2472,8392,1317,2313,2544,2202,4089,1918,3190,3602,1551,4189,0,1959,5212,1584,1997,2461,1227,1607,3893,2128,8392,270,3559,3142,2016,5608,3613,2994,1342,4098,1607,4373,388,2626,3072,1296,3380,2598,4952,2822,3189,2542,2027,2066,3241,1822,5139,1517,2540,1551,3130,389,2585,3313,638,8392,3578,3110,1435,690
4320,3008,4819,1362,4996,3338,4380,4231,7589,5511,1953,3411,4943,1651,2605,4732,5382,3852,3257,3754,2987,5470,4449,3530,1950,1938,3189,3292,4976,3926,4702,3691,2356,3631,2291,4274,4275,2230,3582,7589,1895,1678,1462,1999,5021,1287,4122,4534,1718,5121,3411,0,5136,1841,2301,2084,1975,2539,4825,5114,7589,3359,4491,4251,2948,5513,4545,3926,2274,5030,2539,5483,3400,3735,4004,2228,4489,3707,4732,3754,4121,3474,2958,2370,2692,1920,5044,2449,3649,1718,4819,3399,3694,4245,3609,7589,5742,4042,1800,3676
3062,3145,1351,4026,1696,4342,3230,2018,4990,1989,4198,4580,1465,6025,3676,563,2299,5009,3394,3494,3124,1926,1640,3386,3248,3911,3041,4296,2738,4916,2923,1708,3605,4214,4081,3240,1394,3265,1598,4990,3283,6128,4068,3575,3056,3885,1606,3129,3518,3156,4410,3926,0,3551,3964,6047,3194,3574,2988,4133,4990,5605,4313,1638,3983,1495,2579,4916,2904,4451,3574,1939,4340,1752,6390,3262,1192,1724,563,3494,1908,1761,3993,4033,5184,3789,1026,2630,1666,3518,1351,4341,1711,2032,4192,4990,2142,1876,3401,4601
2800,1488,3300,796,3477,1818,2806,2711,6070,3908,969,1147,3423,1760,2026,3212,3863,2333,1738,2235,1467,3868,2930,2011,431,1357,1670,1772,3457,2406,3182,2172,1793,2046,1527,2755,2788,710,2062,6070,375,1050,1282,1615,3502,655,2603,3014,639,3602,1136,697,3616,0,893,1456,456,1020,3306,3514,6070,2376,2917,2732,1429,3993,3025,2406,755,3511,1020,3880,923,2216,2485,708,2970,2188,3212,2235,2602,1955,1439,962,2064,1235,3525,930,2130,639,3300,924,2175,2726,2024,6070,4222,2522,522,2077
1989,604,3688,1890,3865,2206,1977,1886,5245,3118,723,2398,2612,1704,1142,3600,4250,1448,854,1351,583,3056,2118,1127,1082,473,786,2160,2645,1522,2357,2560,909,2433,643,3143,2559,1098,2450,5245,1117,1481,1528,731,2677,1718,2099,2130,980,2777,2108,1760,3575,1385,0,990,1028,135,2243,3902,5245,3439,2087,2803,545,3038,2200,1522,1143,2627,135,3068,2173,2604,1601,1096,3358,2576,3600,1351,1777,2343,555,69,1769,351,2713,1317,2518,980,3688,2175,2563,1901,2412,5245,4610,2235,1235,2465
1944,1251,3549,1094,4299,2641,1877,1841,5199,3073,1225,3076,2567,1394,609,3610,6514,1403,1501,1306,551,3011,2073,1081,1516,1098,741,2595,2600,1477,2312,2994,360,2868,810,3577,2514,1533,2885,5199,1559,684,1082,1358,2632,1304,2054,2085,1235,2732,2543,1345,3530,1506,1515,0,1462,1842,2436,4337,5199,3024,1987,2758,932,2993,2155,1477,1577,2582,1842,3023,3064,3038,1556,1531,3103,3010,3610,1306,1732,2777,898,1584,1724,1278,2668,1752,2952,1235,3549,3063,2997,1856,2846,5199,6544,2189,1464,2899
2410,1026,3100,828,3277,1618,2344,2308,5666,3518,454,1810,3033,2125,1563,3012,3662,1870,1275,1772,1005,3477,2539,1548,54,894,1207,1572,3067,1944,2779,1972,1331,1845,1064,2555,2588,510,1862,5666,89,1184,1416,1152,3098,789,2403,2552,324,3198,1520,831,3416,797,947,1411,0,557,2902,3314,5666,2509,2454,2532,966,3459,2621,1944,555,3048,557,3490,1585,2016,2022,246,2770,1988,3012,1772,2198,1755,976,1016,2191,772,3134,729,1930,324,3100,1587,1975,2322,1824,5666,4022,2322,207,1877
1913,529,4079,936,4255,2597,1901,1811,5169,3043,543,2918,2536,1628,1066,3579,4641,1373,778,1275,508,2980,2042,1051,1473,293,710,2551,2570,1447,2282,2951,834,2824,567,3533,2483,1489,2841,5169,1062,1405,1452,551,2601,1146,2023,2055,801,2701,2499,1187,3499,1776,346,914,1419,0,2167,4293,5169,2866,2012,2728,469,2962,2124,1447,1534,2551,0,2993,2907,2995,1525,1487,3072,2967,3579,1275,1701,2733,479,415,1693,171,2637,1708,2909,801,4079,2905,2954,1825,2803,5169,5001,2159,845,2855
1294,1895,3157,3181,4187,3963,711,765,3856,2682,2556,4155,1393,2817,1709,3431,5170,1703,2145,1353,1874,2619,1681,1405,2839,2218,1553,3917,2209,1611,584,2882,1958,4191,2897,3465,2122,2856,2772,3856,2874,2772,2819,2326,336,3476,1663,275,3109,436,3866,3517,3351,3142,2359,2274,2785,2293,0,4358,3856,5196,821,2367,3019,1649,811,1611,2900,716,2293,2632,3931,2926,1731,2853,2005,2898,3431,1353,815,2664,2985,2428,2019,2184,1592,2855,2840,3109,3157,3932,2885,726,4169,3856,5201,1798,2992,4222
2985,3743,2500,3726,2203,1930,4067,2896,6255,3793,3898,2267,3608,4842,4513,4322,2589,4820,3992,4331,3961,3731,3114,4223,2948,3611,3878,1884,3642,4894,3367,1952,4443,1036,3781,525,2568,2965,1842,6255,2983,3979,4218,3869,3687,3585,2788,3760,3218,3787,2097,3626,4583,3251,3664,4361,2894,3274,3491,0,6255,2816,4177,2512,3683,4978,3210,4894,2604,5081,3274,3743,2252,1996,4972,2963,2750,1968,4322,4331,2787,2140,3693,3733,7957,3489,3710,2330,1910,3218,2500,2250,1955,2911,1014,6255,2948,2707,3101,2048
3541,4837,6202,7209,6547,6814,4202,3710,0,4929,5498,7052,3641,6697,6757,4428,6167,5488,5087,5186,4816,4866,3928,5078,5720,5161,4733,6768,4456,5396,3402,5129,5298,6686,6925,5712,4369,5798,5019,0,5755,6800,6847,5268,3535,6357,3910,3608,7351,3635,6882,6398,4348,6023,5301,6718,5666,5235,3467,6605,0,9140,4793,4614,7047,3896,3058,5396,5375,4930,5235,4879,6812,5173,5515,5734,4441,5145,4428,5186,3601,4912,7013,5370,5856,5126,3839,5102,5087,7351,6202,6813,5132,3725,6664,0,6198,4045,5873,7073
3847,2535,3887,1843,3590,1330,3907,3758,7116,5159,2015,296,4336,2806,3072,5709,3976,3379,2784,3281,2514,5118,3976,3057,1477,2403,2716,1284,4503,3453,4229,3339,3002,1632,2573,2225,3922,1757,3229,7116,1422,2096,2328,2661,4548,1702,3649,4061,1781,4648,68,1743,5970,1180,1940,2502,1502,2066,4352,2885,7116,0,4018,3899,2475,6365,4071,3453,1801,4557,2066,5130,433,3383,3531,1755,4137,3355,5709,3281,3648,3001,2485,2009,3700,2281,4438,1976,3297,1781,3887,434,3342,3772,1610,7116,4335,3569,1568,1448
1811,1660,3416,2946,4445,3728,263,1107,4253,2940,2321,3920,1736,2581,1474,3707,5446,1221,1909,1117,1639,2878,1940,1170,2604,1983,1317,3682,2467,1129,926,3140,1722,3955,2662,3723,2381,2620,3030,4253,2639,2536,2583,2090,731,3240,1921,617,2874,770,3630,3281,3626,2907,2123,2038,2550,2057,730,4616,4253,4960,0,2625,2784,1991,1153,1129,2665,269,2057,2890,3695,3184,1249,2618,3719,3156,3707,1117,1158,2923,2750,2192,1783,1948,2535,2839,3098,2874,3416,3696,3143,1068,3934,4253,5476,2056,2757,3986
1391,2429,1156,3153,1501,3470,2514,1302,5064,591,3090,3692,958,3529,2960,825,1854,3267,2679,2778,2408,529,692,2670,2375,2752,2325,3424,1050,3418,1773,603,2890,3341,3431,2367,266,2392,922,5064,2411,3306,3353,2860,2093,3012,891,2166,2646,2193,3538,3053,1229,2679,2893,2808,2322,2701,1897,3260,5064,4732,2624,0,3110,1087,1616,3418,2031,3487,2701,541,3467,880,3419,2390,583,490,825,2778,1193,709,3121,2962,5143,2718,619,1758,548,2646,1156,3468,600,1317,3320,5064,2003,1161,2529,3728
3087,302,4625,1234,4801,3143,1675,2984,5781,4195,669,3217,3710,1535,840,4537,5187,1147,276,1049,1695,4154,3216,1121,1046,298,1254,3097,3744,1220,2151,3497,769,3436,122,4079,3657,2035,3387,5781,1019,825,1222,406,2277,1444,3197,1828,926,2505,3217,1486,5153,1646,491,1231,1071,425,1941,4919,5781,3165,1785,4057,0,4136,3298,1220,2080,2325,425,4167,3205,3541,1299,1071,4295,3513,4537,1049,2875,3279,34,560,1467,401,3811,2254,3455,926,4625,3204,3500,2999,3415,5781,5547,3333,1075,3481
1494,2791,1708,4077,2053,4768,2156,1664,4056,1664,3452,5006,408,5545,3321,1506,2405,3441,3040,3140,2770,1601,1882,3032,3673,3114,2686,4722,2409,3349,1356,1814,3251,4639,3793,3665,1177,3751,1704,4056,3709,3667,3714,3221,1488,4310,1281,1561,3943,1588,4836,4351,1426,3976,3254,3169,3619,3189,1420,4558,4056,6030,2746,1149,3915,0,1012,3349,3329,2883,3189,1614,4765,1858,3469,3688,799,1830,1506,3140,1554,1867,3881,3323,4704,3079,385,3055,1772,3943,1708,4766,1817,1678,4618,4056,2555,1998,3826,5026
543,1839,2406,3126,3436,3817,1204,712,3105,1931,2501,4038,582,4231,2370,2680,4419,2490,2089,2188,1819,1869,931,2081,2722,2163,1735,3770,1458,2398,404,2131,2300,3688,2842,2714,1371,2800,2021,3105,2757,2716,2763,2270,537,3359,912,610,2992,637,3885,3400,2600,3025,2303,2218,2668,2237,469,3607,3105,5079,1795,1616,3457,838,0,2398,2378,1932,2237,1881,3814,2175,2518,2737,1194,2147,2680,2188,603,1914,2930,2372,3390,2128,781,2104,2089,2992,2406,3815,2134,727,3666,3105,4450,1047,2875,4075
2364,1017,6098,2303,6443,3086,1056,2262,4871,3494,1678,3277,3666,2117,770,4324,6063,83,1267,507,996,3432,2494,560,1961,1340,905,3040,3021,0,1532,3439,1019,3313,2020,4022,2934,1978,3330,4871,1996,1894,1941,1448,2349,2598,2475,1209,2445,2388,2988,2639,4243,2264,1481,1813,1907,1415,1322,4782,4871,4234,769,3179,2141,3922,3084,0,2022,1415,1415,3444,3053,3483,389,1976,4336,3455,4324,507,2152,3222,2108,1550,955,1306,4170,2197,3397,2445,6098,3054,3442,2276,3291,4871,6094,2610,2114,3344
2153,1246,2652,1230,2829,1546,2564,2064,5422,3282,979,1768,2776,2346,1784,2565,3215,2091,1496,1993,1225,3220,2282,1769,452,1115,1428,1500,2810,2164,2535,1524,1551,1774,1285,2107,2141,147,1415,5422,487,1483,1715,1373,2854,1089,1955,2927,722,2954,1449,1130,2969,755,1168,1632,398,778,2658,3242,5422,2809,2675,2085,1187,3346,2378,2164,0,3269,778,3232,1544,1569,2243,466,2323,1541,2565,1993,1954,1307,1197,1237,2411,993,2877,282,1483,722,2652,1545,1527,2078,1752,5422,3575,1875,605,1805
1592,1441,3197,2727,4226,3509,2021,1051,4141,2721,2102,3701,1679,2362,1255,3258,5455,1410,1690,898,1420,2659,1721,951,2385,1764,1098,3463,2248,1318,884,2921,1503,3736,2443,3504,2162,2401,2811,4141,2420,2317,2364,1871,1009,3021,1702,561,2655,1109,3411,3062,3178,2688,1904,1819,2331,1838,673,4397,4141,4741,895,2406,2565,1935,1097,1318,2446,0,1838,2671,3476,2965,1396,2399,2751,2937,3258,898,1380,2704,2531,1973,1564,1729,2316,2620,2879,2655,3197,3477,2924,1011,3715,4141,5486,1837,2538,3767
1913,529,4079,936,4255,2597,1901,1811,5169,3043,543,2918,2536,1628,1066,3579,4641,1373,778,1275,508,2980,2042,1051,1473,293,710,2551,2570,1447,2282,2951,834,2824,567,3533,2483,1489,2841,5169,1062,1405,1452,551,2601,1146,2023,2055,801,2701,2499,1187,3499,1776,346,914,1419,0,2167,4293,5169,2866,2012,2728,469,2962,2124,1447,1534,2551,0,2993,2907,2995,1525,1487,3072,2967,3579,1275,1701,2733,479,415,1693,171,2637,1708,2909,801,4079,2905,2954,1825,2803,5169,5001,2159,845,2855
1916,2673,1467,2656,1643,2973,2997,1827,5618,28,2829,3195,1882,3772,3211,1379,2164,3517,2923,3262,2652,13,2045,3154,1879,2542,2809,2927,2573,3591,2298,536,3140,2845,2712,1870,745,1895,642,5618,1914,2910,3142,2800,2617,2515,1000,2690,2149,2717,3041,2557,1783,2182,2595,3059,1825,2204,2421,2763,5618,4236,3108,899,2614,2311,2141,3591,1534,4012,2204,0,2970,383,3669,1893,1137,61,1379,3262,1717,215,2624,2664,5697,2420,1444,1261,119,2149,1467,2972,533,1841,2823,5618,2389,919,2032,3232
3940,2277,3455,1585,3157,897,3650,3851,8717,4726,1757,224,3904,2549,2814,5276,3543,3121,2526,3023,2256,4685,4069,2799,1220,2146,2458,851,4597,3195,4322,2906,2744,1199,2316,1792,3490,1499,2797,8717,1164,1839,2070,2404,4641,1444,3808,3803,1523,4741,388,1485,5537,923,1682,2245,1245,1808,4445,2453,8717,698,3760,3467,2217,5933,4165,3195,1544,4300,1808,4698,0,2950,3273,1497,3704,2922,5276,3023,3741,3094,2228,1751,3442,2023,4005,1718,2864,1523,3455,1,2909,3865,1178,8717,3903,3662,1311,1015
1575,2332,2549,2316,2251,2632,2657,1486,4844,2705,2488,2854,2198,3279,2870,1987,2637,3177,2582,2921,2311,2642,1704,2813,1538,2201,2468,2586,2232,3250,1957,947,2799,2504,2371,1529,1563,1554,837,4844,1573,2569,2801,2459,2277,2175,1377,2349,1808,2377,2534,2216,2391,1841,2254,2718,1484,1864,2081,2423,4844,3895,2767,1507,2273,2768,1800,3250,1193,3671,1864,2655,2630,0,3329,1552,1745,963,1987,2921,1376,729,2283,2323,5129,2079,2299,920,905,1808,2549,2631,950,1501,2482,4844,2997,1297,1691,2891
5334,2179,7865,2196,8210,4104,2429,3423,6638,4634,2327,4178,5433,1683,1020,6091,7830,1900,2428,1862,2158,4593,3655,1934,2717,2398,2067,4058,4183,1969,2905,4601,1656,4398,1912,5220,4096,3139,4491,6638,2661,1786,1833,2460,4116,2405,3636,2582,2337,4155,4178,2447,6010,2608,2643,1705,2742,2577,2695,5880,6638,4126,2539,4340,2033,5689,4851,1969,3184,3186,2577,4606,4166,4645,0,2994,6103,4617,6091,1862,3314,4383,2000,2712,842,2380,5937,3358,4559,2337,7865,4165,4604,3438,4376,6638,7861,3772,2566,4443
2245,861,3216,997,3392,1734,2179,2143,5501,3353,454,1926,2868,1960,1398,3128,3778,1705,1110,1607,840,3312,2374,1383,232,730,1042,1688,2902,1779,2614,2088,1166,1961,900,2670,2815,626,1978,5501,205,1737,1784,987,2933,856,2356,2387,391,3033,1636,897,3532,913,782,1246,257,392,2737,3430,5501,2576,2289,2648,801,3294,2457,1779,671,2883,392,3325,1701,2132,1857,0,2886,2104,3128,1607,2033,1870,812,851,2026,607,2970,845,2046,391,3216,1702,2091,2157,1940,5501,4138,2491,274,1992
1479,2517,1012,3436,1358,3753,2602,1390,4522,1362,3608,3991,1015,3617,3048,925,1710,3355,2767,2866,2496,1299,1583,2758,2658,2840,2413,3707,2110,3506,1861,1118,2978,3624,3519,2650,481,2675,1009,4522,2694,3394,3441,2948,2181,3295,979,2254,2929,2281,3821,3336,1329,2961,2981,2896,2604,2984,1985,3543,4522,5015,2712,454,3393,1045,2111,3506,2314,3575,2984,1312,3750,1163,3507,2673,0,1261,925,2866,1281,1171,3404,3050,4716,2806,577,2041,1076,2929,1012,3751,1121,1405,3603,4522,1859,1249,2812,4011
1385,2679,1473,2663,1650,2979,2508,1297,4655,101,2835,3201,981,3626,3217,1385,2170,3524,2929,2773,2403,142,715,2665,1885,2548,2319,2933,2017,3412,1768,173,3147,2851,2718,1877,567,1902,648,4655,1920,2916,3148,2806,2087,2522,886,2160,2155,2187,3047,2563,1789,2188,2601,3065,1831,2211,1891,2770,4655,4242,2618,490,2620,1551,1610,3412,1541,3482,2211,129,2977,389,3676,1899,1143,0,1385,2773,1187,222,2630,2670,5222,2426,1083,1267,58,2155,1473,2978,170,1311,2829,4655,2320,765,2038,3238
2758,2839,1047,3721,1392,4038,2924,1712,4685,1684,3894,4276,1160,5721,3370,0,1995,4705,3089,3188,2819,1622,1905,3081,2944,3607,2735,3992,2433,4612,2619,1404,3300,3910,3777,2935,1089,2960,1294,4685,2979,3716,3763,3270,2752,3580,1301,2824,3214,2852,4106,3622,662,3247,3660,5742,2890,3269,2683,3828,4685,5300,3034,1334,3678,1191,2275,4612,2599,4146,3269,1634,4035,1448,4732,2958,888,1420,0,3188,1603,1456,3689,3729,4880,3484,722,2326,1362,3214,1047,4036,1407,1727,3888,4685,1837,1572,3097,4297
2049,702,3654,1988,4429,2771,1054,1947,5284,3179,1363,2962,2672,1802,660,4737,6476,600,952,0,681,3117,2179,156,1646,1025,442,2724,2706,723,1530,3124,909,2998,1704,3707,2619,1663,3014,5284,1681,1579,1626,1133,1656,2198,2160,1207,2130,2801,2673,2240,4657,1949,1166,1497,1592,1100,1320,4467,5284,3919,1164,2864,2381,3099,2261,723,1707,1828,1100,3129,2738,3168,802,1661,3209,3140,4737,0,1837,2907,2391,1235,970,991,2774,1882,3082,2130,3654,2739,3127,1961,2976,5284,6507,2295,1799,3029
478,1774,2341,3060,3370,3843,1280,110,3562,1866,2435,3989,1100,2874,2305,3137,4876,2277,2024,1771,1753,1803,865,2015,2718,2097,1670,3796,1393,2184,675,2066,2235,3623,2776,2648,1306,2735,1956,3562,2753,2651,2698,2205,994,3293,846,1067,2988,1094,3819,3335,3057,2960,2238,2153,2664,2172,798,3541,3562,5014,1390,1551,3453,1356,518,2184,2312,2389,2172,1816,3748,2110,2304,2733,1712,2082,3137,1771,0,1848,3463,2307,3847,2063,1460,2039,2024,2988,2341,3750,2069,124,3601,3562,4907,982,2871,4101
1607,2716,1450,2699,1686,3016,2730,1518,5486,380,2835,3238,1203,3815,3254,1362,2148,3560,2966,2994,2695,318,888,2887,1922,2585,2541,2970,656,3634,1989,206,3183,2888,2755,1913,938,1938,212,5486,1957,2953,3185,2843,2309,2558,870,2382,2192,2409,3084,2600,1767,2225,2638,3101,1868,2247,2113,2806,5486,4278,2840,882,2656,1773,1832,3634,1577,3704,2247,330,3013,426,3712,1936,1120,222,1362,2994,1409,0,2667,2707,5680,2462,1304,1304,164,2192,1450,3015,209,1533,2866,5486,2297,808,2075,3275
3053,313,5065,1200,4768,3109,1686,2951,5791,4161,635,3183,3676,1501,850,4503,5153,1157,287,1059,1661,4120,3182,977,1013,265,1264,3063,3710,1231,2161,3463,780,3403,88,4046,3623,2001,3353,5791,986,791,1188,372,2287,1410,3164,1839,892,3308,3183,1452,5164,1613,501,1197,1038,435,1951,4885,5791,3131,1796,4023,34,4102,3264,1231,2046,2335,435,4133,3171,3507,1309,1037,4261,3479,4503,1059,2841,3245,0,570,1805,367,3777,2220,3421,892,5065,3170,3466,2965,3381,5791,5513,3299,1041,3448
2009,624,4182,1911,3885,2226,1942,1906,5265,3139,743,2418,2632,1724,1162,3675,4271,1469,874,1371,603,3076,2138,1147,1102,493,806,2180,2666,1542,2377,2580,929,2454,663,3163,2579,1118,2470,5265,1137,1501,1548,751,2697,1738,2119,2150,1001,2797,2128,1780,3595,1405,546,1010,1048,156,2501,3922,5265,3841,2053,2823,565,3202,2220,1542,1163,2647,156,3089,2193,2624,1621,1116,3378,2596,3675,1371,1797,2363,575,0,1789,371,2733,1338,2538,1001,4182,2195,2583,1921,2432,5265,4630,2255,1255,2485
2612,1265,6843,1586,4992,3333,1516,2510,5616,3742,1718,3569,3235,1398,822,5069,6808,987,1515,948,1244,3679,2741,866,2209,1588,1153,3287,3269,1056,1991,3687,1047,3561,1302,4270,3182,2226,3577,5616,2052,1177,1223,1696,2117,1796,2723,1669,1728,2345,3569,1838,4989,1998,1729,1095,2155,1663,1781,5029,5616,3516,1626,3427,1424,3805,2824,1056,2270,2160,1663,3692,3557,3731,1134,2223,5082,3703,5069,948,2400,3470,1390,1798,0,1554,3337,2445,3645,1728,6843,3556,3690,2524,3539,5616,6839,2858,1957,3592
1888,504,4528,765,4231,2572,1877,1786,5144,3018,373,2747,2512,1603,1042,3555,4617,1348,754,1251,483,2956,2018,1026,824,122,685,2526,2545,1422,2257,2926,809,2800,391,3509,2459,1464,2816,5144,891,823,1061,380,2577,975,1999,2030,630,2677,2747,1016,3475,1177,237,890,849,171,2143,4268,5144,2695,1987,2703,444,2938,2100,1422,1509,2527,171,2968,2736,2970,1500,826,3048,2942,3555,1251,1676,2709,367,306,1669,0,2613,1684,2884,630,4528,2735,2929,1801,2778,5144,4976,2134,674,2831
2196,3493,1322,5672,1668,4063,1985,2365,4124,1672,5804,4301,438,5159,5220,1121,2020,3271,3742,2476,3472,1609,2584,3734,2969,3816,3388,4017,3111,3179,1185,1428,5132,3934,5388,2960,791,2985,1319,4124,3004,5262,5309,3923,1318,3605,1289,1391,3239,1418,4131,3646,1040,3272,3956,5181,2915,3294,1250,3853,4124,5325,2576,764,3703,473,781,3179,2624,2713,3294,1622,4060,1473,3298,2983,413,1445,1121,2476,2256,1481,3714,4025,4318,3781,0,2351,1387,3239,1322,4061,1431,2380,3913,4124,2169,1559,3122,4321
1871,1421,2844,1404,2547,1721,2739,1782,5140,3000,1540,1943,2494,2520,1959,2283,2933,2265,1670,2167,1400,2938,2000,1943,627,1290,1602,1675,2527,2339,2253,1242,1726,1948,1460,1825,1858,643,1133,5140,662,1658,1890,1548,2572,1263,1673,2645,897,2672,1623,1304,2687,930,1343,1806,573,952,2376,2718,5140,2983,2849,1803,1361,2934,2096,2339,282,3967,952,2950,1718,1286,2417,641,2041,1258,2283,2167,1672,1025,1372,1412,2586,1167,2595,0,1200,897,2844,1719,1245,1796,1927,5140,3293,1593,780,1980
1444,2621,1415,2605,1592,2921,2566,1355,4713,43,2740,3143,1039,3721,3159,1327,2112,3466,2871,2831,2461,84,773,2723,1827,2490,2377,2875,2075,3540,1826,42,3088,2793,2660,1819,625,1843,590,4713,1862,2858,3090,2748,2145,2464,944,2218,2097,2245,2989,2505,1731,2130,2543,3007,1773,2153,1949,2712,4713,4184,2677,847,2562,1609,1668,3540,1483,3540,2153,71,2919,331,3618,1841,1085,58,1327,2831,1245,164,2572,2612,5645,2368,1141,1209,0,2097,1415,2920,45,1369,2771,4713,2337,823,1980,3180
2791,1479,3765,535,3468,1809,2797,2702,6061,3921,257,2311,3414,1505,2017,3203,3853,2323,1729,2226,1458,3858,2920,2002,299,648,1661,1763,3448,2397,3173,2163,1473,2037,841,2746,2779,701,2053,6061,366,794,1027,709,3493,646,2594,3005,0,3593,1711,688,3607,988,606,1201,324,1010,3297,3505,6061,2258,2907,2723,1420,3854,3016,2397,746,3502,1010,3871,2299,2207,2476,391,2961,2179,3203,2226,2593,1946,1430,675,1809,630,3515,921,2121,0,3765,2298,2166,2717,2015,6061,4213,2513,149,2068
2183,3755,0,3738,538,4055,3305,2094,6098,2064,3874,4219,1766,4855,4293,1263,1689,4599,4005,3570,3200,2002,1716,3462,2961,3624,3117,4009,2814,4673,4031,1421,4222,3852,3794,2878,1184,2977,1311,6098,2996,3992,4224,3882,4164,3597,1682,4237,3231,4264,4049,3639,1667,3264,3677,4141,2907,3286,4095,3771,6098,5318,3416,916,3696,1797,3687,4673,2616,5558,3286,2014,4052,1465,4752,2975,1021,1437,1263,3570,1984,1473,3706,3746,6292,3502,1328,2343,1379,3231,0,4054,1424,2108,3831,6098,1719,1952,3114,4314
3939,2278,3453,1586,3156,896,3651,3850,8716,4725,1759,223,3903,2550,2816,5275,3542,3122,2528,3025,2257,4684,4068,2800,1221,2147,2460,850,4595,3196,4321,2905,2745,1198,2317,1791,3488,1500,2795,8716,1165,1840,2072,2405,4640,1445,3807,3804,1429,4740,389,1486,5536,924,2200,2246,1246,1809,4444,2451,8716,697,3761,3465,2218,5932,4163,3196,1545,4301,1809,4697,1,2949,3274,1498,3703,2921,5275,3025,3740,3093,2229,2269,3443,2024,5463,1719,2863,1429,3453,0,2908,3864,1176,8716,3902,3661,1312,1014
1429,2467,1643,2833,1819,3149,2551,1340,4698,271,2968,3371,1025,3566,2998,1555,2340,3304,2716,2816,2446,208,758,2708,2055,2718,2363,3103,2060,3378,1811,3,2927,3021,2888,2046,610,2071,818,4698,2090,3086,3390,2976,2130,2692,929,2203,2325,2230,3217,2733,1959,2358,2771,2845,2001,2381,1934,2940,4698,4412,2662,533,2790,1594,1654,3378,1710,3525,2381,221,3147,559,3456,2069,1313,43,1555,2816,1230,322,2800,2840,5265,2596,1126,1437,228,2325,1643,3148,0,1354,2999,4698,2565,806,2208,3408
602,1898,2465,3185,3495,3967,1119,39,3686,1990,2559,4113,1224,2998,2429,3262,5001,2116,2148,1610,1877,1927,989,1662,2842,2222,1794,3921,1517,2023,514,2190,2359,3747,2901,2773,1430,2859,2080,3686,2878,2775,2822,2329,1119,3418,971,937,3112,1219,3943,3459,3181,3084,2362,2277,2788,2296,637,3666,3686,5138,1229,1675,3577,1480,642,2023,2436,2513,2296,1940,3873,2234,2143,2857,1836,2206,3262,1610,124,1972,3587,2431,3971,2187,1585,2163,2148,3112,2465,3874,2193,0,3725,3686,5031,1106,2995,4225
3545,2393,3060,2376,2763,503,3766,3457,8323,4354,2512,685,3510,3492,2931,4882,3149,3237,2643,3140,2372,4291,3675,2915,1599,2262,2575,457,4202,3311,3928,2512,2860,44,2432,1398,3128,1615,2402,8323,1634,2630,2862,2520,4247,2235,3348,3919,1869,4347,515,2277,5143,1902,2315,2779,1545,1924,4051,2058,8323,2582,3876,3072,2334,5539,3770,3311,1660,4416,1924,4304,840,2556,3389,1613,3310,2528,4882,3140,3347,2700,2344,2384,3558,2140,5070,1834,2470,1869,3060,838,2515,3471,0,8323,3509,3268,1752,621
3541,4837,6202,7209,6547,6814,4202,3710,0,4929,5498,7052,3641,6697,6757,4428,6167,5488,5087,5186,4816,4866,3928,5078,5720,5161,4733,6768,4456,5396,3402,5129,6670,6686,6925,5712,4369,5798,5019,0,5755,6800,6847,5268,3535,6357,3910,3608,7351,3635,6882,6398,4348,6023,5301,6718,5666,5235,3467,6605,0,9140,4793,4614,7047,3896,3058,5396,5375,4930,5235,4879,6812,5173,5515,5734,4441,5145,4428,5186,3601,4912,7013,5370,5856,5126,3839,5102,5087,7351,6202,6813,5132,3725,6664,0,6198,4045,5873,7073
3867,5163,1176,4547,1522,4625,4528,4036,5795,3504,4683,3717,2981,6830,6891,2354,441,7048,5413,5512,5143,3442,4255,5405,3770,4433,5059,4579,4782,5722,3728,2230,6803,3350,4603,2376,1993,3786,2120,5795,3805,6933,6980,5594,3861,4406,3122,3934,4040,3961,3547,4448,2615,4073,4486,6852,3716,4095,3793,3269,5795,5608,5119,1725,4505,3011,3384,5722,3425,5256,4095,3454,4861,2274,7195,3784,2708,2246,2354,5512,3927,2282,4515,4555,5989,4311,2542,3152,2188,4040,1176,4863,2233,4051,3329,5795,0,3392,3923,4883
822,1860,3093,2859,2795,3176,1945,733,4092,866,2521,3398,1445,2960,2391,2489,3181,2698,2110,2209,1839,804,310,2101,2082,2183,1756,3130,818,2772,1204,778,2321,3048,2915,2073,694,2098,983,4092,2117,2737,2784,2291,1524,2718,317,1597,2352,1624,3078,2759,2408,2385,2324,2239,2028,2407,1328,2966,4092,4438,2055,919,2816,2015,1047,2772,1737,2918,2407,816,3173,1154,2850,2096,1891,765,2489,2209,624,808,2827,2393,4376,2149,1546,1464,823,2352,3093,3174,775,748,3026,4092,3541,0,2235,3435
2759,1134,3732,652,3435,1777,2453,2670,6028,3888,406,1968,3382,1718,1672,3171,3821,1979,1384,1881,1114,3826,2888,1657,182,1003,1316,1730,3415,2053,3141,2130,1439,2004,1173,2713,2746,669,2021,6028,155,1008,1240,858,3460,614,2561,2660,149,3560,1679,655,3575,955,595,1414,207,666,3264,3473,6028,2334,2563,2690,1075,3821,2983,2053,713,3157,666,3838,1744,2174,2131,274,2928,2146,3171,1881,2560,1913,1085,664,2299,881,3483,888,2088,149,3732,1745,2133,2684,1982,6028,4181,2481,0,2035
2925,3682,2440,3665,2142,835,4006,2836,7702,3733,3801,1293,3548,4781,4220,4261,2528,4526,3932,4271,3661,3670,3054,4163,2888,3551,3817,789,3582,4600,3307,1891,4149,2354,3721,777,2507,2904,1781,7702,2923,3919,4151,3809,3626,3524,2727,3699,3158,3726,853,3566,4522,3191,3604,4068,2834,3213,3430,1437,7702,4611,4116,2451,3622,4918,3150,4600,2543,5021,3213,3683,2965,1935,4678,2902,2689,1907,4261,4271,2726,2079,3633,3673,7896,3428,4449,2270,1849,3158,2440,2964,1894,2850,2332,7702,2888,2647,3041,0
