0,5968,9103,7213,13083,4237,16004,12646,6233,16968,3213,13763,4009,11271,4254,9746,14263,7837,11331,9199,10754,4560,11561,9304,13142,12502,9652,3413,5986,6523,11368,9577,8321,13530,8861,13421,12293,10045,10890,9416,10251,11118,11615,3002,2702,14082,12290,12396,1998,6245,9536,6629,3931,4822,5842,1904,6718,1681,11706,7174,9358,8468,1221,8679,13309,14136,7274,5374,13863,13312,11083,11217,9034,11574,10567,7206,5412,6450,11839,10593,7784,10846,11133,14426,6212,3750,10849,16477,2096,10986,7257,10752,11678,8721,9374,7579,8861,8751,8883,10899
4998,0,10975,9125,18889,6144,18248,13976,12780,17553,5457,9394,5153,7854,10801,11617,17417,9729,8834,4293,6507,11108,10785,5057,15108,11312,7596,8476,3596,13070,14529,10681,6267,17262,5497,17121,13423,17673,18939,7360,5942,17064,9118,8718,7554,10665,16098,5341,6499,12793,8503,13176,8263,3876,10952,6306,1834,8063,20278,13387,7302,3584,6177,7042,19224,11713,8993,10277,15940,14979,13830,17538,4788,14587,15032,2729,9829,1973,14232,6347,5728,6599,9078,12370,12759,8082,15007,18508,8643,13947,2182,6505,10488,11682,17328,5523,4521,16480,3999,8402
8619,11346,0,2219,13432,10849,16849,19157,9410,9715,8949,20704,11176,7550,10807,1356,9100,14596,7285,14917,18658,9877,17294,15329,20111,8816,18153,11968,7311,9226,6174,3433,8674,7235,15823,7126,18324,9165,9796,18901,12232,5390,6967,5665,7746,10129,6273,12404,7433,9130,4461,10287,4869,8862,5713,9798,12647,10192,14875,11607,15060,16233,9930,9058,15273,8404,2992,13769,18261,20995,18464,5489,16250,17163,3885,11121,5874,11697,17965,17724,15149,17124,19503,21092,9001,5068,4708,8931,12135,7588,12504,18195,7838,3302,8445,14942,10811,13843,16812,6331
8219,11185,2063,0,12996,10689,18487,17416,8974,9874,8549,18162,11015,6191,10371,2705,8291,14428,5403,13355,15547,9442,18718,15426,20228,7303,18737,11568,7151,8790,4311,2451,5932,7631,14587,7522,19997,8729,9360,17667,12072,6244,5687,5265,7586,9943,6308,12244,7010,8694,3101,9851,4433,8702,5032,9398,12486,9792,16263,11171,15613,13283,9530,6356,16023,8218,1408,13369,18259,18797,18567,6343,13421,19097,4043,10968,5438,11537,19801,14767,15570,17403,16809,17965,8565,4632,4866,8122,11735,7152,12344,15227,6478,4157,8010,15203,10650,13407,13790,4972
17648,17138,13886,13778,0,14775,13216,12397,7475,15088,17977,19354,14547,21488,7981,14528,13852,11689,17981,22860,23228,9072,15983,19438,12474,18808,22582,12914,16705,7765,15298,14822,19052,14361,21144,15745,15936,6202,5412,19459,22114,10013,18120,14693,11349,21859,13900,19825,12245,7488,17525,5302,13015,13863,8366,13150,19554,12955,2323,6154,18150,21754,12509,19147,2266,21726,14412,12867,14670,17037,11912,10104,20849,11325,12215,18479,11232,20268,12788,21945,17315,20899,20260,21430,7454,13214,15247,14778,11556,8085,19137,20031,19667,13119,3704,17946,18903,5273,22356,17679
5493,6764,12325,12217,14578,0,12967,9269,7727,16711,3959,9845,1192,13189,5749,14492,19067,3918,13302,10110,8880,6055,7643,7430,9765,15434,7403,3424,6762,8018,14708,14708,9097,16115,6612,15984,8375,11540,13872,7167,11277,14154,15364,10068,5691,17295,15088,10675,5607,7740,11056,8133,8566,3097,8832,2549,6120,3330,13201,9028,7109,7913,3550,9455,15877,17026,10569,5225,10486,9394,7706,14295,7161,8197,13498,8063,8216,7307,8462,8719,5535,8972,8235,16268,7707,8385,15252,18339,3591,9073,7507,8878,14319,11985,10869,5330,9856,10905,8328,12916
9934,13764,18571,16773,14975,9028,0,3526,12576,21416,8400,6714,8799,20134,10597,18318,22530,5026,20405,16142,17242,10904,7694,15792,2976,23304,15838,8272,14285,12866,19911,19102,18978,21832,12335,23927,5481,15713,17957,15602,18696,20635,23135,12127,10430,25312,23038,17470,11435,12589,18491,8618,15310,11460,15715,7402,14482,8183,13598,7076,11427,16275,8403,17915,14072,24863,16536,4672,3696,6501,2790,18581,15523,3324,21010,15676,13064,15248,1672,17081,10930,17334,9691,13138,12555,14081,19602,21897,8439,18691,15350,13208,23726,19196,13676,13765,16233,9680,14845,22077
12511,15404,17381,19196,12745,11605,5643,0,15153,23899,10977,8025,11377,21075,13175,20813,22889,7604,23406,15824,14196,13481,9005,15104,1890,21991,17149,10850,15224,15444,22681,19781,18163,22294,13646,22174,6792,17346,16239,16913,19906,18995,21800,14800,13008,23907,21393,16973,14013,15166,21253,11195,14487,14037,14625,9980,17060,10760,11368,9654,12738,15768,10981,20756,13621,25777,17216,6060,2605,7812,1168,18805,14835,1213,21511,16908,13444,14961,1492,16394,12241,15085,11002,14449,15133,14702,20092,22266,11017,13293,15078,14519,24698,19656,14990,15076,17303,8135,14656,22994
5806,10978,9660,7861,7648,7260,20204,14873,0,10710,7122,15240,7032,13815,4471,10302,16199,10860,13030,16249,15820,2397,14584,15570,13427,15364,17781,5398,10290,1027,12031,11568,10840,12413,14226,12304,15328,5332,6177,16608,14672,7803,13313,6040,3834,14929,11173,14634,4559,749,10691,2818,5610,8967,3708,5635,11990,5440,7703,4677,13354,14033,5010,11223,8181,17586,7922,8392,13576,14739,13310,7894,13548,13801,9449,14150,3900,11460,13283,16264,11780,15815,16396,17137,716,5429,9732,16065,4041,2865,12267,15034,14539,7603,4661,11575,13840,6025,14594,12598
17165,19346,9464,9620,12623,18418,23604,21684,10158,0,16054,26775,18898,15555,15169,8778,2303,19439,11804,23400,23231,16238,22308,23822,22352,13335,26796,14657,13671,9974,9809,8805,15073,4898,22054,4789,25409,7091,7616,25663,18071,5792,11486,14210,14674,16717,5508,18737,14966,9878,11307,11009,12018,17375,9477,15942,19135,15022,15673,13616,23135,21048,13282,14336,12248,10756,10231,16845,24922,26343,23093,3774,21026,21178,5799,20090,12988,20331,24604,22356,21212,23406,25993,25308,9749,12217,5332,2560,16737,9990,21436,22764,13521,6935,8863,21115,18741,14376,23779,11338
2970,6696,10513,7954,14383,2891,13001,9643,7533,14566,0,9547,3486,13121,5554,12680,15053,6490,11536,10042,8812,5860,10242,7362,10139,13053,7710,3229,6219,7823,10798,12896,8554,15218,6919,15073,10946,11345,12190,7474,11209,11859,11820,5163,3412,15219,13032,10607,3328,7545,9244,7938,6162,3029,6552,1349,6052,1164,13006,8474,7416,7845,1716,8912,15213,13302,8015,5030,10860,11966,8080,11958,7093,8571,11308,7996,6121,7239,8835,8651,5842,8904,9192,12484,7512,5861,11590,15863,3396,11727,7439,7792,12228,9462,10674,5637,9788,10710,8260,11104
16271,10886,18785,20017,17560,12017,12276,9998,16797,24293,14737,0,7345,19473,15986,20018,27567,10909,22602,16101,9882,15685,4843,9979,9448,21115,7222,13661,14007,17259,23159,22239,18392,23882,7580,23751,6697,19601,20391,6986,14981,23880,21214,13907,16713,22187,25193,13608,16629,15397,20878,15855,15705,9961,17044,12787,9793,14465,17429,13117,6672,10478,15017,19336,21096,24899,17745,11045,10168,4317,8935,21710,9710,9796,23414,11821,15719,11229,8144,9721,6175,9974,4936,6430,15427,17370,23811,24353,13828,16454,10732,8453,23411,21858,19752,6843,14602,15241,10894,22210
6284,6335,13628,11268,15368,1420,14270,10571,8518,17146,4750,6005,0,12759,6539,14270,19498,5221,14754,11268,8184,6846,7396,6734,11068,14069,6994,4214,6587,8808,13576,16011,11172,18143,6203,17998,9677,14798,15890,6758,10847,14609,15477,11370,6482,17248,15427,10246,6398,8531,10061,8923,9356,2923,9622,3340,5631,4120,15173,9125,6700,7233,4340,9280,16488,17110,11329,6015,11788,10697,9008,14767,6465,9500,13872,7634,9006,6878,9764,8023,5126,8276,7042,11768,8497,9175,14188,18771,4381,15041,7077,7076,15812,12776,11659,4921,9426,11696,7648,11393
10895,7174,7084,6406,19497,12398,22191,23228,18454,14113,11355,21463,12725,0,16001,10884,13638,19526,3007,10275,14842,12814,19552,11698,22162,3367,16039,14633,6206,18271,7421,5707,2701,11773,14876,11664,21062,17852,17341,15356,7754,13493,3700,9767,14079,3558,10811,8440,13587,18174,3529,16676,10256,10411,10886,12204,8475,12598,21425,17979,16326,10225,12074,2834,21478,5137,6222,16330,23968,23613,22833,15360,10440,21373,10556,6957,11580,7525,21478,12988,15647,13966,17149,18515,18046,10075,11365,13468,14541,15200,8332,15197,2543,9136,18878,14657,5257,18907,10640,3428
4533,9705,9762,8402,9217,5988,13889,10230,4243,13763,5849,11764,5759,14518,0,10404,16355,9587,13995,13312,14826,3217,13311,12027,10307,14809,12375,4126,9960,4534,12573,10766,12777,14192,11584,15510,14043,8701,7946,12139,14770,9829,15911,5298,3263,19022,13296,14692,3988,4256,11232,2654,6152,7695,6879,4362,10717,4167,7840,3003,12081,12614,3737,12653,9442,16086,8463,7119,14817,15063,12037,9920,11758,9158,10823,10943,5378,10187,12793,13316,10507,13271,12801,15342,4222,5971,11106,15657,2440,5419,10994,12457,16987,8977,6250,10302,13098,4768,13029,15022
9236,11962,2056,3411,14049,11466,20190,18884,10027,10314,9566,22064,11792,7940,11423,0,9699,17667,7884,16884,17560,10494,18676,16015,19769,9415,20956,12585,7928,9843,6773,4032,9291,7834,18302,7725,19759,9781,10413,19880,12849,6346,7566,6281,8363,10728,6872,13021,8050,9747,4851,10904,5486,9479,6330,10415,13484,10809,14985,12223,16120,16848,10547,9675,14498,9003,4076,15123,19754,22548,20137,6445,17018,20609,4483,11737,6491,12314,19459,16786,17762,19627,20681,19980,9618,5685,5307,9530,12752,8204,13566,19009,8228,4259,9062,17420,11428,14944,15789,6721
16495,19196,9023,8407,15267,17299,24832,25227,14161,2320,16591,25011,17691,12801,14839,8922,0,20438,10520,23096,25556,14628,23255,23834,26037,12051,24530,15479,14791,13977,8199,7212,14150,3288,24436,3179,26581,8768,9292,25934,19241,5104,9027,13540,13064,15146,3898,20133,13356,13881,10093,15038,10408,17637,10685,15060,19102,14298,16111,14958,23618,20926,13872,13052,14960,9146,9018,17906,23807,24922,22186,5247,23196,22469,3428,17936,11378,20061,23514,24677,21535,23420,26515,25510,13752,10607,3426,253,14004,12339,19207,22836,12237,7203,10540,21317,16458,15987,21431,9794
14394,13912,16087,15902,17639,12232,10263,7986,18179,21425,12860,5926,12558,17716,16201,16030,22527,0,17974,18915,14455,16507,6958,13005,7436,18712,15050,13875,18111,18470,19336,18438,16314,21636,14259,21498,4456,15579,14839,14814,16222,16753,18564,20147,16927,20549,20585,13672,16843,18192,16069,13078,17466,15123,20156,13001,12819,14680,16262,11536,10639,13504,15231,15489,13420,22184,14167,11259,8156,5476,7250,18381,12736,7741,18600,14848,18668,14255,6132,14295,10142,14547,8850,12350,18159,17285,19154,21818,14043,23151,13758,15132,21046,16839,20047,12977,15360,15255,13920,17600
10984,8985,6297,5619,19818,14662,22489,21237,14328,11870,11444,20507,13387,2897,15425,5495,9991,19811,0,12304,15474,11984,20124,15723,24550,3242,19579,14463,5376,14325,3129,2907,4245,7482,16754,7373,23721,14208,16867,16975,11283,9378,957,8900,11019,4731,7164,9536,10705,14047,2741,13956,9426,9581,10099,12293,10286,12687,22092,15522,17609,12036,12163,3148,21897,2830,5434,16235,24234,24250,20785,10535,13784,21375,6441,8760,10792,9337,23923,16588,15540,17535,20362,20503,13919,9209,8962,9821,14630,12505,10116,15610,2339,8349,15436,14803,7630,19744,13477,432
8997,4259,16441,14720,20741,10787,14645,17441,14743,21231,9457,15110,9356,11648,14672,15319,20955,14369,12321,0,5001,15877,13153,3726,18664,13388,10344,12504,7596,15202,16380,15615,10061,19094,5484,18970,16273,19859,23148,10108,4491,19249,13345,13931,14942,12203,18057,3741,14450,16567,12436,16035,15735,8078,15537,10855,4157,11241,21852,15526,10050,2921,11790,11186,22809,15603,12931,15104,17765,16172,17476,21717,3465,16648,17255,4074,15986,3318,15936,4841,9122,5093,11825,15118,15235,14239,17157,20349,13470,16437,2966,4799,14059,18392,21458,8271,5729,18274,2175,12335
10117,6821,16929,17135,21075,9699,20546,15646,17436,25604,10424,10176,8194,13466,13451,19354,23187,13283,17055,4852,0,16829,11771,1887,15247,15805,4574,11416,9748,17960,19223,16694,11658,21459,2267,21331,14967,23105,24301,4338,8739,21037,16265,15781,12400,15704,20402,7989,11619,17732,16194,16584,15827,7173,16941,9767,4932,10153,24106,17162,5198,4186,10704,12433,25427,17197,16455,14019,14324,13264,14379,21400,2215,15172,21360,7125,15769,6369,15636,1401,5723,297,6560,9853,17916,14184,21374,22557,12385,19260,5841,1582,15542,18579,20209,5518,8780,18152,3571,15197
5328,10500,9181,7382,8308,6782,18354,12416,2161,11828,6643,14231,6553,16773,3267,9823,15721,10381,12551,14405,15269,0,12843,14965,12912,14989,16965,4920,9812,2451,11538,11755,10362,11934,14982,11825,14837,5998,6843,15791,13330,7941,12835,5562,3356,17115,10695,14956,4251,2174,10212,2068,5179,8489,4374,5157,11512,4962,8674,3691,12875,14984,4516,10745,8052,13815,7443,7913,13633,13632,10853,8031,12552,11344,8971,13644,3421,10981,11609,15621,11301,15223,13994,18067,2140,4951,9253,15587,3562,3624,11788,14416,13456,7125,5327,11096,13362,5602,14155,12120
13025,11184,19060,16983,14502,8772,12159,10023,14719,24587,11492,3771,9098,21549,12741,20584,25631,4861,22180,14028,11731,13047,0,10281,10520,20818,8494,10416,13774,14888,22079,19205,16655,22367,7703,24512,4069,18771,19525,8258,17473,21632,20764,16688,13467,22362,21391,16129,13383,14598,20205,11324,14243,11663,16588,9541,10095,11220,14193,9783,6795,10781,10542,17422,17599,24542,16666,7710,11240,3008,8460,21567,10012,8952,21640,12288,13763,11532,9216,11571,6297,11823,5059,10322,14699,14378,20100,22607,10583,15569,11034,8576,23258,19923,15153,6966,16798,12387,11196,19754
8780,5484,16895,13996,21424,8362,19209,17294,14126,21613,9087,8838,6857,11908,13206,17651,21624,11946,14266,3536,1819,13578,10434,0,14236,16155,5687,10079,8411,14602,17656,16811,10321,21977,2527,19811,13629,19270,20356,5451,7352,21368,16588,14444,11063,14849,18879,6602,10282,14395,14696,14915,12113,6647,15258,8430,3051,8816,22361,13968,5478,1926,9367,11096,23638,17728,13392,12681,14734,11927,13258,19738,747,15489,17798,5244,14080,4488,16487,889,4386,1911,7169,10461,14562,11864,17840,20988,11048,15781,3847,1842,14478,16951,20422,4181,6899,16589,1754,15396
12323,16651,18247,18353,16103,11417,4586,2103,14799,24636,10789,7837,11189,24427,12987,21789,23624,7416,22274,16934,16805,13293,8817,15690,0,25390,16961,10661,17980,13688,23725,20736,21220,23105,13264,25335,6604,16229,18363,16725,21153,19673,25158,14423,12820,24995,22224,19955,13825,14817,20301,11007,16975,13849,16958,9792,14275,10572,14726,9466,12550,16985,10792,19911,13679,24423,18174,7674,937,7624,2115,21434,14026,1901,22404,18156,15697,16093,1304,15641,12053,16230,10814,14849,14708,15631,20925,23009,10829,13953,16205,13922,25868,18621,14017,14888,18432,8823,15753,24138
10954,9204,7098,6419,20730,14004,21144,24238,15128,13386,11414,23272,15506,3116,16322,7400,10863,20624,835,12523,17420,15596,22945,14657,23036,0,18192,15334,6233,14945,3856,4023,4464,8998,15630,8889,24507,14991,16077,17433,10489,11237,2335,9794,11875,4763,8036,9755,11562,14848,3542,14794,10351,10438,10900,12263,10505,12657,20877,18023,18238,14819,12133,3367,20687,3772,6235,18752,25055,22697,21551,11336,15644,22149,9021,8987,11593,9556,22452,15436,17709,16264,19013,20950,14720,10102,9834,10693,14600,13306,10335,16004,2552,9150,17913,15287,7849,20667,15203,1158
10681,7747,20008,17000,20488,8421,15936,13657,16132,24312,9147,5565,6916,17677,13265,19013,27036,12006,17764,9550,5053,15393,6968,6154,13107,20051,0,10138,10627,18302,21246,18483,13649,25326,2752,22847,10356,23309,22151,236,10969,21928,18542,14503,13356,20344,21914,10219,11039,16371,16698,18012,15312,6888,19332,8489,5968,8875,23104,16394,3695,6653,9427,14581,24657,21640,18115,12741,13828,8653,12921,24453,5885,13455,22779,8161,17934,7405,11803,4893,3197,5145,2859,6151,16495,16768,20801,23880,11107,19495,6907,3624,18051,19634,20045,2488,9816,17200,7069,17455
3562,8823,11868,9977,12789,3598,13364,11210,5938,16154,3459,9374,3369,13277,3298,12510,17061,7197,14186,12378,11190,4266,10921,9740,11707,13913,10089,0,8841,6229,14133,12341,11176,14548,9297,15895,11653,9750,10596,9853,13106,13882,15061,5767,3902,17726,13575,12567,3818,5951,11622,6344,8133,5408,7042,1972,8431,1758,11412,6546,9794,10180,1949,11534,13015,16836,10038,4729,12427,12673,9647,13981,9471,10139,13331,10061,6427,9305,10403,11030,8220,11282,10411,14863,5918,7884,13613,14827,1802,7377,10112,11188,15877,11485,9080,8015,11716,8457,10596,13754
5526,3979,8570,6710,15156,7230,15745,16779,11031,15068,5986,15439,7557,7031,11330,9212,13420,10815,5636,7210,9598,9359,15181,8148,16313,8262,10530,9004,0,14100,8070,7469,4080,13709,8588,13600,16806,13857,14243,10294,6512,11720,5920,6312,8394,9842,12746,6176,7027,13822,5305,11457,6870,5244,9873,6835,5162,7229,16793,11658,10236,6911,6705,4439,19000,8245,6216,10806,15896,15652,16392,11819,7879,15539,10365,4144,10567,4461,17224,9438,8661,9690,12011,15304,13694,6621,11174,15404,9172,12280,5268,9596,7438,10416,13246,8457,5090,13804,7327,5205
6192,11364,8592,8247,7478,7646,20034,13693,1027,10992,7507,15660,7418,17637,4856,9234,16585,11246,13416,16755,16295,2783,13508,16093,15087,16543,16606,5784,10676,0,12492,11165,11226,11855,16204,11746,14243,5162,6007,15542,13709,7126,14694,6426,4220,15130,10615,15101,5115,712,11077,3108,6043,9353,3538,6021,12376,5826,9387,4968,13740,14502,5380,11609,8472,16131,8308,8778,15284,15088,12130,7216,14023,12622,8787,14508,4286,11846,13575,16789,14720,16292,16898,17610,376,5815,9174,16451,4427,2788,14832,15510,14925,7046,4491,14965,14226,6315,16602,12984
13040,13314,4936,4418,16861,13344,21945,20579,13329,10008,13369,21012,14963,7840,14726,4249,7484,17544,4945,14861,17441,13796,20032,16019,21526,6475,19277,16388,11732,13327,0,2251,9189,5620,18482,5511,23415,12031,12555,18368,14340,8367,4626,10085,12167,8403,4657,16825,11853,13049,4210,14206,9289,13283,9602,14219,14868,14612,19266,13829,18524,16629,14350,8091,17039,6063,4234,16992,23601,24101,20019,9093,17055,22603,5431,13061,10295,13666,21120,18526,16622,19591,21413,20200,12920,9488,6456,7315,16555,11507,14444,17320,7276,7791,14574,17774,11959,17498,17130,4311
11200,13927,3313,2625,16336,13430,21054,21802,11484,9401,11530,20177,13757,7091,12880,2639,7164,16729,4810,14168,18399,11951,21167,15252,22855,6340,20371,14549,7200,11481,2021,0,6515,5300,17616,5191,20425,10186,10710,17567,14205,6522,4491,8246,10328,7654,4337,14986,10014,11204,2593,12361,7450,11444,7762,12379,15228,12773,18709,13680,15979,14349,12511,7342,18310,5928,2440,14625,22716,21042,19228,7247,14703,19727,3585,10452,8455,14278,20318,16041,15805,18754,20503,19411,11075,7649,4394,6995,14716,9661,11798,16546,4739,5019,12728,15324,13392,15245,16326,2694
7738,5601,6701,5951,17286,9195,17219,20018,11283,13676,8197,16687,9521,3364,13542,7343,16256,14802,4077,8703,11576,9610,18356,10126,19253,4928,15044,11216,3003,11573,10039,6365,0,14391,10565,14282,20009,15985,17282,12328,6874,16111,4816,6564,8645,5683,13429,6868,8332,11295,4201,11708,7121,7208,11838,9047,6903,9440,19092,13675,12270,8652,8917,1104,19326,6317,4804,14831,20756,20422,17811,11996,8868,18474,13174,5384,10114,5953,18564,11415,10696,11668,15968,15958,11262,6872,13983,16087,11383,12932,6732,11574,4103,10667,16649,10491,3605,16348,9068,4100
13465,15662,7191,8547,15828,17761,24062,24572,12584,5845,13807,26322,16461,10970,15642,7091,3321,19630,8689,21045,23652,13052,24652,19940,25465,10219,22978,16035,13064,12582,6345,5380,12318,0,20559,109,23350,8788,9222,24254,17019,5125,8370,10510,11488,11533,2067,17981,11780,12304,7450,13461,8832,14532,9108,13914,17403,13234,18338,16124,20071,21115,12780,11221,15708,7315,8380,17195,23193,24101,21631,5850,21349,21984,4187,16082,9802,16373,25237,20717,20083,21728,22714,23942,12176,9030,2368,3152,13551,10762,19150,21187,10405,5627,12373,21791,15957,17652,21653,7707
8587,5291,17439,16077,19184,7630,16656,14377,15679,24307,8356,6285,6125,13497,12474,16606,22171,11215,15201,5594,2302,13593,7688,2627,14619,17227,3225,9347,8218,14702,16769,15983,10128,22659,0,20428,11076,19334,20389,2989,10178,21764,17612,13712,10331,15957,21486,9428,10247,15962,15603,16292,13030,6097,15485,7698,3402,8084,19906,15029,2931,4926,8635,10903,21154,17073,15435,11950,14548,9373,15000,22103,2955,15491,20193,5595,14261,4839,12524,2141,2433,2394,4706,7999,16127,12781,20294,21527,10316,17464,5045,873,15497,19150,20330,1697,7250,17823,4310,14892
13356,15534,7082,8438,14286,17617,21709,24440,12475,5736,13676,26178,16330,10861,14072,6982,3212,19505,8580,20908,23510,12943,22240,21835,22987,10110,25181,14422,12955,12473,6236,5265,12209,109,22515,0,23225,8679,9113,24109,15327,5016,8261,10401,11379,11424,1958,16195,11671,12195,7341,13352,8723,14400,8999,15192,19039,13353,16563,14519,19939,20974,12671,11112,15645,7206,8271,17073,23072,26425,23710,5741,19241,21867,4078,17588,9693,16247,22777,22690,21989,23806,22582,23811,12067,8921,2259,3043,13442,10653,19012,21057,10296,5518,12264,21647,14360,15918,21513,7598
14842,14794,20196,18143,14459,10588,10903,8625,13907,23053,13308,5397,10915,23214,14558,21778,24117,6487,21522,14765,11631,14864,2913,11698,8075,22235,10120,12232,15249,15698,21244,22512,18154,25736,9329,25598,0,19216,18025,9885,17496,20361,22140,13985,15284,23882,22401,16291,15200,13984,21685,13230,15319,13480,15856,11358,11512,13036,13889,11689,8421,12197,12358,18897,15751,23672,19693,9616,8795,2727,7889,22310,11429,8423,20591,14695,14606,14277,6771,11471,7924,11723,6685,11312,15360,15485,21103,23478,12399,16246,15704,10202,22558,18975,16986,8593,16859,15895,13502,23310
8999,16035,8273,8087,4875,11428,17318,15738,5091,9725,11289,21604,13426,16197,8638,8638,8948,14135,15660,21888,20964,6565,17031,21239,17887,16522,21148,9566,12862,5088,11719,9859,14503,9073,21310,8964,17435,0,1168,22135,19936,4651,15635,9719,7988,18212,8923,18215,8280,4811,10682,5370,6905,14413,4225,9802,18874,9607,6765,6921,19083,19182,9280,15812,6398,15665,8721,12559,18371,18374,14956,4742,18694,15033,6853,17159,6302,17200,16397,21922,19712,23085,21662,22147,4682,7104,7482,8778,8208,3875,19951,22210,15937,5457,2505,20044,18631,6722,19743,13961
10898,17183,8813,8886,5083,15289,16293,17898,6015,8063,12214,22475,14417,19112,9563,10372,9445,16355,15304,21002,22049,7489,17715,22436,16660,17720,24415,10491,15698,6013,12259,10399,15680,9610,22472,9501,19867,1185,0,23241,21240,5188,15256,15825,8926,19313,9971,21371,9327,5735,13425,5488,7953,14319,5273,10727,18242,10532,6974,7039,20146,20300,10086,15513,5084,16707,9520,13484,17163,20923,15446,5218,21804,17047,7393,20193,7349,20232,16899,23105,18887,24265,22671,25511,5607,8152,8529,9315,9133,5270,19251,21212,18772,6401,2623,21192,19935,6840,22993,16604
10445,7511,17149,16030,21447,8185,15700,13421,15068,23284,8911,5329,6680,16925,13029,18037,23530,11770,18709,9314,4817,14327,6732,5918,12871,19214,236,9902,10391,17129,20245,19362,12348,22006,2516,21874,10120,20083,21087,0,10733,23020,19559,14268,10887,19669,23081,9983,10803,16870,17454,16847,14284,6652,16484,8253,5732,8639,19969,15262,3459,6418,9191,13806,21354,18886,15474,12505,13592,8418,12685,23297,5649,13219,19666,7925,16767,7169,11568,4657,2962,4909,2623,5916,17006,15644,21840,22879,10871,16622,6671,3389,17335,18609,18987,2252,9580,17863,6833,18359
13197,5113,13781,10993,20064,11441,16963,18061,13312,19917,13527,16512,10508,7225,13401,16526,17458,14718,10244,4455,8864,14692,15854,7529,19192,9701,11044,16546,6514,15110,13063,13184,6961,15442,9347,16893,19283,18088,19271,10808,0,16467,10909,11524,12535,8516,14461,1536,12043,13607,10003,16866,13327,9231,13537,14376,5464,14770,21579,15557,10750,5699,14508,7457,24420,12346,10499,14145,18552,19432,19728,18787,7268,20555,15456,3491,14718,4172,20194,8704,9822,8956,12525,15818,13853,11832,13755,16902,16713,14945,3742,8662,9300,15262,20123,8971,3290,18365,5978,9903
14441,15482,5796,6897,9973,15600,18723,20936,7514,5948,14771,21666,16102,12275,11708,6055,4217,18465,9994,21215,23186,10778,19627,19388,21683,11524,24168,11527,13133,7512,7942,6082,12202,4342,19747,4233,22441,4448,4882,20886,18149,0,9675,11487,8777,14729,4953,16971,9068,7234,8583,8366,6558,14791,5014,10975,18695,10751,11863,12508,18491,20868,10069,12525,10163,11112,7508,14154,19923,21212,18267,1509,18797,20393,3076,16292,7091,18145,21640,20108,20694,23331,21057,22930,7106,6757,4242,4047,10210,5526,17452,22580,11710,3179,6220,20672,15343,10068,21464,8615
11268,9712,6580,5902,19971,13940,20991,24028,16636,11940,11728,23381,14042,3745,14436,6703,9416,20460,957,14708,17927,17103,22885,15050,22826,2622,20437,13665,5660,16634,3413,3191,4976,7552,15979,7443,24402,14186,16815,17746,10879,9662,0,9184,11266,4450,6589,10263,10953,16356,3025,15676,9741,9865,10382,12577,11013,12970,22287,17511,16706,15313,12447,3996,22007,2708,5718,16761,24870,24952,23510,10819,16054,24145,8283,9460,11076,10064,24557,15836,17953,16699,21182,19384,16227,9493,8388,9247,14914,14814,10843,18069,3194,9723,15524,17158,8367,20076,14268,1149
2963,6169,6954,5595,15393,5974,16084,13428,7309,15537,3293,15328,5745,11472,8637,7596,12832,9573,11532,9400,10785,5637,13324,9335,15897,12704,11033,6311,6187,7600,9750,7958,8522,12099,9775,11990,15414,9734,10593,10797,10453,9687,11816,0,3651,14284,10859,9913,2403,7322,9738,7924,3410,5023,5987,4142,6919,4536,12783,8126,10739,8669,4208,8880,13493,13552,5656,8113,14230,14598,11163,9786,9066,13471,9136,7407,5835,6651,13940,10625,9165,10877,12787,14156,7288,3161,9418,15046,6479,9555,7458,10783,11879,7290,12621,8960,9062,10037,9084,11100
4119,9291,9049,6091,10727,5573,19030,13186,3876,16316,5434,11350,5344,14118,2797,9691,13610,9172,11260,14136,13062,2204,12897,11612,13682,13698,14720,3711,9309,4167,10246,8455,10387,12878,11169,12769,13629,7689,8534,11725,13051,10160,11544,2907,0,14424,11638,12301,1597,3889,8921,4282,3884,7280,5984,3948,10303,3753,9350,4484,11666,12053,3307,9454,10953,16588,6152,6705,14402,14648,11623,10250,11343,12114,9914,10990,4365,9772,12378,12902,10092,13154,12387,14360,3856,3656,10197,13441,2353,5315,10579,13060,12873,8068,7018,9888,10708,6395,12468,10828
12933,8976,10038,12100,24092,15692,22966,26350,16454,15168,13809,24454,15649,2597,17259,10644,13742,22648,4044,11236,17309,15529,24646,16367,27549,3045,18458,16083,8245,16676,7181,7303,5205,11534,17587,11425,26322,20072,21286,17846,7900,16233,5027,14971,15897,0,10571,9058,13240,16719,5705,17656,14175,12451,14069,14472,10277,16008,26305,18987,19296,13467,15286,4680,26215,6464,8698,21103,24578,26706,23547,17080,14480,24201,10316,8759,15498,9328,24311,17170,18549,17911,21789,21115,17007,14374,11125,13405,16717,17754,11264,17819,2395,11751,19373,17489,7060,21519,15101,4245
12972,14606,6699,8054,15320,16629,20903,23578,12092,5352,13302,22858,17003,10478,14654,6599,2829,18676,8197,19902,22486,12560,23576,20807,24494,9727,24153,14962,12572,12090,5853,4881,11826,964,19495,855,24690,8296,8730,20942,15939,4632,7878,10018,10996,11040,0,16869,11287,11812,7113,12969,8339,14848,8616,14151,18012,12970,16171,15246,20961,19954,12288,10728,16919,6823,7888,16271,24562,23139,20742,5358,18308,23272,2557,16580,9309,15329,21989,21663,20966,20668,23875,25215,11683,8538,1876,2660,13059,10270,16332,22180,9913,5135,11880,20619,13479,16910,18595,7215
12441,4280,13025,10651,21851,11099,15850,18708,13277,20652,12771,14998,9856,8322,14357,13667,18267,15069,9547,3611,8108,13764,14634,6773,18105,10798,10288,15790,6172,13701,14161,11840,6898,16315,8591,17850,17956,20076,19390,10052,1530,18705,10277,10767,11779,9613,15305,0,11287,14960,9661,16584,12571,8579,13715,13620,4631,14014,21218,16598,9994,4943,13752,7115,21920,13443,10157,14671,19200,18051,18581,19292,6512,19424,16204,3150,13962,3338,17200,7948,9066,8200,11769,15062,13807,12855,14508,19495,15957,16476,2986,7906,10397,15827,18188,8215,2949,17871,5222,9561
2743,7915,6942,5583,12151,5656,15423,13269,5078,14906,3815,11433,5428,13603,4636,7584,12201,9256,10752,13621,12092,3406,12980,10642,13765,12651,10990,3795,7933,5368,9738,7946,9871,11469,10199,11360,13712,8890,9736,10754,11614,8943,11035,2392,1420,14592,10229,11786,0,5091,8413,5723,3389,6310,4560,3242,9332,3019,10774,5925,10696,11082,2337,8945,12377,13557,5644,6788,14486,14731,11706,9033,10373,12197,8505,10474,4130,8397,12462,11931,9122,12184,12470,13688,5057,3141,8787,12032,2478,6033,9204,12090,11826,6659,8219,8917,10192,7836,11498,10320
5917,11089,8476,7972,7362,7372,19918,13415,749,10877,7233,16970,7143,17362,4582,9118,16311,10971,13141,15031,16088,2509,13245,15865,13444,15475,18044,5510,10401,712,12143,11049,10952,11740,14482,11631,15412,5046,5864,15306,14997,7010,13425,6151,3946,15169,10500,13573,4841,0,10802,2830,5768,9079,3422,5746,12101,5551,9110,4690,13465,14313,5106,11335,8194,14600,8033,8503,13616,14827,11852,7100,13818,12344,8672,14234,4011,11571,14685,15021,11891,16079,16620,17375,401,5541,9058,16176,4152,2672,13293,16855,14651,6930,4375,13352,13952,6037,14875,12709
9252,8785,4355,3404,15901,9836,20380,19283,12113,12095,9996,18942,10163,3216,11444,4953,9795,17711,2429,11923,14693,12581,18332,13334,22375,4328,18404,13317,4732,12111,3579,2978,4048,7931,14157,7822,19675,11868,14797,15836,10260,8495,2713,6711,8793,5715,6968,9336,8480,11833,0,12990,7572,7850,7884,10845,10086,11239,17939,13389,16021,11836,10431,3467,19635,5038,3220,14226,22106,22266,18804,8594,11496,21352,6279,8387,8578,9136,21791,14126,15676,16598,18855,19388,11705,7020,7087,9626,13485,10291,9733,14657,3503,6407,14770,13612,7439,15773,12251,1997
6842,12014,11435,9041,5609,8296,16603,10921,2195,13253,8157,14386,8067,15130,2826,12077,17975,7731,15381,17673,18278,3195,11349,16438,11417,16305,16343,6434,11471,2486,16726,14008,12021,12003,14782,11894,12187,5822,5460,15286,15302,7781,14223,7221,5618,19459,10763,15047,5910,2208,11872,0,6887,10003,4214,6671,13026,6476,5275,2196,16417,15098,6030,12404,6008,17492,9102,7645,12138,13206,9358,7872,15838,9849,8936,15110,4935,13630,10114,15445,12815,18149,16090,19092,2175,6610,9322,17840,5076,3465,14399,17219,15566,7194,3764,13571,15593,3903,15652,15014
5365,8572,5598,4437,11507,8376,13891,15967,7491,12185,5695,17309,8147,13130,6395,6240,9480,11975,9641,13148,14360,4709,15698,11738,15401,11540,16876,8714,6866,7489,8592,6801,7450,8748,12177,8639,16884,7998,8629,15744,11140,6336,9925,2411,3744,15941,7508,11313,3395,7211,7383,6806,0,7426,3448,6544,9322,6938,14220,9687,13141,11071,6676,7835,13354,13143,4498,10515,16913,16018,15316,6435,11469,15826,5784,10001,3045,9053,16588,14799,11567,14488,16184,16308,7082,221,6067,9311,5177,5669,9860,13811,10716,3938,7279,11362,9719,8955,14481,9209
4120,5082,10512,8750,15279,5257,15840,12481,10371,15764,3047,10027,3792,11506,8393,11154,16002,8842,9499,8427,7197,8699,12566,5747,12978,10778,8128,6067,4261,10662,10292,9691,6596,16017,6186,15871,13298,14183,15782,7893,9594,13420,9783,8255,6768,14317,13472,8993,5622,10384,7735,10777,7453,0,10075,3897,4438,4291,15047,10979,7834,6230,4141,6954,15937,11626,8256,7869,13698,14317,10919,13723,5478,11410,12307,6381,8951,5624,11674,7037,6260,7289,9610,12903,10351,7204,12933,15349,6235,13070,5824,7195,9953,10805,13512,6055,8173,13549,6645,9067
5590,13972,5271,5162,8076,9191,14258,16119,3650,10028,7349,18785,8962,16848,7230,5913,9832,12790,11692,17125,18672,5544,15050,16817,15386,13222,17540,7329,9938,3648,9171,7844,10317,9100,17067,8991,17476,4318,5110,18168,14920,4953,11373,5421,4579,15506,7860,15116,4871,3370,7961,4527,3496,11489,0,6777,12867,6553,12692,7843,13969,14996,5871,10700,9924,12810,5828,10323,15540,18381,13933,5044,14670,15703,6136,13719,2893,14324,15247,17563,15796,17001,16500,20440,3241,3695,6419,9663,6012,1827,15159,17925,13414,4290,4523,15897,13437,9754,17141,9920
2876,6706,9751,7860,13083,2643,13614,10256,6233,14464,1339,8420,2415,12009,4254,10393,16598,6242,12069,9937,10199,4561,9967,8749,10752,13241,9097,1929,6724,6523,12016,10224,9059,15335,8306,13784,10699,10045,10890,8862,10989,11765,12353,4471,3372,15951,12938,10450,3288,6245,10275,6638,6016,4417,6512,0,7440,1124,11706,6840,8803,9189,1676,9417,13309,15261,7921,3780,11472,11718,8693,11864,8480,9184,11214,7944,6082,7188,9448,10039,7229,10291,9457,13872,6212,5767,11496,14400,2096,11633,7995,10197,12416,9368,9374,7024,9599,8751,9605,11637
7076,2568,13477,11716,17742,6840,18665,15772,13041,21090,7536,8294,5522,8992,11062,14861,21053,9744,10612,4157,4621,11369,9890,3171,15734,12227,5710,8737,5217,13331,13490,12905,7405,19181,3611,17274,13085,17124,20106,5474,5448,16962,11341,11220,9541,11311,16342,4908,8577,13054,10726,13437,10409,4942,13031,6908,0,7294,20728,13648,5416,1960,7845,8180,21822,13751,11222,10538,13536,11382,14209,19115,1965,15303,16848,2403,12251,1647,14691,4461,3842,4713,7192,10484,13020,10160,15312,20356,8904,13659,1853,4619,11403,14488,16579,3637,4058,15216,2375,10626
2156,8440,10690,8799,12878,4039,15010,11652,6027,13630,2278,9816,3811,12631,4049,11332,15758,7639,12690,11743,10556,4355,11363,9106,12148,13862,9454,2258,7345,6318,12542,11163,9683,14586,8663,12436,12095,9839,10685,9218,11611,10019,12974,4128,2496,14524,11305,13522,2412,6040,10988,6433,5105,4773,5637,1706,7796,0,11501,6634,9160,9546,800,10039,13103,15080,8860,5176,12869,13114,10089,10109,8836,10580,9581,8566,5206,7809,10845,10395,7586,10648,10935,14228,6006,4877,9864,15033,1890,7109,9183,10554,13038,7735,9168,7381,10220,8546,9961,12259
12255,18398,13496,14756,2521,13709,12150,11331,8355,14220,13571,19210,13766,23614,8213,16515,17757,12587,20044,24084,21872,8006,15643,20288,11408,23010,20962,11847,18509,8645,17480,16974,21042,16638,21940,18255,15308,7607,6816,22009,23784,11361,20221,16361,10283,23867,17823,23385,11178,8368,19772,6182,14683,16584,10061,12084,18807,11889,0,7052,18682,22856,11443,21213,2512,24062,16562,11801,14376,14894,11442,11451,19799,10259,15753,19791,10166,21664,11722,22805,17899,21633,18617,21862,8334,14881,16660,17277,10490,9311,20333,20750,23928,14786,5109,20563,22531,4207,23442,21748
5995,14477,12305,9148,7740,8727,10379,8725,4369,15007,9113,11461,9513,16313,2288,12947,16486,5535,17107,17113,15571,3962,9153,15395,9222,16352,14875,5587,14495,4659,15242,11511,15072,14630,13636,16002,9991,7084,7011,13848,17147,9642,15888,7327,4618,20927,13832,15059,6016,4382,14757,2196,6944,12173,6075,8116,15196,5629,6364,0,14221,15870,5183,15452,7966,17548,9209,5449,9942,11011,7162,9732,13471,7654,11569,14959,6123,14775,7918,14396,14985,16929,12485,15815,4348,6716,11851,15828,3901,5325,15476,15963,17032,9723,5315,14781,14466,3258,14929,15168
10387,7453,16598,14166,16468,8127,15748,13469,14949,20991,8853,5377,6622,14813,12971,17767,21429,11712,15976,9255,5232,13277,6780,5860,12919,16547,3722,9844,10333,15240,16807,17611,12290,22122,2931,21976,10168,17314,18278,3486,10675,20380,18413,14209,10828,17507,19018,9925,10745,14962,14536,15345,13527,6594,15396,8195,5674,8581,16951,16589,0,6359,9132,13065,20221,18024,15073,12447,13639,8465,12733,20580,5591,13267,19373,7867,13538,7110,11615,5072,688,5324,3649,8496,14929,13278,19644,20770,10813,13897,6613,3803,18321,16360,16096,2194,9521,20740,6775,15629
9387,4892,14729,14640,19737,9150,20291,14306,15467,23199,9846,9921,7719,11303,13995,15287,23064,12735,12961,2979,4228,13595,11516,2090,15411,13445,6769,10868,7528,15984,15088,15815,9716,19157,4574,19030,14712,21141,22374,6533,6795,18933,13893,13531,11852,14843,18104,6046,10888,15776,13075,16641,12719,6442,16528,9219,2521,9604,20738,14399,6561,0,10156,10529,24009,14847,13570,13470,14585,13009,15824,21311,1829,16699,17147,4713,15305,3957,14406,2819,5468,4320,8251,11543,14501,12471,17124,22376,11836,15717,3317,4226,13937,18106,20528,5263,6368,17102,1197,12975
1530,8226,9933,8043,12803,3825,14796,11437,5953,14639,2064,9602,3596,11820,3974,10575,15290,7424,11879,11529,10341,4280,11148,8891,11934,13051,9240,2246,6534,6243,12328,10406,8869,14360,8448,14251,11880,9765,10610,9004,10800,11948,12163,3592,2484,13869,13120,12986,2400,5965,10773,6358,4568,4559,5624,1492,7582,1268,11426,6560,8946,9332,0,9228,13029,13900,8104,4962,12654,12900,9875,12047,8622,10366,11396,7755,5194,6998,10630,10181,7371,10433,10721,14014,5932,4340,11679,17307,1816,11815,7805,10339,12227,9550,9094,7167,9409,8471,9747,11448
8254,6504,6941,5143,17373,9787,19745,18832,11846,14719,8713,17544,10113,2711,14058,7583,12363,17071,3463,9823,12478,10174,19201,11028,21945,3823,16070,11732,3595,12136,6146,5546,1848,10498,11468,10389,20828,14346,17098,15217,7390,11089,3997,7127,9209,5285,9536,7055,9755,11859,3382,12271,7684,7800,9623,9563,7805,9956,19246,14019,13173,9555,9433,0,21366,5594,4959,14037,21517,19299,18454,11188,9770,19100,8903,6251,10678,6856,19250,12318,11598,12570,15387,16987,14909,7435,9711,12193,11899,13495,7634,12476,2999,11230,16637,11394,5232,16638,9970,3281
13896,21188,14682,14538,2532,14405,15510,15012,8225,12273,13803,19141,14960,23673,9192,15980,16488,14791,19867,25139,23070,9647,15968,21447,15076,22800,22371,13489,17239,8516,18780,16612,21300,17313,23316,17244,17360,6493,4972,23536,22157,10301,19967,14872,11924,23785,15351,24160,12819,8238,17815,6052,13811,17565,8779,13725,19799,13530,2672,6904,18347,21783,13084,19386,0,21533,14886,12353,14451,18469,13083,10392,23072,11900,13557,20570,11807,22569,15698,24138,19235,22875,20156,25677,8205,14010,15865,14579,12131,8178,23385,22002,23773,13915,4818,19911,23140,5848,22327,21577
12398,10648,8431,7863,19712,15448,22558,23388,16705,12009,14661,22591,15524,4560,17729,7745,9486,20127,2279,14157,18954,15227,22267,16084,26918,3484,19634,15276,7677,16522,5300,5077,5908,7621,18817,7512,26090,17265,18414,20816,11863,11289,2340,11237,13319,5311,6659,11199,13006,13246,4986,15870,12644,11882,12957,13846,15155,13682,21831,19340,19866,16364,13578,4811,23732,0,7679,20252,24140,24146,25275,12014,15630,25921,8352,10396,13650,11000,23858,16859,19331,19474,20486,22527,13496,11546,8457,9316,15585,15414,11779,17431,3466,9792,18832,18460,9293,19869,15181,2602
6782,9660,2789,991,13716,10136,18225,18974,9700,10567,7112,19558,10463,6229,8560,3431,8984,15614,5442,13526,14930,10167,18369,14760,20031,7341,16435,10131,5601,9698,4203,2343,5028,7320,14004,7211,17868,9455,10086,17055,10546,6937,5726,3828,5909,9186,7000,11692,5596,9420,3151,10577,5159,8150,5471,7961,10961,8355,15026,11897,13676,12710,8093,5452,16407,8110,0,11932,19887,18496,18369,7036,12762,17171,4750,8942,6164,10011,17751,14166,14990,16734,16316,19171,9291,4136,5559,8815,10298,7878,10288,14633,6517,4850,8736,14587,8314,14133,14860,5010
7263,11094,14138,12248,13634,5362,9363,6550,9905,18566,5729,9719,6129,17999,7927,13721,19736,3793,17894,14594,14571,8233,7411,13122,7469,17014,13470,3727,11111,10196,15417,16119,13457,18952,12679,18817,8250,13718,14563,13234,15590,15600,18474,9457,7760,19147,17934,13311,8765,9918,15680,10311,10403,8789,13025,4732,11812,5512,12258,10513,13176,13562,5733,15471,13860,18375,12309,0,8189,9269,4987,15493,12852,5478,14425,12331,10394,11575,6165,14411,11602,14663,13171,16143,9885,10155,14970,17270,5769,16020,12382,14570,19289,13755,13047,11397,13986,9279,13977,15862
11596,14462,20126,20125,13311,9695,5942,2903,14963,22612,10062,7110,10462,21746,12260,21772,26239,6689,21987,16119,15788,12566,8090,13369,937,22733,13469,9935,17521,13867,21413,20611,18832,25563,15443,25429,5877,16668,18916,13233,20447,21958,22565,15684,12093,27089,22285,17420,13098,15007,20057,10280,15345,13122,17127,9065,14919,9845,13999,8739,11770,16075,10066,19522,15928,26607,18044,6947,0,6897,4452,19736,13920,2701,22503,17412,14350,15403,2155,13290,11272,15197,10034,13534,14918,17141,20984,23182,10102,14223,15465,13551,23126,18741,16007,14161,19657,12992,16430,23821
13090,13590,19049,20717,15458,8835,9151,6873,16245,23901,11556,5873,9162,21424,12805,20458,27468,7728,22002,14673,14402,15025,2719,12952,6323,25016,10117,10480,17252,16629,21867,23192,18529,26563,9326,23975,1061,20252,18983,9881,17631,23379,22639,16090,12747,24230,25503,16378,12664,16341,20202,11478,17655,11727,16677,9606,12766,11284,16416,9937,8418,13452,10606,21271,16757,26613,20386,7864,7043,0,6137,21112,12683,6628,23534,16322,15411,15845,5019,14242,7921,14494,6682,9532,14789,16167,21844,24279,10647,15624,14277,10199,22981,19762,16377,12924,17053,14143,14735,23841
10513,15242,16753,16846,12092,8612,5156,1168,13155,20953,8979,8723,9379,20716,11177,18270,24453,5606,22908,15856,15849,11483,9224,14613,2588,23752,16720,8852,14873,13446,22064,21193,19631,23841,15929,21512,7490,16484,17025,16484,17899,20133,21331,12707,11119,25953,22861,16859,12015,13168,20725,9197,13896,12039,15356,7982,15062,8762,10715,7656,13382,14358,8983,20340,12318,22932,16666,4729,3302,8509,0,18064,16190,726,18853,15221,13644,14856,2189,14639,14852,13895,11646,15146,13135,15567,19443,23770,9019,19270,16562,17907,21996,18909,11808,14647,17102,7737,16236,20411
11643,15912,6249,6971,9590,15755,20480,20727,7125,3618,11973,23928,16276,13936,10672,7434,5318,16677,11373,19704,23586,11231,19568,21755,19447,12903,22186,11149,12864,7123,9321,7461,11586,6232,20054,6123,20242,4059,4493,21137,17046,1810,11054,8689,8399,15496,7062,17504,8690,6845,8657,7977,7010,15125,4636,10597,17343,10373,11480,12960,18673,19336,9691,11997,9229,12491,7582,14057,21753,23269,19910,0,19147,18267,4455,16770,6712,18654,21437,22535,20946,23707,23379,23191,6716,7209,5621,5937,9832,4872,19735,22934,13089,3631,5831,20980,17535,9679,21913,9994
8319,4665,14744,14792,18916,7914,18764,16846,14932,23174,8640,8393,6409,10705,12758,15440,21045,11499,15192,3491,3241,13064,9989,941,15459,14194,5809,9631,7301,15456,15474,16205,9118,19370,3586,21206,13184,20604,19783,5573,7307,20717,14566,13996,10615,15959,20179,6557,9820,15229,12848,14370,11584,5374,16168,7982,2294,8368,21822,14847,5515,1780,8919,10302,20933,17227,11945,12234,18063,11482,15283,21103,0,13798,17216,4487,14874,3730,16039,1831,3941,3333,7291,10583,15416,11403,19027,20408,10600,16760,2978,3239,15476,16362,17973,3736,6141,17760,1709,13482
10771,16077,18917,17327,12012,8870,4430,1211,13413,23342,9237,8136,9637,23556,11435,18698,24765,5864,23559,18349,16722,11741,9482,14054,2001,24412,14495,9110,17126,13704,20508,21742,20361,24230,13704,24101,6903,16569,15467,14259,18650,18502,21907,14848,11377,26674,21115,17623,12273,13426,19373,9455,14359,12297,14247,8240,13884,9020,10635,7914,12796,15151,9241,21052,12238,23518,18926,4987,2716,7923,726,20133,15208,0,19208,15984,13902,15624,1603,14076,12298,14684,11060,15058,13393,14601,21843,21858,9277,19528,15806,15267,22615,19278,11717,15187,17839,7645,17112,21002
11740,13639,4041,4195,15175,14877,19062,19517,11153,5970,12070,21243,15290,9573,12550,3354,3450,16876,7292,19018,19380,11621,19634,19617,20327,8823,20667,15089,10432,11151,5241,3381,9500,4162,18321,4053,22694,7501,7935,21675,14023,3837,6974,8786,10057,10136,2922,14702,10349,10874,5882,12030,7401,11983,5681,12919,15287,13313,14292,13350,17577,18899,11349,9824,14943,8411,4807,15898,20417,21353,20780,4562,18975,21170,0,15697,8371,14480,20122,20454,17671,19595,20210,21649,10745,7600,1481,3281,12120,9331,17067,20936,9009,2227,8413,17455,13932,14745,19466,5914
6761,2023,11774,9835,20367,7907,14223,15341,14118,18228,7220,10697,7525,6930,13039,12416,19769,11492,8731,3780,7024,12446,12293,5574,16473,10122,8113,10239,4043,17377,13605,11008,5941,17725,6014,15957,16196,18912,18321,7877,3529,17956,9445,9516,10460,9742,15043,2990,9969,17099,8830,13709,11253,5639,13077,9098,2403,9484,21813,13573,7819,4152,7940,6299,22671,10971,9341,12040,15798,14809,16776,18484,4368,17618,14242,0,12644,1031,15575,6864,6244,7116,9594,12887,16971,9825,15583,19102,10406,13809,1838,7022,9298,13713,18703,6040,2139,18052,4568,8729
8543,15918,8055,7947,7682,9997,20238,14818,3660,12171,13041,17325,9768,20507,7207,8697,15490,13596,14476,14504,17381,5134,15169,15519,14242,16006,16272,8135,12722,3658,13346,10629,16776,11319,15718,11210,16098,5816,6661,15213,19440,7097,14157,9757,6571,14061,10079,18690,7295,3380,10746,4537,6202,14772,3530,8372,14727,8177,9572,6088,16090,13886,7731,14874,9524,15594,8581,11129,15816,16985,13250,7187,13495,18347,8355,17379,0,16400,15492,14741,14516,17420,16734,19043,3251,6401,8637,15355,6777,1838,17207,15051,16199,6509,4905,14311,17097,7744,15922,12705
6004,1266,12046,10107,18389,7151,13835,16490,14390,18446,6464,9941,6769,7202,11808,12688,18201,10735,9003,3024,6268,12718,11537,4818,17737,10395,7357,9991,4315,17649,13877,11280,5615,18046,5257,17907,15736,18958,18356,7121,3802,16463,9717,9788,10732,10014,16895,3262,10241,17371,9102,15022,11525,4883,13349,8342,1647,8728,19656,13406,7062,3396,7183,6571,20477,11243,9613,11284,16977,14377,16374,16925,3612,17221,15959,756,12916,0,15184,6107,5488,6360,8838,12131,17243,10097,15871,19387,9650,15233,1082,6266,9570,15319,16944,5284,2411,16204,3812,9002
11019,15686,19801,17966,14799,9118,6082,1854,14640,22323,9486,6533,9885,23672,11683,21447,25917,6112,21705,17565,14187,11989,7513,13612,1304,24746,12892,9358,15627,14962,23278,22394,20460,22898,12101,25104,5301,18072,18626,12656,18322,19634,22281,15365,11625,26794,24236,18958,12521,13324,19771,9703,15051,12545,16804,8488,13330,9269,13422,8162,11193,15878,9489,21217,14243,26295,19565,6370,4782,6320,1866,19450,13343,1652,22178,17166,14056,16735,0,14902,10696,13658,9457,12957,14597,15258,20689,22889,9525,13936,16818,12974,25184,20331,14261,13584,17596,8573,16242,21331
9334,6037,16081,16276,19911,8912,19762,17845,14756,24640,9638,9392,7407,12462,13756,18501,22390,12497,15050,4463,1401,14173,10988,998,14192,17013,4457,10629,8964,15233,16809,17680,10875,22833,2151,20587,14183,19890,20964,4221,8647,22162,17454,14995,11614,15578,19655,7897,10835,16555,15570,17023,13428,6389,15935,8980,3979,9366,20691,15866,5081,2854,9918,11649,21900,18581,15613,13232,14648,12480,13282,20446,1326,15514,18558,6172,16247,5415,17038,0,4939,1493,6443,9736,16732,14627,18609,23974,11598,16399,4775,1466,16803,17687,19085,4734,7826,16970,2682,14755
8798,5864,16696,14127,19084,6538,15251,12972,12707,23379,7264,4880,5033,14196,10729,16115,23735,10123,17127,7812,5721,11035,6283,4271,12422,16067,3225,8255,8744,13355,18320,17419,10701,22135,2433,19951,9671,17885,20817,2989,9232,18775,16289,12621,9240,16830,19023,8482,9156,12720,14223,13103,11870,5005,14332,6606,4085,6992,19728,16092,688,4771,7544,11476,21200,17540,13601,10205,13142,7968,12236,19004,4002,12770,19476,6278,11949,5522,11118,5561,0,5813,3151,7999,14591,11689,19688,23013,8571,15902,5024,3306,16076,18238,18509,1697,7933,15589,5186,15203
10209,6913,18874,15790,23034,9788,20638,13687,17431,25798,10514,10268,8283,15392,14627,17808,25813,13373,15910,4944,297,16778,11863,1979,14726,17925,4666,11505,9840,17956,17775,17015,11750,23948,2359,21599,15059,20945,22016,4430,8831,21168,18405,15870,12490,16251,22779,8081,11711,17721,15060,16467,15968,7265,18737,9856,5024,10242,23843,15359,5290,3835,10794,12525,25212,17669,15183,14108,13788,13356,15314,21509,2307,16185,21597,7217,15805,6461,15054,1493,5815,0,6652,9945,16237,14328,21640,22784,12474,17455,5933,1674,17667,18741,20117,5610,8872,19726,3663,17220
12055,9124,17695,18526,18382,9795,13924,11646,14876,23583,10521,3554,8290,18901,12857,18764,24057,8146,18475,10927,6903,15424,4957,7531,11096,20955,2846,11512,12004,15332,19428,18603,14488,25034,4602,24889,8345,19654,20569,2610,12346,23208,19218,15878,12497,19769,21662,11596,12413,15080,17107,14598,14684,8262,18185,9863,7345,10249,20518,14765,3694,8030,10801,16958,22216,22579,17983,12693,11816,6642,10910,21212,7262,11444,22275,9538,15183,8781,9792,6743,3196,6995,0,6292,15161,16162,22554,25789,10699,16295,8284,5475,20974,18970,18278,3865,11193,14880,8446,18135
15464,12533,19137,19800,23620,13204,17634,15355,18887,27893,13930,7228,11698,16799,13920,22021,28116,16267,18603,14336,9899,16392,10360,10940,13472,19008,6163,14922,15413,19409,22263,21394,14479,26388,7538,26244,12054,24410,23146,5928,15755,25273,21365,15603,15827,19158,22878,15005,15087,19150,17591,17322,17975,11671,18546,13273,10754,13658,24096,17431,8481,11439,14210,15412,23297,20438,17394,16402,15525,9674,14619,25560,10671,13662,23861,12947,17278,12191,13501,9738,7983,9991,6251,0,17498,17862,23998,27401,15890,18689,11693,8470,20758,20629,21026,7274,14602,18101,11855,18300
5900,11072,8297,7955,7184,7354,19740,14967,716,12413,7216,17003,7126,17249,4565,8939,16294,10954,13124,16792,16256,2492,14678,16050,13344,15023,18180,5493,10384,376,13589,10871,10959,11561,14632,11452,13936,4868,5713,15430,15268,7339,13408,6038,3928,15431,10321,15217,4653,401,10900,2797,5751,9061,3244,5729,12084,5534,9076,4657,13448,15983,5088,11317,9026,14875,8016,8486,13536,16299,13404,7430,13987,13896,8597,14120,3994,11554,13244,15181,13238,17896,16710,19285,0,5523,8880,16159,4135,2494,14882,15446,14643,6751,4197,13494,13838,6004,16601,12692
5271,8477,4965,4256,13280,8281,15520,16204,6200,12394,5601,15760,8053,13036,6213,5607,9689,11881,9424,13053,15633,4528,15847,11643,17227,11324,15214,8619,6685,7697,8411,6619,7234,8957,12083,8848,17067,8207,9053,14194,11046,6545,9708,2316,3562,15847,7717,11219,3214,7420,7201,6625,191,7332,3370,7745,9227,6843,11676,6827,13047,10977,6516,7618,15121,13093,4316,10421,15552,17819,14124,6644,11374,16093,5993,9907,3450,8959,16816,13271,11473,15792,14664,16206,7291,0,6276,12927,8787,5877,9766,13667,10499,4147,7488,11268,9625,8738,14387,8993
11297,13616,5446,5601,14438,13838,21605,22145,10416,6136,11626,21604,15638,10979,11813,4759,3498,17379,8698,18910,19392,10884,22154,19662,23063,10228,22926,12741,11837,10414,6646,4786,10906,3150,18413,3041,23259,8113,8904,19815,15161,4575,8379,8342,9320,11541,2185,15990,9612,10136,7287,11293,6664,13389,6941,12476,16876,11294,15116,12613,17823,18874,10612,11229,14394,8888,6212,16500,23128,24075,21429,5301,17263,19819,2019,14138,7634,14400,22802,20510,17863,19634,20464,21773,10008,6863,0,3329,11383,8594,15406,19063,10420,3459,10205,17589,15337,15580,17628,7319
16451,16793,8940,8324,13408,16639,24134,24540,14078,2249,14393,26841,17031,12393,14206,8840,227,19795,10112,22428,24861,14546,24917,23133,25360,11066,26319,16341,14813,14076,8117,7510,13741,3205,23727,3096,25877,8770,9647,25216,18629,5022,8945,13497,12982,14775,3816,17688,13273,13798,10011,14955,10325,16917,10602,15871,18469,13639,15675,14360,22892,20302,14274,12644,16069,9064,8936,19034,25550,26759,21567,5176,22493,24091,3345,17331,11295,17590,25227,21752,20880,25112,23398,24861,13670,10524,3344,0,14715,12256,20496,24463,11828,7121,10541,22779,15890,15446,20810,9478
2267,7439,10574,8684,11177,3721,13488,11334,4326,16094,3583,9498,3493,12742,2348,11216,15435,7321,12802,10670,11210,2654,11045,9760,11830,13973,10109,1859,7457,4617,12839,11048,9792,12656,9318,12547,11777,8138,8984,9873,11722,10609,13086,4240,2608,15168,11416,13634,2524,4339,11007,4732,5169,5428,5748,2096,8451,1901,9800,5267,9815,10201,1455,10150,11402,14140,8745,4853,12551,12796,9771,10700,9491,10262,9693,8677,4815,7921,10527,11050,8240,11302,10535,14883,4306,4988,9975,13351,0,5764,8728,11208,14744,7847,7467,8036,10332,6845,10616,12370
20507,23714,16746,16637,5985,23518,18541,14651,11690,19437,20837,18135,23289,13791,14786,17388,23286,19575,23167,18117,17475,14579,14126,17394,15379,24697,17688,16165,21413,11688,22037,19319,24571,20788,15846,20679,14740,9063,8273,18321,16472,12873,22848,17553,14601,16108,19548,14949,15496,11410,19436,12755,15875,22568,11545,21686,15054,16207,7875,13626,15317,17322,15761,22670,7826,13985,17272,18192,15676,17220,17833,12964,15206,16650,15075,15219,13621,13821,15360,18074,14428,19238,17960,20598,11281,16073,18107,23151,14807,0,14698,18363,15333,15978,6564,14702,13762,12847,16278,21395
7206,2469,13579,11641,21093,8529,13927,16618,15351,19449,7666,10196,7024,8826,13373,14952,21169,12113,10537,2409,5798,13679,11792,3838,17860,12061,7612,10246,5805,13457,15501,12829,7239,17375,4787,17250,14249,18101,21217,7376,3725,19235,11266,11322,12266,11637,18000,2975,8708,14651,10651,15870,13059,6634,13754,8597,1901,8983,22411,14041,7317,2692,9534,8105,21217,12777,11147,12848,17045,15736,15026,17905,3167,17421,15485,2290,14449,1533,15259,5034,5743,5890,9093,12386,13503,11630,16979,18596,11215,16200,0,5796,11237,16415,19591,5538,3944,18541,3107,10551
9936,6640,16508,16783,22078,8500,17529,15250,16569,25090,9226,7158,6995,13788,13344,17247,25169,12085,17205,4909,1617,15889,8561,1941,15344,17639,3179,10217,9567,17095,19089,18236,11477,23352,873,23209,11949,20151,23379,2944,8796,20487,16394,14582,11202,16167,20124,8046,11437,15293,16154,15623,15222,6967,16263,8568,4750,8954,22870,14483,3803,3798,9505,12251,24249,19211,16128,12820,15420,10246,15870,20808,2270,13851,18995,6943,16588,6187,13396,1456,3306,1709,5165,8458,17024,15063,21011,22195,11186,16661,5659,0,17439,19938,19283,2570,8598,17013,3625,16877
11236,9487,8048,7370,21677,15782,21526,22409,16079,17060,11696,21241,14346,2508,15412,11572,11701,19095,1785,12415,17130,14831,21102,15957,23470,950,19895,14405,6549,15895,4806,4783,4830,9837,17081,9728,24863,17565,17032,19106,9079,14181,2634,10110,12191,2706,8875,10237,11878,15799,4492,17156,10599,10754,12382,12545,10788,12939,21710,18772,16622,12538,12417,2983,21569,4611,7185,17501,25489,25329,24243,14906,14041,24926,11244,9234,12543,9838,22849,15245,17718,16030,19030,18834,13285,10418,12052,11532,13378,13912,10645,15823,0,10100,17144,15233,7438,19488,14905,2109
8627,13567,3485,4207,11769,13070,17417,17834,7747,8760,8957,19832,11409,8983,9144,3850,6055,15278,9093,16687,20477,8215,18076,18682,20524,10623,21640,10072,9533,7745,7374,5514,8822,5322,17375,5213,20914,5419,6211,20510,13848,3209,8774,5673,6651,11936,4083,14360,6942,7467,5894,8624,3994,11084,4271,9806,15968,8625,14477,9944,18031,16428,7943,9234,13611,10211,4818,13777,20656,21780,17157,3308,18033,17491,2255,15114,4964,13899,18447,19494,16547,20656,20908,22736,7339,4193,2641,5885,8714,5925,14894,18090,9270,0,6713,18115,13032,12181,16962,7764
10001,15722,8716,8607,2852,11455,15073,13601,5118,9344,11316,17921,11226,17128,6324,9358,10792,10941,17013,19469,22273,7566,16701,18529,15449,16252,22093,9593,14600,5116,14007,11289,15106,11980,18445,11871,15411,2688,2609,20927,18257,6495,17110,13905,8029,21352,10740,20046,8924,4838,13401,3855,7653,14934,4973,9830,18273,9635,4742,5406,17740,18625,9189,15095,4861,17086,9242,10855,14523,18050,14700,6586,19809,13517,8697,16970,7050,18675,15718,21034,16793,22172,20146,23174,4709,7852,9298,10623,8235,4372,17775,21253,18896,7170,0,19007,17077,5164,21144,16699
8608,5674,16468,13794,19779,6348,16101,15281,12517,23273,7074,5730,4843,13298,10539,15805,23495,9933,16315,8203,5531,10845,7133,4081,15777,16848,2670,8065,8554,13578,16126,16889,10511,19771,1879,19640,10521,18186,19227,2434,9623,18756,15567,12430,9050,15868,18707,8873,8966,14717,15003,14958,11680,4815,14423,6416,3895,6802,18657,15223,2376,4580,7354,11286,21945,16749,13235,10015,16497,8819,13718,19035,3812,14209,19239,6088,11759,5332,14473,5371,1448,5623,4151,7444,14872,11499,19387,20667,8381,16204,4834,2751,16790,16436,17245,0,7743,14922,4996,14478
10902,3482,10095,8735,20835,10062,17891,19071,13898,17004,11232,16094,9054,5293,12818,15431,18140,13936,7804,5670,9456,12225,15241,8006,20315,8528,10445,14251,5135,17156,11968,12089,3574,14478,8446,15827,18581,16904,18088,10209,3272,16910,8542,9229,10240,8105,14856,2936,9748,16879,7927,14148,11032,7098,12341,12081,4058,12475,20442,15944,10151,5807,12213,4831,20995,11251,8242,16052,17835,18795,18850,15910,6023,19661,13281,2139,12423,2686,19393,9296,8576,9548,11926,15219,16750,11316,15200,17513,11673,15168,3485,9454,7704,13071,18822,8372,0,19032,6223,7827
9326,14953,15069,11408,5556,11845,10654,7801,6393,15845,12231,13829,12171,20838,5405,13559,17620,8652,17914,20141,20007,7521,12270,18284,7878,18751,18958,8918,15214,6683,15876,16802,18019,16016,16171,17544,13109,7414,7341,16207,20241,11183,18215,15876,7985,23717,15342,19697,8276,6406,17385,4220,9204,15290,8099,11233,16771,8960,4180,3117,17339,18850,8514,18338,5782,21899,11469,8429,9571,14128,8070,10727,16114,6729,13378,16378,9682,17860,8192,18703,14144,17898,16400,19951,6372,8976,14136,17024,7560,7349,16822,18751,21479,14302,5645,16447,17268,0,17623,19367
9241,4747,15253,15199,20283,9002,13469,16153,16086,21575,9701,9775,7497,11630,13846,17402,23620,12587,14853,2175,4083,15601,11371,1783,17363,13794,6709,10719,7382,15063,15542,14812,10043,19646,4429,19519,14882,21760,20862,6473,5991,19474,15726,13385,11704,13701,20495,5241,10742,16394,12929,17251,12506,6296,15552,9070,2375,9456,21269,16455,6415,1104,10008,10383,24608,16732,13425,13322,14907,13369,14731,19881,1683,15526,17662,4568,14446,3812,14736,2673,5322,4175,8190,11483,15062,12325,19429,22936,11688,17941,3171,4081,13523,18695,19184,5118,6223,19424,0,12829
10832,8706,6145,5466,19486,11416,20031,20862,14175,12685,11292,20151,11742,2618,13630,5343,10162,19398,515,13090,16750,11795,21772,13969,21900,2894,19239,14310,5224,13992,3301,3017,3966,8297,16414,8188,21150,15387,15065,16658,9754,9226,1129,8748,10830,4281,7335,9257,10517,13895,2589,13622,9238,9429,9947,12141,10007,12535,19732,16717,17226,11757,12012,2868,19577,3261,5282,17482,21613,21631,22496,10383,14859,23147,6289,8453,10640,9057,23511,16263,16757,15624,19988,20170,13767,9057,7098,9993,14478,12353,9864,15312,2069,8197,15151,15957,7350,17572,12172,0
