0,2176,2589,3067,2073,2346,3162,2774,3016,3225,2887,1891,3496,1931,2475,2756,2773,1949,3333,2126,2689,3094,3010,1961,3085,2590,2408,2563,2819,3128,2574,3218,2400,3640,1817,2211,1860,2103,3363,2096,2185,3546,2406,1777,2339,3486,3061,3504,2708,3366,2108,3469,3128,3504,3075,2220,3264,2192,2746,2523,2903,2461,2395,2850,2024,2526,2148,2061,3276,2795,2357,3256,2732,2655,2299,2282,2906,2503,1572,2800,2438,2083,3085,3188,3118,2732,2553,2876,2944,2631,2864,2702,3647,2370,3885,3382,3955,2513,1970,3025
3689,0,4845,4501,2095,2376,6062,5030,3743,4542,1431,1921,3761,4187,613,894,642,1971,5586,1204,3397,5350,3654,1983,4395,422,3879,4034,2156,4600,2596,5227,4653,4348,4073,215,1882,73,4834,341,4439,5476,3877,1778,3646,4957,3769,4212,526,5183,2138,4940,1267,4212,4567,4476,5520,2214,5002,3832,5156,4715,3982,4322,2045,4782,4401,2769,5093,627,3944,4116,4988,1992,3886,4536,2243,3211,3828,1518,2460,3788,4395,4498,4935,3974,4809,5132,4415,4887,5386,4958,5139,3417,5010,4090,5492,3984,3197,5281
4716,4309,0,3369,4810,4934,506,679,5336,5814,5624,4628,3797,1219,4344,4625,4642,4686,2801,4790,5477,505,3552,4698,5873,4713,5039,4729,5555,5718,5311,2687,2484,6493,1420,4157,4597,4281,5953,4407,1167,6399,5037,4514,5127,5506,5914,6357,4577,3667,4844,5489,4997,6357,4787,1179,744,4929,488,5310,2987,1930,5183,5007,4761,651,954,4848,3577,4742,5145,5780,143,5392,5087,2367,5643,5291,1288,5536,5175,1552,5873,5976,3419,5520,879,287,5575,757,343,228,5023,5158,6451,6230,5713,5144,4758,505
5526,4785,3912,0,5201,5474,4429,4539,6084,6557,6016,5019,1424,3689,4819,5100,5118,5078,2143,5254,5627,4365,1587,5090,6621,5189,5740,5895,5947,6461,5703,1928,1207,6578,3575,4633,4989,4756,6695,4883,2645,6484,5738,4906,5875,6818,5999,6442,5052,730,5236,6801,5268,6442,5188,3978,4588,5321,4348,6059,882,1959,5931,6183,5152,3387,3114,4998,640,5217,5893,6346,4056,5783,5835,1578,6034,5440,3329,5928,5566,2112,6621,6724,481,6204,4311,4199,6276,3955,3939,4025,5761,5646,7217,6320,6114,5845,5506,4349
2832,1320,4564,4416,0,1518,5227,4749,2886,4194,1072,1064,3692,3906,1619,1900,1918,487,5308,1270,2540,5425,3586,499,3537,1734,3022,3177,1003,4593,1113,4949,4375,4865,3792,1355,398,1247,4828,1240,4161,5452,3020,625,2789,4950,2912,3355,1852,5341,1280,4933,2273,3355,3710,4196,5240,731,4722,2975,4878,4437,3125,3464,100,4501,4124,1911,5251,1940,3087,3259,4708,839,3029,4258,1091,2354,3547,984,976,3697,3537,3641,5093,3117,4529,4851,3558,4607,5105,4677,4282,2559,4662,3233,5177,3127,2340,5001
2068,1943,4346,4197,1807,0,4312,4530,1371,2170,2621,1157,3485,3688,2242,2523,2540,1684,5089,1893,1025,4509,3378,1695,1166,2357,1689,1849,2553,2569,2309,4975,4156,1976,3574,1978,1594,1870,2804,1863,3942,1882,1897,1545,1274,2926,1397,1840,2475,5123,936,2909,2896,1840,2361,3977,5021,1927,4631,603,4660,4218,476,2047,1758,4283,3905,396,5033,2563,438,1744,4489,2389,380,4039,2640,839,3328,2534,2172,3478,1166,1269,4875,1602,4310,4950,2141,4388,4907,4458,3207,1045,2638,1718,3153,1796,825,4782
4046,5686,642,3942,5550,4570,0,711,4666,5145,6364,4899,4232,1480,4552,4833,4850,5426,3374,5635,4808,210,4125,5438,5203,4921,4369,4060,6295,5048,6051,3260,3057,5823,1374,4366,5337,5613,5283,5605,1740,5729,4367,5287,4457,4837,5244,5687,4785,4240,4718,4820,5206,5687,4118,1211,699,5669,433,4641,3560,2503,4513,4337,5501,1224,1526,4179,4150,4950,4475,5110,393,6131,4417,2939,6382,4621,1549,6276,5915,2125,5203,5306,3992,4850,911,249,4841,965,565,553,4354,4488,5781,5560,5043,4474,4088,460
4388,4624,676,4045,5125,4912,662,0,5009,5487,5939,5241,4335,984,4659,4940,4957,5001,3478,5978,5150,415,4229,5013,5545,5028,4712,4402,5870,5391,5626,3363,3160,6165,878,4472,4912,4596,5625,4722,1844,6072,4709,5629,4800,5179,5586,6030,4891,4344,5061,5162,5312,6030,4460,715,1474,5244,188,4983,3664,2606,4856,4679,5076,1328,1630,4521,4254,5057,4817,5453,595,5706,4759,3043,5958,4963,1053,5851,5490,2228,5545,5649,4096,5192,415,651,5248,1072,1339,660,4696,4830,6124,5903,5386,4816,4431,1235
2841,3203,5036,4915,3067,2098,5085,5221,0,1641,3882,2417,4337,4378,3502,3783,3801,2944,5780,3153,1097,5282,4230,2956,2208,3617,569,1206,3813,1206,3569,5421,4847,1443,4264,3238,2855,3130,1440,3123,4633,1349,445,2805,1668,1563,864,1307,3735,5813,2633,1546,4156,1307,1956,4667,5588,3187,5194,1646,5350,4909,1654,928,3018,4973,4595,1707,5723,3823,2003,538,5179,3649,1945,4730,3900,1025,4019,3794,3432,4196,2208,2312,5565,482,5000,5323,1021,5079,5577,5149,1711,657,2110,1190,2625,545,799,5473
2903,3683,5733,5394,3547,2577,5060,5498,1084,0,4361,2896,4817,4858,3982,4262,4280,3423,6259,3633,2015,5258,4710,3435,3210,4097,637,1337,4293,411,4049,5901,5326,2037,4744,3718,3334,3610,646,3602,5112,1944,1143,3284,2148,768,1458,1902,4214,6293,3113,752,4635,1902,1222,5147,5682,3667,5380,2648,5830,5388,2521,816,3498,5453,5075,2186,6203,4302,2483,1325,5876,4129,2424,5209,4380,1943,4498,4274,3912,4675,3210,3314,6045,1268,5480,5699,856,5558,5656,5629,1049,1576,1777,1775,1447,1195,1779,5443
3579,2068,5312,5163,1359,2266,5975,5497,3634,5537,0,1811,4440,4654,2367,2648,2145,1235,6056,2018,3288,6172,4333,1247,4285,2216,3770,3924,725,5936,1860,5697,5123,4238,4540,2103,1146,1995,6171,1988,4908,4380,3767,1373,3536,6293,4950,5599,2079,6089,2028,6277,2171,5599,4458,4943,5988,1478,5470,3723,5626,5185,3873,4212,1310,5249,4871,2659,5999,2325,3835,4006,5455,561,3777,5006,812,3101,4295,87,1724,4806,4285,4388,5841,3864,5276,5599,4306,5355,5587,5425,5030,3307,5838,3981,6270,3874,3087,5748
2069,1087,4346,4226,951,577,4312,4750,2123,2921,1765,0,3485,3689,1386,1667,1684,828,5090,1037,1777,4509,3379,840,2774,1501,2259,2413,1697,2979,1453,4976,4157,2728,3574,1122,738,1014,3214,1007,3943,2634,2257,689,2025,3336,2149,2592,1619,5123,241,3320,2040,2592,2926,3978,4934,1071,4631,2212,4660,4219,2362,2701,902,4283,3906,1148,5033,1707,2324,2496,4490,1533,2266,4040,1784,1591,3329,1678,1316,3479,2774,2878,4875,2354,4311,4951,2795,4389,4908,4459,3498,1796,3390,2470,3806,2364,1577,4694
3941,3200,3613,1435,3616,3889,4131,4240,4499,5187,4431,3434,0,3703,3234,3515,3533,3493,2980,3669,4042,4067,200,3505,5036,3604,4155,4310,4362,4876,4118,2390,2054,4993,3589,3048,3404,3171,5110,3298,2852,4899,4153,3321,4290,5233,4414,4857,3467,2117,3651,5216,3888,4857,4822,4407,4289,3736,4049,4474,2270,2518,4346,4598,3567,3089,2815,3413,2027,3632,4308,4761,3757,4198,4250,1937,4449,3856,3343,4343,3981,2130,5036,5139,1869,4619,4740,3900,4691,3656,4154,3726,5394,4061,5632,4735,5703,4260,3921,4050
3933,3350,1128,3230,3851,4124,1480,987,4491,4669,4665,3669,3595,0,3385,3666,3683,3727,2921,3831,4277,1187,3335,3739,5027,3754,4147,3672,4597,4573,4353,2807,2603,5348,346,3199,3638,3322,4808,3449,1311,5254,4144,3556,4282,4361,4769,5212,3618,3787,3886,4344,4039,5212,3642,433,1803,3971,959,4465,3107,2050,4338,3862,3802,665,1073,3648,3697,3783,4300,4635,1366,4433,4242,2486,4684,4090,66,4578,4216,1671,5027,5131,3539,4675,766,1423,4683,1170,1669,1241,4215,4313,5306,5085,4568,4251,3913,1564
3261,927,4417,4073,1666,1947,4923,4602,3315,4114,2481,1493,3332,3759,0,309,1525,1543,5158,1229,2969,4922,3226,1555,3966,1341,3451,3606,2412,4172,2168,5044,4225,3920,3645,962,1454,855,4406,847,4011,3826,3449,1350,3218,4529,3341,3784,1459,4755,1710,4512,806,3784,4139,4048,5092,1786,4574,3404,4728,4287,3554,3893,1617,4354,3973,2341,4665,1547,3516,3688,4560,2248,3458,4108,2499,2783,3400,2393,2031,3360,3966,4070,4507,3546,4381,4704,3987,4459,4958,4530,4711,2989,4582,3662,4998,3556,2769,4853
3383,1050,4539,4195,1789,2070,5756,4724,3437,4236,2603,1615,3455,3882,365,0,1647,1665,5280,1352,3092,5045,3348,1677,4089,1464,3574,3728,2534,4294,2290,4922,4347,4042,3767,1085,1576,977,4529,969,4133,3949,3571,1472,3340,4651,3463,3907,1581,4877,1832,4634,693,3907,4261,4171,5215,1908,4697,3527,4851,4409,3677,4016,1740,4476,4096,2463,4787,1669,3638,3810,4683,2371,3580,4230,2622,2905,3522,2515,2154,3483,4089,4192,4629,3668,4504,4826,4110,4582,5080,4652,4834,3111,4705,3785,5121,3678,2891,4976
4415,1923,6147,5470,2194,3101,6810,6332,4469,6038,835,2647,4730,5489,1949,2067,0,2070,6891,1417,4123,7008,4623,2082,5120,1534,4605,4759,1560,6437,2696,6532,5958,7059,5375,2360,1981,2252,6672,2244,5744,4881,4603,2208,4371,6794,5451,6100,1397,6924,2863,6778,901,6100,5293,5779,6699,2313,5972,4558,6461,6020,4708,5228,2145,6084,5707,3494,6062,967,4938,4842,5958,1396,4612,5841,1648,3936,4797,923,2559,4758,5120,5224,6676,4700,5779,6101,5141,5857,6422,6260,7075,4142,6340,4816,6771,4977,3923,6251
2642,1130,4374,4226,421,1328,5129,4559,2696,3495,1235,874,3812,3716,1429,1710,1727,0,5118,1080,2350,5327,3705,9,3347,1544,2832,2987,1167,3552,622,5004,4185,3301,3602,1165,89,1057,3787,1050,3971,5615,2830,732,2598,3909,2722,3165,1662,5151,1090,3893,2083,3165,3520,4006,5050,240,4532,2785,4688,4247,2935,3274,372,4311,3934,1721,5061,1750,2897,3069,4518,1003,2839,4068,1254,2164,3357,1148,485,3868,3347,3451,4903,2927,4339,4661,3368,4417,4649,4487,4092,2369,3963,3043,4478,3024,2150,4811
4500,4168,1767,2220,4585,4857,2340,2446,4523,4798,5399,4403,2360,2271,4203,4484,4501,4461,0,4638,5011,2272,2363,4473,4943,4572,4076,3800,5330,4701,5086,390,1093,5476,2157,4016,4372,4140,4936,4607,1006,5382,4107,4289,4198,4490,4897,5340,4436,2212,4619,4473,4856,5340,3771,2560,2442,4704,2255,4381,1596,229,4254,3990,4536,1242,969,4382,2122,4601,4215,4763,1910,5167,4157,975,5418,4824,2341,5312,4950,903,4943,5047,1964,4590,2646,2054,4494,1809,2308,1880,4343,4228,5434,5213,4696,4301,3829,2203
2829,823,4538,4472,1234,1515,5164,4723,2883,3681,2048,1061,3731,3881,1122,1403,1421,1110,5282,0,2537,5361,3625,1122,3534,995,3019,3173,1980,3739,1736,5168,4349,3488,3766,858,1021,751,3974,743,4135,3394,3017,918,2785,4096,2909,3352,1355,5154,1277,4080,1776,3352,3707,4170,5214,1354,4696,2972,4852,4411,3122,3461,1185,4475,4098,1908,5064,851,3084,3255,4682,1816,3026,4232,2067,2350,3521,1961,1599,3759,3534,3638,4906,3114,4503,4825,3555,4581,4813,4651,4279,2556,4150,3230,4665,3210,2337,4975
2829,2512,4915,4766,2377,1357,5160,5505,983,1782,3191,1726,4054,4257,2811,3092,3110,2253,5659,2462,0,5357,3947,2265,1626,2926,1301,1461,3122,2181,2878,5544,4726,1588,4143,2547,2164,2440,2416,2432,4511,1494,1262,2114,886,2538,1009,1452,3044,5692,1506,2522,3465,1452,1974,4546,5732,2496,5387,1064,5229,4787,1072,1659,2327,4852,4474,966,5602,3132,1262,1356,5058,2958,1047,4608,3209,343,3898,3103,2742,4409,1626,1729,5444,1214,4879,5706,1753,4957,5664,5028,2819,657,2250,1330,2765,1408,1071,5542
4243,4453,505,3874,4867,4767,210,418,4864,5342,5681,5086,4165,1187,4488,4769,4786,4743,3307,4920,5005,0,4058,4755,5400,4857,4567,4257,5612,5246,5368,3193,2989,6020,1081,4302,4654,4425,5480,4551,1673,5927,4564,4571,4655,5034,5441,5885,4721,4413,4916,5017,5141,5885,4315,918,909,4986,227,4838,3493,2436,4711,4534,4818,1157,1459,4376,4323,4886,4672,5308,416,5449,4614,2872,5700,4818,1256,5594,5232,2057,5400,5504,4165,5047,618,459,5038,901,775,489,4551,4685,5979,5758,5241,4758,4286,670
3868,3126,3540,1457,3543,3816,4057,4219,4426,5113,4357,3361,200,3629,3161,3442,3459,3419,3002,3596,3969,4046,0,3431,4963,3530,4082,4236,4289,4802,4045,2412,2076,4919,3515,2975,3330,3098,5037,3566,2779,4826,4080,3247,4217,5159,4340,4784,3394,2139,3578,5143,3815,4784,4749,3918,4216,3662,4028,4400,2292,2540,4273,4524,3494,3015,2742,3340,2049,3559,4235,4687,3683,4125,4177,1959,4376,3782,3270,4270,3908,2056,4963,5066,1891,4545,4251,3827,4618,3583,3815,3653,5362,3988,5582,4662,5629,4273,3848,3977
2654,1142,4386,4238,433,1340,5141,4571,2708,3506,1247,886,3823,3728,1441,1722,1739,8,5130,1092,2362,5339,3717,0,3359,1556,2844,2998,1179,3564,613,5016,4197,3313,3614,1177,101,1069,3799,1062,3983,5627,2842,744,2610,3921,2734,3177,1674,5163,1102,3905,2095,3177,3532,4017,5062,231,4544,2797,4700,4259,2947,3286,384,4323,3945,1733,5073,1762,2909,3080,4529,1015,2851,4080,1266,2175,3369,1160,477,3880,3359,3463,4915,2939,4350,4673,3380,4429,4661,4499,4104,2381,3975,3055,4490,3035,2162,4823
3134,3009,5411,5263,2873,1853,5469,5596,1909,2891,3687,2222,4550,4753,3307,3588,3606,2749,6155,2959,1769,5666,4443,2761,0,3422,1988,2679,3618,2624,3374,6041,5222,2692,4639,3044,2660,2936,2859,2928,5008,2599,2196,2610,2132,2981,2113,2557,3540,6188,2002,2964,3961,2557,3374,5043,6041,2992,5696,557,5725,5284,888,2346,2824,5348,4970,1462,6098,3628,1758,2282,5555,3454,1004,5105,3706,1697,4394,3599,3238,4905,15795,661,5940,1901,5376,6016,2440,5454,5686,5524,3184,1903,3359,2440,3451,2095,1890,5848
3968,422,5124,4780,2400,2655,7109,5309,4022,6244,1041,2200,4040,4466,892,1173,253,2277,5865,995,3677,5630,3933,2288,4674,0,4992,5146,1767,6643,2902,5751,4932,7265,4352,494,2187,495,6878,763,4718,5087,4989,2415,3925,7001,5658,6307,136,5462,2417,6984,1107,6307,4846,4755,5800,2520,5282,4111,5435,4994,4261,5434,2351,5061,4681,3048,5372,418,4223,4395,5267,1603,4165,4815,1854,3490,4107,1129,2765,4067,4674,4777,5214,6432,5088,5411,7088,5167,5399,5237,7281,3696,6546,4369,6978,5183,3476,5560
2342,3046,4878,4757,2910,1940,4673,5018,447,817,3724,2259,4179,4221,3344,3625,3643,2786,5622,2995,1378,4870,4072,2798,2573,3459,0,775,3655,720,3411,5508,4689,1780,4106,3081,2697,2973,955,2965,4475,1687,292,2647,1511,1077,1201,1645,3577,5655,2089,1061,3998,1645,1470,4510,5245,3029,4900,2011,5192,4751,1883,442,2860,4815,4438,1549,5565,3665,1845,687,5022,3491,1787,4572,3742,1306,3861,3636,3275,4038,2573,2676,5407,631,4843,5219,536,4921,5176,4991,1280,938,1477,1471,1547,192,1142,5055
1861,3501,4386,4865,3365,2349,4192,4537,985,1366,4179,2714,4634,3729,3799,4080,4098,3241,5130,3451,1915,4389,4527,3253,2982,3914,538,0,4110,1269,3866,5016,4197,1938,3615,3536,3152,3428,1504,3420,3983,1844,1243,3102,2048,951,1359,1802,4032,5163,2931,935,4453,1802,1368,4018,4764,3484,4419,2420,4700,4259,2292,452,3316,4324,3946,1958,5073,4120,2254,1225,4530,3946,2196,4080,4198,1844,3369,4091,3730,3881,2982,3085,4915,1169,4351,4738,956,4429,4696,4499,1194,1476,2002,1675,1264,1363,1680,4574
3527,2016,5260,5111,1307,2214,6015,5445,3582,6278,742,1759,4697,4602,2315,2596,2613,1183,6004,1966,3236,6212,4590,1195,4233,2430,3898,4053,0,4618,1808,5890,5071,4186,4488,2051,1094,1943,4853,1936,4856,5121,3896,1321,3484,4976,5692,4051,2548,6037,1976,4959,2913,4051,4406,4891,5811,1426,5418,3671,5574,5133,4089,4340,1258,5197,4819,2607,5947,2635,4051,3954,5403,408,3993,4954,87,3049,4243,654,1672,4754,4233,4336,5789,3812,5224,5547,4434,5303,5535,5373,4978,3255,6580,3929,7012,4090,3035,5696
3013,3793,5626,5504,3657,2687,5344,5689,1194,244,4471,3006,4927,4968,4092,4373,4390,3533,6369,3743,2125,5541,4820,3545,3320,4207,747,1447,4403,0,4159,6255,5436,2147,4854,3828,3444,3720,235,3712,5222,2054,1254,3394,2258,332,1568,2012,4324,6403,3223,315,4745,2012,1332,5257,5916,3777,5571,2758,5940,5498,2631,926,3608,5563,5185,2296,6313,4412,2593,1435,5769,4239,2535,5319,4490,2053,4608,4384,4022,4785,3320,3424,6155,1378,5590,5890,966,5668,5848,5739,1159,1686,1887,1885,1557,1305,1889,5726
3135,1624,4868,4719,915,1822,5623,5053,3189,3988,1729,1367,4305,4210,1923,2204,2221,490,5612,1574,2844,5820,4198,482,3841,2038,3326,3480,1660,4046,0,5497,4679,3794,4096,1659,583,1551,4281,1544,4464,6109,3323,1225,3092,4403,3215,3659,2156,5645,1584,4386,2576,3659,4013,4499,5419,389,5025,3279,5182,4740,3429,3768,866,4805,4427,2215,5555,2243,3391,3562,5011,1496,3332,4561,1747,2657,3851,1641,373,4362,3841,3944,5397,3420,4832,5155,3862,4910,5143,4981,4586,2863,4457,3537,4972,3517,2643,5304
4480,3738,1868,2802,4155,4427,2441,2548,5038,4899,4969,3973,2581,2373,3773,4053,4071,4031,580,4208,4581,2374,2474,4043,5574,4142,4694,3902,4900,4803,4656,0,1937,5577,2574,3586,3942,3710,5038,4177,1107,5484,4691,3859,4829,4591,4998,5442,4005,3101,4189,4574,4426,5442,3872,2662,2544,4274,2356,5012,2440,814,4885,4092,4106,1343,1070,3952,3011,4171,4847,4865,2012,4736,4788,1820,4988,4394,2442,4881,4520,473,5574,5678,2853,5157,2748,2155,5230,1911,2409,1981,4445,4600,5536,5273,4798,4885,4460,2305
5105,4364,2850,1422,4780,5053,3422,3529,5663,6350,5594,4598,1875,3354,4398,4679,4697,4657,1559,4833,5206,3355,1878,4669,6200,4767,5319,5474,5526,6039,5282,968,0,6157,3556,4212,4567,4335,6274,4803,1582,6063,5317,4485,5454,6397,5578,6021,4631,1414,4815,6380,5052,6021,4851,3643,3525,4900,3338,5638,496,1097,5510,5761,4731,2325,2051,4577,1324,4796,5472,5925,2993,5362,5414,135,5613,5019,3424,5507,5145,1452,6200,6303,1166,5783,3729,3137,5855,2892,2876,2963,5423,5225,6796,5899,5776,5511,5085,3286
5395,5543,8306,7886,5276,4388,7725,8071,3576,2503,5163,4757,7308,7262,6390,6395,5791,6398,8664,5493,3545,7923,7201,6410,4657,5862,3129,3828,5888,2903,7023,8550,7731,0,7148,5579,6309,5471,3138,5463,7517,128,3698,5145,3908,3260,3068,3688,5725,8697,4537,3243,5817,3688,3714,7551,8298,6641,7952,4095,8234,7793,4103,3308,5324,7857,7479,3997,8607,5971,4293,3816,8449,5724,4078,7614,5975,3473,6903,5250,6886,7167,4657,4760,8449,3842,7884,8272,3347,7963,8229,8033,3540,3679,2805,4266,3237,4037,4271,8108
4572,3551,1342,3430,3965,4237,1374,881,4691,4870,4779,3782,3980,346,3585,3866,3884,3841,3122,4017,4390,1081,3873,3853,5228,3955,4347,3872,4710,4773,4466,3008,2805,5548,0,3399,3752,3523,5008,3649,1512,5454,4345,3669,4482,4562,4969,5412,3818,3989,3999,4545,4239,5412,3843,327,2005,4084,853,4666,3308,2251,4538,4062,3915,867,1275,3761,3899,3984,4500,4836,1260,4546,4442,2688,4797,4204,415,4691,4329,1873,5228,5331,3740,4875,660,1317,4566,1372,1685,1326,4415,4513,5506,5285,4768,4539,4113,1766
3680,207,4836,4492,2085,2366,5342,5021,3734,4533,1388,1912,3751,4178,604,885,599,1962,5577,1161,3388,5341,3645,1974,4385,379,3870,4025,2113,4591,2587,5463,4644,4339,4064,0,1873,280,4825,548,4430,5433,3868,1769,3637,4948,3760,4203,483,5174,2128,4931,1257,4203,4558,4467,5511,2205,4993,3823,5147,4706,3973,4312,2036,4773,4392,2759,5084,584,3935,4107,4979,1949,3877,4527,2200,3202,3818,1475,2450,3779,4385,4489,4926,3965,4800,5123,4406,4878,5111,4949,5130,3408,5001,4081,7324,4062,3188,5272
2552,1041,4285,4136,332,1239,5040,4470,2607,3405,1146,784,3722,3627,1340,1621,1638,89,5029,991,2261,5237,3615,101,3258,1455,2743,2897,1077,3463,714,4915,4096,3211,3513,1076,0,968,3698,961,3882,5526,2740,643,2509,3820,2633,3076,1573,5062,1001,3804,1993,3076,3431,3916,4961,332,4443,2696,4599,4158,2846,3185,283,4222,3844,1632,4972,1661,2808,2979,4428,914,2750,3979,1165,2074,3268,1058,578,3779,3258,3362,4814,2838,4249,4572,3279,4328,4560,4398,4003,2280,3874,2954,4389,2934,2060,4721
3723,73,4879,4535,2129,2410,6188,5064,3777,4576,1735,1955,3795,4222,647,928,946,2005,5620,1692,3432,5385,3688,2017,4429,495,3914,4068,2460,4634,2630,5506,4687,4382,4108,187,1916,0,4869,268,4473,5780,3911,1812,3680,4991,3803,4247,880,5217,2172,4974,1301,4247,4602,4511,5555,2248,5037,3867,5191,4749,4017,4356,2080,4817,4436,2803,5128,700,3979,4150,5023,2296,3920,4570,2547,3245,3862,1822,2494,3823,4429,4532,4969,4008,4844,5166,4450,4922,5154,4992,5174,3451,5045,4125,5560,4105,3231,5316
3154,3516,5349,5227,3380,2410,5489,5533,917,2059,4194,2729,4649,4691,3814,4095,4113,3256,6092,3466,1848,5687,4542,3268,3043,3930,470,1091,4125,2458,3881,5978,5159,1870,4577,3551,3167,3443,0,3435,4945,1777,608,3117,1981,141,1291,1735,4047,6125,2946,124,4468,1735,3270,4980,6061,3499,5716,2481,5663,5221,2354,758,3331,5286,4908,2019,6035,4135,2315,1158,5492,3962,2257,5042,4213,1776,4331,4107,3745,4508,3043,3147,5877,313,5313,5635,852,5391,5623,5461,1596,1409,2528,1608,3042,508,1612,5785
3741,175,4897,4553,2146,2427,6205,5081,3795,4593,1752,1973,3812,4239,664,945,963,2022,5638,1709,3449,5402,3705,2034,4446,531,3931,4085,2477,4651,2648,5523,4704,4400,4125,152,1933,147,4886,0,4490,5797,3929,1829,3697,5008,3821,4264,897,5235,2189,4992,1318,4264,4619,4528,5572,2266,5054,3884,5208,4766,4034,4373,2097,4834,4453,2820,5145,737,3996,4167,5040,2313,3938,4587,2564,3262,3879,1839,2511,3840,4446,4550,4987,4026,4861,5183,4467,4939,5171,5009,5191,3468,5062,4142,5577,4122,3249,5333
4797,4055,1167,2795,4472,4745,1684,1794,5355,6042,5286,4290,2898,1672,4090,4371,4388,4348,658,4525,4898,1620,2791,4360,5892,4459,5011,5165,5218,5731,4974,702,1723,5848,1874,3904,4259,4027,5966,4495,0,5755,5009,4177,5146,5773,5269,5713,4323,2787,4507,5756,4744,5713,5054,1961,1401,4592,1603,5329,2226,591,5202,5274,4423,643,368,4269,2697,4488,5164,5616,1311,5054,5106,1606,5305,4711,1742,5199,4837,791,5892,5995,2539,5474,1994,1454,5547,1210,1263,1280,5627,4917,6488,5591,5980,5202,4777,1604
3681,3201,5604,5455,3066,2046,6012,6357,1345,2366,3880,2415,4743,4946,3500,3781,3799,2942,6348,3151,1203,6209,4636,2954,2315,3615,1423,2115,3811,2060,3567,6233,5415,2128,4832,3236,2853,3129,2294,3121,5200,0,1631,2803,1566,2417,562,1211,3733,6381,2195,2400,4154,1211,2810,5235,6584,3185,6239,1753,5918,5476,1761,1782,3016,5541,5163,1655,6291,3821,1951,1718,5747,3647,1736,5297,3898,1131,4587,3792,3431,5098,2315,2418,6133,1336,5568,6558,1876,5646,6516,5717,2620,1337,2668,2011,3100,1531,1752,6394
2328,2951,4853,5332,2815,2218,4659,5004,445,1104,3629,2165,4435,4196,3250,3531,3548,2692,5597,2901,1375,4856,4328,2703,2487,3365,287,761,3561,1007,3317,5483,4664,1721,4081,2986,2602,2878,1242,2871,4450,1628,0,2553,1738,1364,1142,1586,3483,5630,2367,1348,3903,1586,1757,4485,5231,2935,4886,1925,5167,4726,1933,729,2766,4790,4413,1449,5540,3571,1746,685,4997,3397,1688,4547,3648,1303,3836,3542,3180,4348,2487,2591,5382,629,4818,5205,823,4896,5162,4966,1266,936,1764,1469,1834,100,946,5041
3345,999,4992,4648,1750,2031,5810,5177,3399,4198,2385,1577,3908,4334,1298,1579,1597,1627,5733,949,3053,5497,3801,1638,4050,1413,3535,3690,2496,4255,2252,5619,4800,4004,4220,1035,1537,927,4490,919,4586,3910,3533,0,3301,4612,3425,3868,1531,5330,1793,4596,1952,3868,4223,4623,5667,1870,5149,3488,5303,4862,3638,3977,1701,4929,4548,2424,5240,1619,3600,3772,5135,2332,3542,4683,2583,2867,3975,2473,2115,3935,4050,4154,5082,3630,4956,5279,4071,5034,5267,5105,4795,3072,4666,3746,5181,3727,2853,5428
1943,2671,4504,4382,2535,1565,4274,4689,1029,1238,3349,1884,3805,3846,2970,3251,3268,2411,5247,2621,1803,4471,3698,2423,2198,3085,421,576,3281,1141,3037,5133,4314,2386,3732,2706,2322,2598,1376,2590,4100,2293,419,2272,0,1499,1807,2251,3202,5281,1714,1482,3623,2251,1088,4135,4846,2655,4501,1636,4818,4376,1509,863,2486,4441,4063,1174,5191,3290,1471,1269,4647,3117,1413,4197,3368,1616,3486,3262,2900,3663,2198,2302,5033,1212,4468,4821,957,4546,4778,4617,1660,1167,1898,2052,1968,613,767,4656
2644,3431,5555,5143,3296,2326,4975,5320,833,1655,4110,2645,4565,4512,3730,4011,4029,3172,5913,3381,1764,5172,4458,3184,2959,3845,386,1077,4041,1022,3797,5799,4980,1466,4397,3466,3083,3359,1257,3351,4766,1372,594,3033,1897,0,887,1330,3963,5946,2862,110,4384,1330,1772,4801,5547,3415,5202,2397,5483,5042,2269,744,3246,5106,4729,1935,5856,4051,2231,1073,5699,3877,2173,4863,4128,1692,4152,4022,3661,4664,2959,3062,5698,299,5134,5521,838,5212,5478,5282,1582,1324,2123,1203,1849,494,1528,5357
3195,2716,5118,4969,2580,1560,5526,5871,859,1976,3394,1929,4257,4460,3014,3295,3313,2456,5862,2665,717,5723,4150,2468,1829,3129,937,1629,3325,1574,3081,5748,4929,670,4346,2751,2367,2643,1809,2635,4715,576,1145,2317,1080,1931,0,674,3247,5895,1709,1914,3668,674,2168,4749,6098,2699,5753,1267,5432,4991,1275,1296,2530,5055,4677,1169,5805,3335,1465,1232,5261,3161,1250,4812,3412,645,4101,3306,2945,4612,1829,1932,5647,851,5082,6073,1390,5161,6030,5231,2134,851,2445,1525,2960,1045,1266,5908
3811,3332,5734,5586,3196,2176,6142,6488,1475,2592,4010,2545,4873,5076,3630,3911,3929,3072,6478,3282,1333,6340,4766,3084,2445,3745,1554,2245,3941,2190,3697,6364,5545,1286,4962,3367,2983,3259,2425,3251,5331,1192,1762,2933,1696,2547,641,0,3863,6511,2325,2530,4284,0,2940,5366,6714,3315,6369,1883,6048,5607,1891,1912,3147,5671,5293,1785,6421,3951,2081,1848,5878,3777,1867,5428,4029,1261,4717,3922,3561,5228,2445,2548,6263,1467,5699,6689,2006,5777,6646,5847,2750,1467,3061,2141,3576,1661,1882,6525
4484,526,5228,4884,2264,3171,6972,5413,4539,6108,905,2716,4144,4570,996,1277,116,2140,6961,1158,4193,5734,4037,2152,5190,136,4855,5010,1630,6507,2765,6847,6028,7129,4456,598,2051,599,6742,867,5813,4951,4853,2278,4441,6864,5521,6170,0,5566,2933,6847,971,6170,5363,4860,5904,2383,5386,4628,6531,6090,5046,5297,2215,5165,5776,3564,5476,581,5008,4911,5372,1466,4950,5911,1717,4006,4211,992,2629,4330,5736,5293,5318,6296,5192,5515,6951,5271,5503,5341,7144,4212,6409,4886,6841,5047,3992,5665
4821,4079,3192,1451,4496,4768,3710,3872,5379,6066,5310,4314,1590,3697,4114,4395,4412,4372,2673,4549,4922,3698,1594,4384,5915,4483,5035,5189,5242,5755,4997,2083,1747,5872,3459,3928,4283,4051,5990,4177,2697,5779,5032,4200,5170,6112,5293,5737,4347,0,4531,6095,4767,5737,5701,3986,3868,4615,3681,5353,1334,2211,5226,5477,4447,2668,2394,4293,236,4512,5188,5883,3336,5078,5130,1630,5329,4735,3767,5223,4861,1708,5915,6019,1065,5498,4072,3479,5571,3235,3467,3305,6331,4941,6511,5615,6582,5139,4801,3629
2189,1207,4466,4856,1071,875,4524,4869,2243,3041,1885,321,4115,3808,1506,1787,1804,948,5210,1157,1897,4721,4008,959,3172,1621,2379,2533,1817,3099,1573,5096,4277,2848,3694,1242,858,1134,3334,1127,4063,2754,2377,809,2145,3456,2269,2712,1739,5243,0,3440,2160,2712,3067,4098,5145,1191,4751,2609,4780,4339,2482,2821,1022,4403,4026,1268,5153,1827,2444,2616,4610,1653,2386,4160,1904,1710,3449,1798,1436,4301,3172,3275,4995,2474,4431,4800,2915,4509,5028,4579,3639,1916,3510,2590,3926,2484,1697,4906
2534,3321,5445,5033,3186,2216,4865,5210,723,1545,4000,2535,4455,4496,3620,3901,3919,3062,5898,3271,1653,5062,4348,3074,2849,3735,276,967,3931,912,3687,5784,4965,1356,4382,3356,2973,3249,1147,3241,4751,1262,484,2923,1786,1269,777,1220,3853,5931,2751,0,4274,1220,1662,4786,5437,3305,5092,2287,5468,5027,2159,634,3136,5091,4713,1825,5841,3941,2121,963,5589,3767,2063,4848,4018,1582,4137,3912,3551,4314,2849,2952,5683,189,5410,5140,728,5197,5368,5267,1472,1214,2013,1093,1739,383,1418,5247
4318,1582,5474,5130,2455,3004,5980,5658,4372,6299,1096,2550,4223,4816,701,693,1122,2332,6215,2286,4026,5979,4282,2343,5546,1193,4665,4820,1822,6698,2957,6100,5282,4977,4702,2019,2242,1911,6933,1904,5067,5142,4663,2470,4274,7056,5712,4841,1056,6331,2766,7039,0,4841,5196,5105,6149,2575,5631,4984,5785,5343,4857,5108,2406,5411,5030,3397,6241,1637,4818,4744,5617,1658,4760,5164,1909,3839,4456,1184,2820,4417,5546,5649,6083,4603,5438,5761,5202,5516,5748,5586,5768,4045,6601,4719,7033,4770,3826,5910
3811,3332,5734,5586,3196,2176,6142,6488,1475,2592,4010,2545,4873,5076,3630,3911,3929,3072,6478,3282,1333,6340,4766,3084,2445,3745,1554,2245,3941,2190,3697,6364,5545,1286,4962,3367,2983,3259,2425,3251,5331,1192,1762,2933,1696,2547,641,0,3863,6511,2325,2530,4284,0,2940,5366,6714,3315,6369,1883,6048,5607,1891,1912,3147,5671,5293,1785,6421,3951,2081,1889,5878,3777,1867,5428,4029,1261,4717,3922,3561,5228,2445,2548,6263,1467,5699,6689,2006,5777,6646,5847,2750,1467,3061,2141,3017,1661,1882,6525
3100,3634,5467,5346,3498,2529,5430,5776,1036,1287,4313,2848,4768,4809,3933,4214,4231,3375,6211,3584,1966,5628,4661,3387,3162,4048,589,1533,4244,1191,4000,6097,5278,1989,4695,3669,3286,3561,1426,3554,5064,1895,1294,3236,2099,1002,1410,1853,4166,6244,3064,986,4587,1853,0,5098,6003,3618,5658,2600,5781,5340,2472,503,3449,5404,5026,2138,6154,4254,2434,1276,5610,4080,2376,5161,4331,1894,4450,4225,3863,4627,3162,3265,5996,1220,5431,5977,1007,5510,5934,5580,1245,1527,2053,1726,1315,1414,1730,5813
4891,3954,1179,3834,4368,4640,1211,718,5095,5567,5182,4186,4068,433,3989,4269,4287,4244,3210,4435,4793,918,3961,4256,5631,4358,4750,4905,5113,5471,4869,3096,2893,5951,327,3802,4155,3926,5706,4052,1600,5858,4748,4072,4885,4965,5372,5816,4221,4316,4402,4948,4642,5816,4246,0,1924,4487,691,5069,3396,2339,4942,4465,4318,954,1362,4165,4226,4387,4903,5598,1098,4949,4845,2775,5200,4607,503,5094,4733,1960,5631,5735,4068,5278,498,1154,5287,1460,1523,1163,5199,4916,6227,5689,5172,4855,4517,1685
4426,4701,460,3760,5115,4949,416,1140,5046,5524,5929,5279,4051,1611,4735,5016,5034,4991,3193,5182,5187,626,3944,5003,5583,5105,4749,4439,5860,5428,5616,3079,2876,6203,1812,4549,4902,4673,5663,4799,1559,6109,4747,4819,4837,5216,5624,6067,4968,4300,5098,5199,5389,6067,4497,1900,0,5234,949,5020,3379,2322,4893,4717,5065,1043,1345,4558,4210,5134,4855,5490,604,5696,4797,2758,5947,5001,1680,5841,5480,1944,5583,5686,4052,5230,1340,426,5285,1148,998,689,5070,4868,6161,5940,5423,4854,4468,139
2885,1373,4617,4795,664,1571,5373,4802,2939,3738,1478,1117,4055,3960,1672,1953,1971,240,5361,1323,2593,5570,3948,231,3868,1787,3255,3410,1410,3976,521,5247,4428,3544,3846,1408,332,1301,4211,1293,4214,5858,3253,975,2842,4333,2965,3408,1905,5394,1333,4316,2326,3408,3763,4249,5293,0,4775,3306,4931,4490,3178,3698,615,4554,4177,1964,5304,1993,3140,3312,4761,1246,3082,4311,1497,2407,3600,1391,384,4112,3868,3971,5146,3170,4582,4904,3792,4660,4892,4730,4335,2613,4206,3286,4803,3360,2393,5054
4273,4436,488,3857,4850,4797,399,191,4893,5372,5664,5126,4147,959,4471,4751,4769,4726,3290,4917,5035,227,4040,4738,5430,4840,4596,4287,5595,5275,5351,3175,2972,6050,853,4284,4637,4408,5510,4534,1656,5956,4594,4554,4684,5064,5471,5914,4703,4396,4946,5047,5124,5914,4345,691,1233,4969,0,4868,3475,2418,4740,4564,4800,1140,1442,4406,4306,4869,4702,5337,407,5431,4644,2855,5682,4848,1029,5576,5215,2040,5430,5533,4148,5077,391,463,5133,884,832,472,4581,4715,6008,5787,5270,4701,4315,993
2571,2446,4849,4729,2311,1291,4907,5252,1874,2673,3125,1660,3988,4191,2745,3026,3044,2187,5593,2396,1529,5104,3881,2199,557,2860,2192,2353,3056,3072,2812,5479,4660,2479,4077,2482,2098,2374,3307,2366,4445,2386,2400,2048,1777,3430,1900,2344,2978,5626,1440,3413,3399,2344,2865,4480,5479,2430,5134,0,5163,4722,325,2550,2261,4786,4408,900,5536,3066,1196,2247,4992,2892,442,4543,3143,1342,3832,3037,2676,4343,557,99,5378,2105,4813,5182,2644,4892,5411,4962,3710,1548,3142,2222,3656,2300,1328,5289
5487,4745,2926,1096,5162,5434,3432,3606,6045,6517,5976,4980,1950,3431,4780,5061,5078,5038,1263,5215,5588,3432,2113,5050,6581,5149,5701,4960,5907,6421,5663,1048,496,6635,3633,4593,4949,4717,6656,4843,1974,6542,5698,4866,5836,5649,6056,6500,5013,1088,5196,5632,5795,6500,4930,3720,3602,5281,3414,6019,0,1079,5892,5150,5113,2402,2128,4959,998,5178,5854,6549,3070,5744,5796,632,5995,5401,3501,5888,5527,1531,6581,6685,840,6164,3806,3213,6237,2969,3268,3039,5503,5607,6594,6281,5856,5805,5467,3363
4695,3954,2084,2036,4370,4643,2657,2763,5253,5726,5185,4188,2175,2588,3988,4269,4287,4247,229,4423,4796,2589,2179,4259,5790,4358,4909,4117,5116,5630,4872,205,908,5747,2790,3802,4158,3925,5864,4052,1143,5653,4907,4075,5044,4807,5168,5611,4221,2027,4405,4790,4642,5611,4088,2878,2759,4490,2572,5228,1411,0,5100,4307,4321,1559,1286,4167,1937,4386,5062,5757,2227,4952,5004,791,5203,4610,2658,5097,4735,689,5790,5893,1779,5373,2963,2371,5445,2126,2359,2197,4660,4815,6386,5489,5013,5014,4675,2520
2579,2454,4857,4737,2319,1299,4915,5260,1241,2040,3133,1668,3996,4199,2753,3034,3052,2195,5601,2404,895,5112,3889,2207,888,2868,1559,1719,3064,2439,2820,5487,4668,1846,4085,2490,2106,2382,2674,2374,4453,1752,1520,2056,1144,2796,1267,1710,2986,5634,1448,2780,3407,1710,2232,4488,5487,2438,5142,325,5171,4730,0,1917,2269,4794,4416,908,5544,3074,1204,1614,5000,2900,110,4551,3151,709,3840,3045,2684,4351,888,991,5386,1472,4821,5190,2884,4900,5419,4970,3077,915,2508,1588,3023,1666,1329,5297
2672,3780,5583,5491,3644,2674,5003,5348,1181,936,4458,2993,4913,4539,4078,4359,4377,3520,5941,3730,2472,5200,4806,3532,3307,4193,734,1105,4389,840,4145,5827,5008,1671,4425,3815,3431,3707,1074,3699,4794,1578,793,3381,2245,685,1092,1536,4311,5974,3210,668,4732,1536,1564,4829,5575,3763,5230,2745,5511,5070,2618,0,3595,5134,4757,2283,5884,4399,2579,1422,5727,4226,2521,4891,4477,2400,4180,4370,4009,4691,3307,3411,5726,1365,5162,5278,506,5240,5506,5310,1391,1673,1596,1409,1666,845,1876,5385
2730,1219,4463,4640,48,1417,5218,4647,2784,4294,970,962,3900,3805,1517,1798,1816,386,5206,1169,2439,5415,3793,398,3713,1632,3101,3255,902,4693,1011,5092,4273,4966,3691,1254,297,1146,4928,1138,4059,5350,3098,524,2687,5051,2810,3253,1750,5240,1179,5034,2171,3253,3608,4094,5138,629,4620,3151,4777,4335,3024,3543,0,4400,4022,1810,5150,1838,2985,3157,4606,738,2927,4156,989,2252,3445,883,874,3957,3713,3816,4992,3015,4427,4750,3637,4505,4737,4575,4181,2458,4763,3132,5277,3205,2238,4899
4809,4226,632,3038,4640,4913,1149,1259,5367,5840,5454,4458,3328,1136,4261,4542,4560,4517,2471,4707,5066,1085,3221,4528,5904,4630,5023,4548,5386,5743,5142,2356,2153,6224,1338,4075,4427,4198,5978,4325,837,6130,5021,4345,5158,5237,5645,6088,4494,3577,4675,5221,4915,6088,4519,1425,1307,4760,1067,5341,2656,1599,5214,4738,4591,0,623,4437,3487,4659,5176,5871,775,5222,5118,2036,5473,4879,1206,5367,5005,1221,5904,6007,3329,5551,1459,919,5559,674,997,744,5091,5189,6500,5961,5444,5128,4789,1068
4759,4017,956,2569,4434,4706,1473,1583,5317,5789,5248,4252,2860,973,4052,4333,4350,4310,2002,4487,4860,1409,2753,4322,5853,4421,4973,4872,5179,5693,4935,1888,1685,5810,1174,3865,4221,3989,5928,4115,368,5717,4970,4138,5108,5562,5231,5674,4284,3109,4468,5545,4705,5674,4843,1262,1632,4553,1392,5291,2188,1131,5164,5062,4385,324,0,4231,3019,4450,5126,5821,1100,5015,5068,1567,5267,4673,1042,5160,4799,752,5853,5957,2860,5436,1595,1243,5509,999,1497,1069,5416,4879,6449,5553,5769,5077,4739,1393
2897,2772,5175,5026,2637,1617,5233,5578,1352,2151,3451,1986,4314,4517,3071,3352,3370,2513,5919,2722,1007,5430,4207,2525,1402,3186,1670,1831,3382,2551,3138,5804,4986,1957,4403,2807,2424,2700,2785,2692,4771,1864,1878,2374,1255,2908,1378,1822,3304,5952,1765,2891,3725,1822,2343,4806,5805,2756,5460,840,5489,5047,713,2029,2587,5112,4734,0,5862,3392,674,1725,5318,3218,616,4868,3469,820,4157,3363,3002,4669,1402,1506,5704,1583,5139,5779,2123,5217,5737,5288,3188,1026,2620,1700,3135,1778,806,5615
6041,5299,3852,1084,5716,5988,4369,4531,6599,7072,6530,5534,1938,4356,5334,5615,5632,5592,2189,5769,6142,4357,2102,5604,7135,5703,6255,6409,6461,6975,6217,1973,1422,7092,4242,5148,5503,5271,7210,5397,2860,6999,6252,5420,6390,7332,6513,6956,5567,90,5751,7315,5783,6956,5856,4645,4293,5835,4340,6573,1098,2004,6446,6697,5667,3327,3053,5513,0,5732,6408,7103,3995,6298,6350,1793,6549,5955,3997,6443,6081,2459,7135,7239,829,6718,4731,4138,6791,3894,4154,3964,6428,6161,7731,6835,6781,6359,6021,4288
3611,627,5330,4986,2017,2298,5947,5515,3666,6689,1486,1843,4245,4672,1098,1378,697,1893,6071,782,3320,5835,4138,1905,4594,418,3802,3956,2211,4522,2519,5956,5138,4270,4558,699,1804,700,4757,968,4923,5532,3800,1700,3568,4879,6102,4135,581,5668,2060,4863,1552,4135,4490,4961,6005,2137,5487,4032,5641,5199,3905,4244,1968,5267,4886,2691,5578,0,3867,4038,5473,2047,3809,5020,2298,3133,4312,1573,2382,4273,4594,4698,5420,3897,5294,5617,4338,5372,5604,5443,5062,3339,6990,4013,7422,3906,3119,5766
2620,2495,4897,4749,2359,1339,4955,5300,1922,2721,3173,1708,4036,4239,2793,3074,3092,2235,5641,2445,1577,5152,3929,2247,1124,2908,2240,2401,3104,3121,2860,5527,4708,2527,4125,2530,2146,2422,3355,2414,4494,2434,2448,2096,1825,3478,1948,2392,3026,5674,1488,3461,3447,2392,2913,4529,5527,2478,5182,562,5211,4770,435,2599,2310,4834,4456,948,5584,3114,0,2295,5041,2940,339,4591,3192,1390,3880,3085,2724,4391,1124,1228,5426,2153,4862,5502,2693,4940,5459,5010,3758,1596,3190,2270,3705,2348,1376,5337
2556,3284,5468,4995,3148,1883,4887,5232,476,1580,3962,2497,4417,4459,3583,3863,3881,3024,5860,3234,1040,5084,4311,3036,2152,3698,808,1189,3894,1980,3649,5746,4927,1386,4345,3319,2935,3211,2215,3203,4713,1293,754,2885,613,2337,807,1251,3815,5894,2032,2320,4236,1251,1701,4748,5459,3267,5114,1590,5431,4989,1598,1166,3099,5054,4676,1090,5804,3903,1387,0,5611,3730,1329,4810,3981,968,4099,3875,3513,4276,2152,2256,5646,721,5081,5433,1260,5159,5391,5229,2617,384,2049,1129,2564,915,799,5269
4463,4200,143,3512,4614,4886,393,687,5083,5562,5428,4432,3803,1110,4235,4516,4533,4490,2945,4681,5225,416,3696,4502,5620,4604,4787,4477,5359,5465,5115,2830,2627,6240,1350,4049,4401,4172,5700,4298,1311,6146,4784,4318,4874,5254,5661,6104,4468,4051,4648,5237,4888,6104,4535,1187,754,4733,496,5058,3131,2073,4930,4754,4565,795,1097,4596,3961,4633,4892,5528,0,5196,4834,2510,5447,5038,1180,5341,4979,1695,5620,5723,3803,5267,887,144,5323,648,487,236,4771,4905,6198,5977,5460,4891,4505,515
3340,1829,5073,4924,561,2027,5828,5258,4837,3685,1580,1572,4510,4415,2128,2408,2426,996,5817,1779,4377,6025,4403,1008,5489,2243,3711,3865,1512,4084,1621,5702,4884,4357,4301,1864,907,1756,4319,1748,4669,4263,3709,1134,4740,4442,4076,4520,2360,5850,1789,4425,2781,4520,4896,4704,5624,1239,5230,4927,5387,4945,4935,4489,609,5010,4632,2420,5760,2448,3864,5210,5216,0,3806,4766,1599,4305,4055,1493,1485,4567,5489,5592,5602,5068,5037,5360,4529,5115,5347,5186,4722,4511,4154,5185,4668,3815,2848,5509
2442,2317,4719,4599,2181,1161,4777,5122,1145,1943,2995,1530,3858,4061,2615,2896,2914,2057,5463,2267,799,4974,3751,2069,1004,2730,1463,1623,2926,2343,2682,5349,4530,1750,3947,2352,1968,2244,2578,2236,4316,1656,1423,1918,1047,2700,1171,1614,2848,5496,1310,2683,3269,1614,2135,4351,5349,2300,5004,442,5033,4592,110,1821,2132,4656,4278,770,5406,2936,1066,1518,4863,2762,0,4413,3014,612,3702,2907,2546,4213,1004,1108,5248,1376,4684,5053,2787,4762,5281,4832,2980,818,2412,1492,2927,1570,1233,5159
5013,4272,2757,1643,4688,4961,3330,3436,5571,6044,5502,4506,1783,3261,4306,4587,4605,4565,1466,4741,5114,3262,1786,4577,6108,4675,5227,5382,5434,5948,5190,875,133,6065,3463,4120,4475,4243,6182,4370,1489,5971,5225,4393,5362,6305,5486,5929,4539,1634,4723,6288,4960,5929,4758,3550,3432,4808,3245,5546,593,1004,5418,5669,4639,2232,1959,4485,1544,4704,5380,6075,2900,5270,5322,0,5521,4927,3331,5415,5053,1359,6108,6211,1386,5691,3636,3044,5763,2799,2783,2870,5330,5133,6704,5807,5683,5332,4993,3193
3001,1489,4733,4585,221,1687,5489,4918,3055,4025,1241,1233,4171,4076,1788,2069,2087,656,5477,1439,2709,5686,4064,668,4252,1903,3371,3526,1172,4424,1282,5363,4544,4696,3962,1524,567,1417,4659,1409,4330,4603,3369,795,2958,4781,4416,4859,2021,5510,1449,4764,2442,4859,3879,4365,5409,900,4891,3690,5047,4606,3563,3814,269,4670,4293,2080,5420,2109,3524,3428,4877,1009,3466,4427,0,2523,3716,1154,1145,4228,4252,4356,5262,3286,4698,5020,3908,4776,5008,4846,5061,2728,4493,3402,5008,3476,2509,5170
2685,2377,4780,4659,2242,1222,5016,5361,839,1638,3056,1591,3919,4122,2676,2957,2975,2118,5524,2327,386,5213,3812,2130,1491,2791,1157,1317,2987,2037,2743,5409,4591,1444,4008,2412,2029,2305,2272,2297,4376,1351,1118,1979,742,2395,865,1308,2909,5557,1370,2378,3330,1308,1830,4411,5588,2361,5243,929,5094,4652,937,1515,2192,4717,4339,831,5467,2997,1127,1212,4923,2823,912,4473,3074,0,3762,2968,2607,4274,1491,1594,5309,1070,4744,5562,2482,4822,5520,4893,2675,513,2106,1187,2621,1265,928,5398
3865,3282,1198,3162,3696,3969,1549,1056,4423,4895,4510,3514,3589,66,3317,3598,3615,3572,2991,3763,4122,1256,3542,3584,4959,3686,4079,3604,4442,4799,4197,2876,2673,5280,415,3131,3483,3254,5034,3381,1380,5186,4076,3400,4214,4293,4701,5144,3550,4097,3731,4276,3971,5144,3574,503,1873,3815,1029,4397,3176,2119,4270,3794,3647,735,1143,3493,4007,3715,4232,4927,1436,4278,4174,2556,4529,3935,0,4423,4061,1741,4959,5063,3849,4607,836,1492,4615,1240,1472,1501,4147,4245,5555,4815,4500,4183,3845,1634
3492,1981,5225,5076,1271,2179,5980,5409,3546,5624,88,1724,4662,4567,2279,2560,2232,1148,5968,1930,3201,6177,4555,1160,4743,2303,3863,4017,638,6024,1773,5854,5035,4151,4453,2016,1058,1908,6259,1900,4821,4467,3860,1286,3998,6381,5038,5687,2167,6001,1941,6364,2259,5687,4370,4856,5776,1391,5382,4181,5539,5097,4054,4305,1222,5162,4784,2572,5911,2412,4016,3919,5368,474,3957,4918,725,3014,4207,0,1636,4719,4743,4847,5753,3777,5189,5511,4399,5267,5499,5337,5143,3220,5926,3893,6358,3967,3629,5661
3265,1754,4997,4849,1044,1952,5753,5182,3319,4118,1858,1497,4435,4340,2052,2333,2351,620,5741,1703,2974,5950,4328,611,4516,2167,3636,3790,1790,4356,345,5627,4808,3924,4226,1789,712,1681,4591,1673,4594,6238,3633,1355,3222,4713,3345,3788,2285,5774,1714,4696,2706,3788,4143,4629,5549,519,5155,3954,5312,4870,3827,4078,995,4935,4557,2345,5684,2373,3788,3692,5141,1626,3730,4691,1877,2787,3980,1771,0,4492,4516,4620,5526,3550,4962,5284,4172,5040,5272,5110,4715,2993,4586,3666,5183,3740,2773,5434
4006,3265,1552,1885,3681,3954,2069,2231,4564,5037,4495,3499,2107,2056,3299,3580,3598,3558,1938,3734,4107,2057,2000,3570,5101,3669,4220,4375,4427,4941,4183,1574,1000,5058,2258,3113,3469,3236,5175,3363,791,4964,4218,3386,4355,5298,4479,4922,3532,2424,3716,5281,3953,4922,4065,2345,2227,3801,2040,4539,1503,1067,4411,4663,3632,1027,754,3478,2334,3697,4373,5068,1695,4263,4315,883,4514,3920,2126,4408,4046,0,5101,5204,2176,4684,2431,1839,4756,1594,1826,1665,4638,4126,5697,4800,5767,4325,3986,1988
7846,5355,9246,8506,5625,6532,10333,9431,6454,6596,4266,6078,7353,8297,5493,5498,4895,5501,9987,6058,6313,9631,8055,5513,7425,4965,6532,7223,4991,7168,6126,9842,9054,7268,8474,5792,5412,5684,7403,5676,8840,6240,6740,5639,6676,7526,6658,7101,4829,9461,6294,7509,4921,7101,7918,8877,9922,5744,9404,6863,9557,9116,6871,6890,5576,9183,8803,6925,9371,5075,7061,6868,9389,4827,6847,8937,5078,6241,8229,4354,5990,8348,0,7528,9213,6445,9210,9533,6984,9289,9521,9359,7728,6447,7065,6984,7580,6640,6862,9682
2576,2451,4854,4705,2316,1296,4912,5257,1879,2678,3130,1665,3993,4196,2750,3031,3049,2192,5598,2401,1534,5109,3886,2204,1929,2865,2197,2357,3061,3077,2817,5483,4665,2484,4082,2486,2103,2379,3312,2371,4450,2391,2405,2053,1782,3434,1905,2348,2983,5631,1444,3418,3404,2348,2870,4485,5484,2435,5139,1367,5168,4726,330,2555,2266,4791,4413,905,5541,3071,1201,2252,4997,2897,447,4547,3148,1347,3836,3042,2681,4348,1929,0,5383,2110,4818,5458,2649,4896,5416,4967,3715,1553,3146,2227,3661,2305,1333,5294
11050,11197,7196,8569,11614,11887,7551,7875,12497,12970,12428,11432,8709,7700,11232,11513,11530,11490,7029,11667,12040,7762,8712,11502,13034,11601,12153,11064,12360,12873,12116,6915,7234,12312,8603,11046,11401,11169,13108,11296,7486,13110,12151,11319,12288,11325,12625,12176,11465,7444,11649,12201,11886,13068,11499,8691,7783,11734,8085,12471,7817,7327,12344,11718,11565,7834,7955,11411,7354,11630,12306,12491,7740,12196,12248,7818,12447,11853,8471,12341,11979,7931,13034,13137,0,12616,8476,7562,12689,7939,7295,8010,11358,12059,13162,12733,16309,12258,11919,7888
2973,2950,5498,5471,2814,2217,5303,5649,444,1919,3628,2164,4894,4840,3249,3530,3547,2691,6242,2900,1374,5501,4787,2703,2486,3364,715,1406,3560,1351,3316,6127,5309,1777,4726,2985,2601,2877,1586,2870,5094,1684,923,2552,1737,1708,1198,1641,3482,6275,2366,1691,3903,1641,2101,5129,5875,2934,5530,1924,5812,5370,1932,1073,2765,5435,5057,1448,6185,3570,1745,684,5641,3396,1687,5191,3647,1302,4481,3541,3179,4992,2486,2590,6027,0,5462,5850,1167,5540,5807,5611,1911,935,2388,1468,2178,822,945,5686
4591,4287,879,4248,4701,5115,911,419,5212,5690,5515,5444,4428,766,4322,4602,4620,4577,3681,4754,5353,618,4432,4589,5748,4691,4915,4605,5446,5594,5202,3567,3363,6368,660,4135,4488,4259,5829,4385,2047,6275,4913,4405,5003,5382,5789,6233,4554,4705,5264,5365,4975,6233,4663,498,1624,4820,391,5186,3867,2810,5059,4882,4651,1287,1833,4724,4615,4720,5021,5656,798,5282,4962,3246,5533,5166,836,5427,5066,2431,5748,5852,4457,5396,0,854,5386,1275,1489,863,4899,5033,6327,6106,5589,5019,4634,1385
4320,4581,287,3640,4994,4843,249,654,4940,5418,5808,5173,3820,1490,4615,4896,4914,4871,3073,5047,5081,373,3824,4883,5476,4985,4643,4333,5740,5322,5496,2959,2755,6096,1316,4429,4782,4552,5557,4679,1439,6003,4641,4699,4731,5110,5517,5961,4848,4098,4992,5093,5269,5961,4391,1154,618,5114,463,4914,3259,2202,4787,4611,4945,923,1225,4452,4008,5013,4749,5384,144,5576,4691,2638,5827,4894,1560,5721,5359,1823,5476,5580,3850,5124,854,0,5114,1028,483,390,4627,4762,6055,5834,5317,4748,4362,379
2166,3344,5078,5170,3208,2238,4497,4842,746,1887,4022,2558,4478,4034,3643,3924,3941,3085,5435,3294,1676,4694,4371,3097,2872,3758,299,600,3954,901,3710,5321,4502,1699,3920,3379,2995,3271,1136,3264,4288,1605,288,2946,1809,712,1120,1563,3876,5469,2387,695,4297,1563,1651,4323,5069,3328,4724,2309,5006,4564,2182,213,3159,4629,4251,1847,5379,3964,2144,986,5221,3790,2086,4385,4041,1604,3674,3935,3573,4186,2872,2975,5221,930,4656,4773,0,4734,5001,4804,1105,1237,1657,1436,1458,339,1440,4879
4942,4359,764,3419,4773,4984,1270,1572,5404,5678,5587,4653,3598,729,4394,4675,4692,4649,2851,4826,5428,1270,3602,4661,5824,4763,5156,4681,5518,5582,5274,2737,2534,6356,931,4208,4560,4331,5817,4457,1217,6263,5153,4477,5078,5370,5777,6221,4627,3876,4870,5353,5047,6221,4651,1018,1440,4892,1544,5262,3037,1980,5134,4871,4724,701,1004,4800,3786,4792,5096,5644,908,5355,5038,2417,5606,5242,799,5500,5138,1602,5824,5927,3628,5471,1351,1051,5374,0,1305,877,5224,5109,6315,6094,5577,5260,4709,1201
4639,4674,343,3702,5088,5163,565,1023,5259,5738,5902,5492,3881,1584,4709,4990,5007,4964,2976,6228,5400,775,3885,4976,5796,5078,4962,4653,5833,5641,5589,2862,2817,6416,1785,4522,4875,4646,5876,4772,1263,6322,4960,5880,5050,5429,5837,6280,4941,4074,5311,5413,5362,6280,4711,1873,183,5207,832,5234,3320,1854,5106,4930,5039,994,1319,4772,3984,5107,5068,5703,487,5669,5010,2700,5920,5214,1653,5814,5453,1885,5796,5899,3826,5443,1223,576,5499,1122,0,572,4947,5081,6374,6153,5636,5067,4681,288
4944,4113,228,3597,4527,4738,553,663,5157,5432,5341,4407,3777,1023,4148,4428,4446,4403,3030,4580,5182,489,3781,4415,5577,4517,4909,4434,5272,5336,5028,2916,2712,6110,1224,3961,4314,4085,5570,4211,1396,6017,4907,4231,4832,5124,5531,5975,4380,4054,4623,5107,4801,5975,4405,1312,973,4646,472,5015,3216,2159,4888,4624,4477,880,1182,4553,3964,4546,4850,5398,236,5108,4792,2595,5359,4995,1092,5253,4892,1780,5577,5681,3806,5225,863,380,5128,561,572,0,4978,4863,6069,5848,5331,5014,4463,734
3320,5000,4876,6324,4864,3894,4296,4641,2401,1786,5678,4213,6133,5188,5298,5579,5597,4740,6590,4949,3299,4493,6026,4752,4527,5413,1954,1754,5609,1689,5365,6475,5657,3354,5074,5035,4651,4927,1924,4919,5442,3260,2722,4601,3465,2368,2775,3218,5531,6623,4043,2351,5952,3218,1649,5477,4868,4983,4523,3965,6160,5718,3838,1868,4815,5783,5405,3503,6533,5619,3799,2642,5019,5445,3741,5539,5697,3227,4828,5590,5229,5340,4527,4630,6375,2585,4841,4571,2372,5564,4799,5105,0,2893,2422,3091,1684,2711,3096,4678
2896,2589,4899,4871,2453,1433,4660,5005,1050,1849,3267,1802,4130,4242,2887,3168,3186,2329,5643,2538,705,4857,4023,2341,1702,3002,1368,1529,3198,2249,2954,5529,4710,1655,4128,2624,2240,2516,2483,2508,4496,1562,1329,2190,953,2606,1076,1520,3120,5676,1582,2589,3541,1520,2041,4531,5232,2572,4887,1140,5213,4772,1041,1727,2403,4837,4459,706,5586,3208,1003,1423,5043,3034,945,4593,3285,518,3882,3179,2818,4394,1702,1805,5428,1281,4864,4936,1820,4942,5164,5012,2886,0,2318,1398,2833,1476,555,5042
3324,3686,5519,5397,3550,2580,5659,6005,1087,511,4364,2899,4819,4861,3984,4265,4283,3426,6262,3636,1981,5857,4713,3438,3092,4100,640,2372,4296,414,4051,6148,5329,2040,4747,3721,3337,3613,649,3605,5115,1947,1566,3287,2151,771,1461,1905,4217,6295,2729,755,4638,1905,2258,5150,6231,3669,5886,2530,5833,5391,2524,797,3501,5456,5078,2189,6205,4305,2485,1328,5662,4132,2427,5212,4383,1909,4501,4277,3915,5013,3092,3196,6047,1271,5483,6206,837,5561,6163,5631,1030,1579,0,1778,1619,1466,1782,6042
3297,3659,5492,5371,3523,2554,5633,5978,1061,2202,4338,2873,4793,4834,3958,4239,4256,3400,6236,3609,1991,5830,4686,3412,3187,4073,614,1235,4269,1180,4025,6122,5303,2014,4720,3694,3311,3586,188,3579,5089,1920,751,3261,2124,284,1435,1878,4191,6269,3089,268,4612,1878,1930,5123,6254,3643,5860,2625,5806,5365,2497,902,3474,5429,5051,2163,6179,4279,2459,1301,5635,4105,2401,5186,4356,1919,4475,4250,3888,4986,3187,3290,6021,457,5456,5779,996,5535,5767,5605,1740,1552,2671,0,3186,651,1755,6015
3004,3961,5529,5672,3825,2855,5334,5680,1363,786,4639,3174,5095,4871,4260,4541,4558,3701,6273,3911,2299,5532,4988,3713,3411,4375,915,1437,4571,689,4327,6159,5340,2279,4757,3996,3612,3888,924,3880,5126,2185,1417,3562,2426,1047,1736,2180,4493,6306,3391,1030,4913,2180,1323,5160,5907,3945,5561,2848,5843,5402,2799,1279,3776,5466,5088,2464,6216,4580,2761,1603,5672,4407,2703,5223,4658,2227,4512,4552,4190,5023,3411,3514,6058,1546,5493,5881,1066,5572,5838,5642,1259,1854,1422,2053,0,1405,2057,5717
2227,3867,5139,5231,3731,2319,4558,4904,545,973,4545,3081,5001,4095,4166,4447,4464,3608,5497,3817,1476,4755,4894,3619,2588,4281,157,661,4477,877,4233,5382,4564,1878,3981,3902,3518,3794,1112,3787,4349,1785,100,3469,1839,1234,1299,1743,4399,5530,3297,1217,4819,1743,1627,4384,5130,3851,4785,2025,5067,4625,2033,599,3682,4690,4312,1550,5440,4487,1846,786,5282,4313,1788,4446,4564,1404,3735,4458,4096,4247,2588,2691,5282,729,4717,4834,693,4795,5062,4866,1166,1037,1633,1569,1704,0,1047,4941
2150,2512,4345,4223,2376,1406,4486,4831,1186,2788,3190,1726,3646,3687,2811,3092,3109,2253,5089,2462,1644,4683,3539,2264,2040,2926,1398,1553,3122,2119,2878,4974,4156,2520,3573,2547,2163,2439,2353,2432,3941,2426,1333,2114,977,2476,1941,2384,3044,5122,1555,2459,3464,2384,2065,3976,5020,2496,4713,1477,4659,4217,1350,1841,2327,4282,3904,1015,5032,3131,1312,2363,4488,2958,1254,4038,3209,1458,3327,3103,2741,3839,2040,2143,4874,1370,4309,4632,1935,4387,4620,4458,2637,1008,3257,2337,2946,1503,0,4781
4350,5989,476,3776,5854,4873,431,1156,4970,5448,6668,5203,3956,1626,4751,5032,5050,5730,3209,5939,5111,641,3960,5742,5507,5120,4673,4364,6599,5352,6355,3094,2891,6127,1828,4565,5641,5917,5587,5909,1575,6033,4671,5591,4761,5140,5548,5991,4984,4233,5022,5123,5405,5991,4422,1915,143,5973,964,4944,3395,2337,4817,4641,5804,1059,1361,4482,4143,5149,4779,5414,620,6435,4721,2774,6686,4925,1696,6580,6219,1959,5507,5610,3985,5154,1356,442,5145,1164,923,705,4658,4792,6085,5864,5347,4778,4392,0
