0,1007,1412,1560,1757,1686,1085,1665,1173,1623,1019,1628,1816,1271,1914,868,221,1379,1277,1499,1734,1662,1688,1959,1634,1647,1785,1819,721,1899,1265,481,1020,953,1185,1337,1715,1520,1632,1945,1477,1625,1263,1581,1110,1756,1157,1160,1394,1238,1331,820,1822,1711,2055,1828,1011,1588,1366,792,1682,1649,1343,1559,1771,1772,1733,1747,1888,1066,1672,1714,824,1432,1768,1483,1969,1863,2034,1698,1769,487,1878,1371,1742,1318,1720,591,1281,1767,1554,2134,1747,1775,2123,1493,1736,1996,2100,1030
1048,0,1804,1900,1713,962,285,1153,195,2075,527,2020,1119,379,1834,825,1073,396,1038,1993,2105,970,909,1272,2005,2133,1088,2028,1613,2261,526,1184,528,461,166,292,2245,732,1101,1470,799,2077,1640,1200,1198,1648,532,1510,2237,2097,209,1289,1713,1039,1283,1909,514,631,230,1441,2076,2155,298,918,1855,1495,1994,1043,1781,823,1939,847,562,2059,2311,1759,1884,1661,1436,612,1652,1136,1232,531,2076,378,1903,1280,1014,2039,2111,1094,1694,1851,983,1769,983,2272,1487,533
1390,1804,0,650,865,1434,1866,1183,1953,714,1815,701,1118,1529,830,1476,1339,1747,1605,819,848,1042,949,1233,749,495,1087,704,1941,856,1587,1399,1816,1749,1961,1714,406,1207,1078,1119,1182,716,1033,1309,1167,1142,1820,1555,1232,789,1991,1488,865,1108,1074,1000,1679,1591,1807,1138,725,653,1720,1527,810,952,627,1111,932,1535,496,976,1537,813,880,426,958,815,1352,910,939,1478,1090,1582,582,1709,761,1417,1409,786,934,940,822,792,1184,392,1082,811,1102,1698
2011,2029,879,0,1100,1426,1775,1193,1862,971,2025,1030,1243,1146,730,2075,1960,978,2085,761,350,1390,1241,1363,435,756,1212,979,915,697,926,2031,2026,1959,1879,1112,733,1353,1450,1538,1310,973,1750,1301,1661,1757,2030,1939,1441,1058,1995,2089,1100,1233,1501,757,2274,1261,1930,1755,641,910,1125,1652,619,1575,412,1233,1207,2134,955,1086,1712,827,744,682,1315,1609,1770,1051,1450,2086,1519,977,452,1675,570,2032,1933,471,875,846,1457,601,1025,662,1451,486,1209,2293
1900,1443,770,524,0,1243,1182,990,1269,542,1401,889,653,1067,719,1119,1844,1291,1431,578,727,935,1682,755,629,594,622,505,907,880,1123,1908,1402,1335,1286,1252,829,1103,1200,896,706,544,1635,1126,1235,1643,1406,1486,1300,914,1409,1459,34,643,585,472,1388,1117,1347,1639,769,655,1258,1055,360,1595,616,636,589,1117,998,1739,1108,642,937,633,964,1325,1006,1077,1303,1992,600,1125,625,1076,458,1918,1288,666,692,983,822,375,1208,603,1197,882,796,1407
1225,1161,1697,1757,1907,0,1224,734,1214,2031,946,1520,1154,1186,1710,1824,1573,1495,1960,980,1802,1436,1656,1276,1604,1808,1183,1937,1652,1353,1210,1341,939,1602,1007,1361,1957,1671,1458,2612,2215,2033,1554,78,1772,1377,921,1917,1145,1153,1097,1828,1907,1154,1187,2024,1533,1526,1258,1485,1433,1970,1129,1157,1799,1633,1503,1023,2066,1883,1421,1658,1891,1070,1406,1725,920,1545,1180,1537,1335,1271,1454,1274,1506,958,1917,1652,2047,1527,1095,1229,2155,1792,1284,1704,1466,1603,2114,1552
947,503,1707,1811,1610,1014,0,1213,87,2016,429,1918,1058,314,1717,612,972,366,822,1894,2010,940,712,1058,1912,2081,1027,1971,1517,2169,335,1086,430,363,104,262,1952,770,1146,1365,736,2018,1537,1261,1153,1546,434,1288,2179,1995,178,1086,1610,978,1149,1663,416,460,168,1231,1963,2099,268,708,1733,1457,1754,982,1722,610,1857,817,464,1960,2219,1655,1661,1621,1231,417,1550,1031,1108,340,1981,309,1833,1314,807,1947,2013,1141,1641,1729,1234,1665,768,2177,1426,435
1618,955,1197,1216,1393,463,1004,0,996,1564,1144,1052,919,1176,1217,1889,1641,1226,2031,497,1509,1718,1627,1496,1156,1346,1141,1467,1846,1066,1442,2120,1136,1979,999,1121,1486,1658,1449,2059,1704,1566,1327,569,1597,1444,923,1990,874,859,1316,1893,1393,922,942,1526,1920,1258,1034,1554,987,1503,1125,1366,1309,1609,1014,989,1568,1948,935,1358,2022,586,1118,1264,1463,1444,1139,1267,1172,1649,1402,1256,1072,945,1438,1719,1843,1081,611,943,1751,1302,989,1243,1758,1323,1616,1939
953,529,1712,1817,1719,1005,205,1203,0,1929,455,1924,1055,359,1848,638,978,376,850,1899,2016,950,853,1207,1918,2000,1024,1887,1523,2175,473,1092,456,389,17,272,1958,712,1273,1406,735,1931,1543,1252,1130,1552,460,1314,2185,2001,188,1112,1719,975,1219,1839,442,594,115,1259,2066,2034,278,846,1869,1434,1906,979,1634,636,1863,827,490,1965,2225,1661,1831,1597,1371,551,1556,1037,1163,478,1988,306,1832,1320,833,1953,2018,1135,1621,1865,1017,1671,900,2183,1425,461
1999,1414,916,934,670,1641,1150,1393,1237,0,1368,1354,621,1035,934,1087,1734,1259,1406,985,1137,946,1649,728,1033,575,590,486,2557,1285,1091,2018,1369,1302,1254,1220,868,921,1210,871,674,525,1738,1515,1209,1745,1373,1460,1704,1328,1378,1433,670,611,553,811,1355,1085,1315,1585,881,636,1226,1020,704,1573,1019,604,747,1085,1146,1716,1075,1051,1110,614,442,1476,974,1045,1750,2074,568,1093,1038,1043,805,2020,1260,1070,1100,1096,797,720,1408,584,1000,1296,581,1374
762,235,1511,1617,1766,1143,306,947,393,1697,0,1717,1186,525,1887,436,783,605,669,1701,1821,1174,932,1344,1718,1719,1155,1816,1339,1973,547,886,1,92,425,547,1755,929,1345,1548,865,1699,1342,1186,1009,1353,13,1128,1990,1798,462,933,1766,1106,1346,1910,145,664,474,916,1955,1636,553,974,1777,1412,1709,1109,1839,597,1661,1051,705,1767,2023,1462,1947,1497,1490,623,1356,845,1291,553,1781,444,1726,1125,701,1753,1818,1111,1818,1751,1203,1472,970,909,1553,164
1299,1728,669,805,958,1208,1789,992,1876,1161,1733,0,1217,1625,779,1386,993,1843,1512,580,968,1044,1170,1335,810,1095,1186,1085,1852,805,1684,1305,1734,1667,1876,1811,958,1203,1074,1271,1283,1163,798,1170,1051,799,1738,1446,983,592,1908,1397,958,1207,1168,1097,1597,1688,1975,1038,688,1100,1817,1623,874,878,576,1207,1179,1445,394,980,1435,644,829,1020,1062,737,1443,1648,642,1389,1185,1679,529,1619,1005,1076,1292,834,694,888,979,864,1134,1000,1080,767,1207,1616
2313,1435,1189,930,836,956,1126,1110,1213,1266,1374,1302,0,1011,1093,1428,2257,1235,2187,974,1133,1844,1345,862,1029,1327,1090,1224,2838,1281,1067,2329,1375,1308,1230,1196,1261,1375,1744,1638,1217,1268,2044,971,1974,2053,1379,2219,1694,1317,1354,2358,836,1093,449,877,1361,1061,1291,2055,1212,1350,1202,1088,771,1836,1015,836,1303,1426,1417,1723,1429,1040,1336,1052,765,1825,872,1021,1741,2368,469,1338,1047,1377,886,2327,1587,1068,1104,1440,1604,803,1600,1027,1409,1302,647,1416
1527,1077,2287,949,1827,1432,771,1421,753,2431,1014,2496,1224,0,1969,1064,1344,488,1286,1239,1011,1067,1016,1397,919,2513,1193,2391,1714,1231,618,1622,1015,948,724,557,2657,701,954,1767,1130,2433,1919,1217,1555,1937,1019,1758,1069,934,740,1551,1827,1150,1412,1909,1001,768,671,1701,1178,2524,563,994,906,1869,2023,1154,2111,1062,2429,943,939,1035,978,2451,1906,2025,1548,792,1936,1035,1370,628,999,877,943,1710,1237,931,1054,1343,1998,1104,1436,2426,744,1270,1737,1020
2176,1718,1092,807,336,1534,1479,1263,1567,834,1721,1173,898,1322,0,1387,2153,1569,1744,868,999,999,1869,1010,899,915,867,794,1173,1143,1352,2215,1722,1655,1584,1475,1158,979,1059,1202,988,836,1924,1391,1557,1942,1726,1778,1610,1217,1638,1759,336,888,861,751,1708,1121,1571,1940,1102,951,1481,1323,650,1895,881,913,737,1385,1335,936,1393,931,1199,924,1032,1691,1368,935,1942,2271,881,1354,915,1356,751,2207,1608,935,982,1328,1114,666,1473,932,1275,1169,1057,1727
887,518,1753,1807,1576,2042,599,1976,687,1634,565,1526,957,606,1702,0,757,852,338,1920,1995,1433,1045,1108,1903,1430,926,1415,1609,2156,648,1147,566,499,692,843,1656,1099,1610,1192,603,1636,1016,1926,795,1035,570,770,2013,1569,753,639,1576,883,1115,1713,552,917,768,778,2060,1760,849,783,1613,990,1888,887,1357,79,1753,1310,133,1914,2203,1724,1715,1126,1349,881,1032,1164,1147,656,1901,345,1711,975,331,1937,2039,2298,1259,1628,2495,1732,1240,2171,1305,571
119,1021,1407,1525,1749,1815,1105,1755,1193,1609,1024,1618,1632,1187,1905,676,0,1434,957,1656,1723,1624,1696,1779,1622,1609,1601,1804,763,1874,1289,513,1025,958,1195,1340,1653,1440,1603,1523,1313,1611,1535,1701,970,1555,1029,818,1600,1385,1252,696,1749,1556,1803,1818,882,1541,1274,468,1854,1548,1346,1354,1679,1244,1615,1564,1782,905,1569,1815,660,1650,1926,1369,1850,1389,1907,1563,1552,442,1725,1291,1681,1004,1628,385,1077,1660,1773,2080,1409,1659,2215,1379,1586,1902,1980,901
1263,821,2012,1182,1601,1238,505,1481,596,2168,758,2221,784,217,1722,799,1292,0,1018,1298,1040,593,618,1225,1153,2018,753,2125,1800,1065,207,1353,759,692,567,395,2006,397,746,1467,859,2170,1665,1268,1285,1682,763,1477,1354,1190,578,1294,1601,786,1139,1109,745,279,509,1443,1014,2258,401,592,1119,1593,918,714,1848,797,919,471,674,1308,1233,1746,1640,1740,1396,275,1681,1227,1195,216,1034,723,1166,1494,966,967,1334,1152,1734,1130,1484,1720,727,1304,1492,764
1030,832,1180,1465,1687,2022,994,1947,1067,1312,779,1353,1128,993,1623,523,899,1243,0,1594,1658,1820,1421,1278,1562,1106,1097,1096,1793,1812,1020,1346,780,713,1038,1186,1318,1465,1994,871,726,1314,887,1906,376,994,784,579,1877,1462,1096,598,1687,1054,1227,1384,1000,1314,1126,736,1621,1412,1192,1109,1288,711,1553,1058,1118,590,1367,1698,661,1588,1865,1285,1386,846,1545,1279,962,1152,1359,1027,1459,773,1384,988,372,1600,1711,1841,794,1303,2156,1279,1657,1836,1418,1019
1715,2064,772,816,922,849,1780,504,1868,1159,2088,626,1210,1026,769,1807,1512,1074,1927,0,993,1534,1441,1313,718,919,1179,1074,1807,705,1257,1726,2089,2022,1885,1175,1091,1475,1568,1700,1303,1161,1293,714,1568,1309,2093,1869,811,405,1136,1764,922,1200,1166,1362,1965,1109,1886,1463,529,1098,1180,1181,888,1269,577,1224,993,1870,616,1456,1839,92,612,858,1083,1170,989,1350,1137,1818,1011,1103,589,1677,1174,1577,1847,629,117,768,1385,875,766,832,1575,805,1203,1984
1997,2078,1085,282,1132,1504,1825,1178,1913,1046,2355,1008,1254,1221,773,2153,1957,1256,2095,762,0,1462,1083,910,518,782,1223,978,1174,697,986,929,2356,2289,1930,1189,763,1426,1261,1550,1344,1048,1732,1361,1707,1747,2360,1948,1464,1066,1143,2036,1132,1244,1566,903,2231,1336,1930,1746,633,985,1202,1680,672,1605,462,1265,1066,2220,952,1383,1755,827,718,719,1371,1522,1826,1114,1510,2092,1584,1036,447,1724,623,2013,2008,554,876,934,1453,659,882,693,1261,348,1248,2250
1841,1388,1258,1151,1130,1735,1091,1422,1160,1143,1333,1261,1479,805,1206,1346,1863,642,1568,1270,1210,0,577,1074,1138,923,1448,1182,1119,1520,766,1929,1334,1267,1131,974,1186,213,597,2064,1417,1133,914,1769,1793,2214,1338,2051,1593,1429,1144,1829,941,1431,1543,1291,1320,734,1076,1980,1201,962,980,1013,1084,2076,1320,1411,2413,1344,1113,289,1219,1545,1464,970,1140,1124,1485,727,968,1664,1193,788,1214,1185,1362,932,1527,1149,1302,1617,2298,1096,1709,975,491,1511,2050,1339
1531,1087,1146,1028,1719,1371,781,1347,869,2346,1024,968,1130,641,1863,1082,1558,558,1304,1193,1309,509,0,698,1245,2425,1099,2303,964,1418,664,1628,1025,958,886,799,2343,572,896,1783,1148,2348,1937,1684,1573,1955,1029,1775,1255,1120,971,1568,1719,1083,1227,922,1011,745,904,1718,1099,2436,805,697,945,1894,973,1060,2187,1080,1244,571,957,1202,1121,2123,1792,1975,1075,738,925,1635,877,387,1331,878,992,1105,1255,1257,1489,1237,2020,958,1312,2098,695,1123,1749,1030
1994,1530,2102,1843,1675,1541,1242,1238,1330,2191,1481,2206,1126,1135,1810,1524,1996,1256,1747,1087,1099,1179,797,0,1942,2271,1095,2148,1227,1058,1162,2085,1482,1415,1347,1291,2204,1205,1561,1883,1415,2193,2319,1291,1872,2375,1486,2091,1163,1249,1454,1993,1675,1079,1126,1815,1468,1230,1390,2151,1160,2281,1297,887,1850,2154,1867,985,2183,1522,1111,1141,1402,1096,1203,1975,1903,2306,1049,1224,2376,2089,671,899,948,1365,1813,2218,1772,1976,1135,1321,2115,1845,1165,1949,1363,948,1691,1487
2016,2357,991,630,961,1122,2032,780,2120,1241,2378,767,1460,1109,599,2091,1620,955,2224,365,600,1374,1031,1573,0,978,1429,1177,2100,294,1097,2046,2379,2312,2137,2029,978,1100,1180,1768,1551,1243,1403,987,1676,1419,2383,2152,1103,694,2192,2056,961,1450,1380,915,2254,1011,2126,1767,386,1225,2035,1888,703,1584,381,1474,1271,2158,698,1295,2147,428,341,917,1205,1275,1642,1231,1246,2111,1400,1165,176,1934,853,1685,2175,66,482,528,1668,691,627,891,1429,440,1076,2273
1537,1544,521,524,677,1273,1453,997,1522,450,1569,941,914,1338,923,1315,1413,1585,1210,602,706,1115,1885,1026,623,0,883,337,2155,866,1368,1616,1570,1503,1493,1491,338,1740,971,684,1042,452,1338,1133,873,1358,1574,1094,1346,943,1546,1104,677,904,926,667,1499,1390,1579,1249,796,434,1497,1338,561,1040,599,929,533,1382,766,1894,1253,663,924,158,1021,1244,1202,1355,1354,1706,946,1368,644,1224,662,1503,1163,659,715,1020,622,577,1191,166,972,873,1139,1518
1575,1167,1396,1117,1072,979,946,944,1021,1493,1065,1475,31,873,1285,822,1364,970,1042,1168,1315,1428,1144,401,1210,1582,0,1455,2128,1461,903,1672,1066,999,992,1031,1476,1213,1512,1032,543,1495,1599,996,1111,1710,1070,1333,1904,1527,1050,1323,1072,87,664,1070,1052,1065,1080,1472,1401,1618,1037,674,968,1430,1200,165,1238,820,1621,1305,756,1231,1514,1228,960,1576,682,1057,1670,1678,473,939,1225,727,1066,1600,1004,1249,1282,1628,1225,983,1780,1202,1495,1487,863,1071
2108,1453,1019,638,710,1761,1197,1484,1285,610,1437,1446,635,1070,602,1118,1901,1319,1515,1089,928,978,1588,739,724,687,604,0,2651,968,1098,2145,1438,1371,1302,1225,931,951,1032,982,720,612,1844,1620,1338,1861,1442,1561,1815,1440,1391,1542,710,625,594,342,1424,1105,1326,1692,953,727,1231,1058,235,1658,747,646,721,1116,1262,1103,1123,1152,1024,707,520,1621,867,1069,1861,2203,614,1102,1146,1092,337,2127,1304,760,1203,1179,1005,251,1297,715,1031,955,623,1443
443,1160,1590,1106,1095,1879,1243,1823,1331,1785,1166,1801,2126,1447,971,1156,590,1533,1600,1726,972,926,1164,1016,1810,1798,2095,1980,0,2059,1428,404,1167,1100,1334,1476,1853,1466,907,2270,1807,1787,1424,1765,1418,1442,1171,1550,1666,1455,1387,1156,1128,2052,2141,1232,1026,1568,1412,1140,2023,1724,1482,1901,980,1687,1794,2057,1930,1384,1759,1953,1138,1720,2110,1547,1056,1548,979,1590,1441,326,1023,1427,1866,1357,1184,827,1494,1845,1843,2263,1937,974,1169,1557,922,1001,1111,1045
1734,2080,789,911,1023,836,1879,492,1967,1268,2104,642,1318,1019,864,1819,1527,1286,1943,77,1093,1258,1174,1277,814,1024,1287,1180,1827,0,1242,1741,2105,2038,1984,1171,1197,1464,1558,1719,1407,1269,1309,702,1583,1325,2109,1891,832,424,936,1780,1023,1308,1272,1187,1981,1334,1989,1479,630,1206,1177,1156,982,1286,672,1329,1104,1886,632,1441,1853,140,713,961,1182,1185,1156,1345,1153,1842,978,1316,690,1788,1120,1592,1863,730,194,757,1403,969,755,935,1295,894,1304,2000
1390,937,2150,1118,1697,1462,623,1194,711,2126,873,2356,922,495,1839,931,1414,517,1153,1041,1191,858,565,1220,909,2206,891,2083,1930,1028,0,1485,874,807,728,659,2143,644,986,1634,1000,2128,1794,1495,1421,1811,878,1632,1320,958,832,1431,1697,922,1278,1751,860,610,764,1579,971,2216,665,721,1876,1732,1893,852,1982,929,2289,735,806,1268,982,1909,1771,1884,1391,606,1811,1495,1190,165,1191,730,1097,1609,1103,1111,1075,1339,1851,1871,1432,1883,965,1027,1613,879
669,1026,1445,1566,1787,1997,1108,1951,1196,1645,1029,1656,1999,1314,1945,1038,426,1398,1464,1640,1122,1565,1703,2147,1664,1647,1968,1836,945,1913,1292,0,1030,963,1200,1345,1703,1385,1524,2094,1676,1647,1284,1881,1309,1305,1034,1381,1789,1576,1257,1038,1787,1924,2000,1149,887,1489,1277,1021,1893,1584,1351,1766,1108,1576,1654,1932,1777,1266,1609,1669,1022,1703,1964,1407,1172,1406,2254,1512,1299,220,908,1294,1719,1226,923,786,1338,1699,1757,2119,1814,913,961,1417,1507,1160,2016,906
742,223,1482,1607,1760,1134,325,941,413,1682,3,1693,1182,553,1899,431,778,617,647,1677,1802,1194,942,1337,1705,1691,1151,1873,1302,1954,544,824,0,93,393,540,1747,1004,1353,1521,870,1684,1324,975,1027,1344,14,1091,2070,1786,450,936,1760,1108,1359,1894,146,661,494,925,1934,1621,546,965,1757,1386,1690,1112,1824,802,1648,1071,694,1740,2005,1444,1830,1448,1521,625,1339,844,1333,554,1757,431,1706,1141,698,1740,1794,1107,1473,1737,992,1454,976,1098,1548,165
734,156,1475,1599,1696,2348,258,2066,346,1675,92,1686,1122,486,1838,366,770,550,584,1670,1794,1129,874,1272,1698,1683,1091,1816,1293,1947,477,814,93,0,326,474,1739,934,1287,1458,811,1677,1316,1117,1050,1337,97,1069,2061,1779,384,876,1696,1048,1312,1888,53,602,427,861,1927,1614,480,911,1750,1378,1683,1052,1765,746,1639,1005,628,1733,1998,1437,1770,1440,1471,562,1331,836,1235,486,1750,373,1699,957,623,1733,1787,2149,1500,1730,940,1447,912,1976,1502,72
1031,595,1774,1889,1733,1216,273,1207,38,2097,530,1994,1102,361,1873,798,1068,426,1017,1970,2087,1008,907,1252,1990,1947,1071,2054,1583,2243,509,1119,531,464,0,318,2172,819,1320,1420,788,2099,1615,1039,1183,1635,535,1476,2294,2084,227,1293,1733,1028,1289,1918,517,632,153,1442,2075,2188,324,885,1912,1492,1931,1032,1777,796,1946,884,538,2033,2292,1742,1805,1638,1443,594,1632,1136,1267,519,2057,350,1918,1258,965,2026,2087,947,1656,1906,1024,1752,943,1097,1479,536
1243,801,1992,921,1641,1127,430,1354,475,2282,738,2201,1020,222,1758,827,1272,263,1047,973,984,845,789,1470,1936,2362,989,2239,1780,969,392,1333,739,672,383,0,2148,657,1224,1543,981,2284,1692,1401,1354,1708,743,1517,1010,2302,376,1322,1641,946,1182,1693,725,491,310,1471,934,2372,57,777,1798,1663,1814,950,1962,825,2135,722,737,1186,1125,1956,1691,1815,1618,487,1708,1358,1140,401,1163,541,923,1474,995,1970,998,1069,1779,1792,1384,1966,849,1237,1533,744
1047,1429,204,834,950,1416,1516,1145,1604,915,1446,626,1280,1600,790,1142,991,1843,1262,791,965,982,2035,1393,830,652,1249,845,1597,805,1636,1050,1447,1380,1603,1747,0,941,1232,1301,1370,917,773,1274,1051,794,1451,1152,1226,707,1658,1098,950,1270,1234,1139,1315,1755,1685,786,703,909,1753,1807,908,955,598,1291,930,1209,477,916,1154,880,832,592,1147,773,1501,1719,791,1152,1256,1635,556,1356,928,1062,1348,868,905,928,999,895,1130,566,1024,779,1269,1334
1773,1300,999,1120,913,1384,998,1372,1067,1112,1240,996,1360,709,1182,1261,1752,596,1485,1221,1180,307,677,1429,1329,2502,1329,1149,2157,1212,665,1859,1241,1174,1038,877,1136,0,392,1929,1332,913,2110,1414,1742,2132,1245,1967,1266,1131,1049,1749,921,1313,1739,1267,1227,535,981,1900,1402,937,883,909,1061,2040,1060,1290,2321,1259,1288,341,1134,1486,1168,1133,1129,2192,1577,531,1102,1476,1391,691,1178,1094,1332,2189,1447,1343,1251,1298,2206,1072,1661,1138,371,1221,2204,1246
1907,1445,1302,1201,993,1761,1154,1750,1242,1002,1396,1297,1785,1068,1279,1501,1856,870,1724,1298,1523,591,992,1501,1426,1173,1754,1246,1095,1290,1036,1996,1397,1330,1259,1235,1020,377,0,2245,1681,1200,931,1799,2020,2352,1401,2209,1620,1457,1400,1970,1209,1737,1650,1364,1383,735,1336,2128,1498,1229,1241,1327,1142,2306,1378,1717,2665,1499,1144,781,1405,1307,1506,1231,1222,953,1959,728,1189,1591,1787,1093,1520,1244,1183,937,1682,1192,1602,1664,2554,1152,1757,1023,204,1302,1983,1402
1152,1155,956,1098,1314,1820,1238,1710,1219,949,941,1152,986,1141,1492,690,1025,1388,670,1361,1296,1968,1576,1024,1191,743,955,732,1801,1441,1168,1354,942,875,1190,1336,950,1610,2235,0,722,951,1008,1859,501,1116,946,707,1671,1264,1248,720,1314,982,919,1025,1009,1565,1278,862,1392,1067,1342,1206,924,834,1181,916,755,757,1141,1847,828,1355,1494,1043,1033,856,1195,1529,1156,1371,939,1172,1232,919,1022,1114,540,1229,1477,1619,162,939,1760,912,1908,1468,1152,1028
1446,993,1636,1302,1082,2025,809,1747,884,1373,929,2100,490,767,1293,708,1229,695,1013,1358,1503,1272,1178,681,1400,1262,459,1334,1992,1650,810,1543,930,863,855,925,1485,1103,1259,973,0,1375,1391,1096,902,1515,934,1116,2387,2196,913,1126,1082,492,678,1263,916,794,943,1271,1483,1494,931,707,1330,1222,1347,428,1056,706,1900,1149,625,1420,1702,1461,1337,1367,944,787,1469,1551,696,987,1423,591,1261,1524,795,1438,1473,1697,1204,1178,1972,1469,1148,1680,878,935
1993,1383,906,934,637,1646,1129,1377,1217,488,1371,1335,560,1002,921,1047,1701,1252,1385,981,1125,938,1508,698,1025,563,529,448,2541,1268,1030,2021,1372,1305,1234,1158,820,1103,994,856,648,0,1730,1503,1214,1745,1376,1400,1714,1331,1328,1390,637,550,520,768,1358,1037,1260,1538,861,605,1164,976,667,1528,1009,570,600,1045,1148,1707,1050,1044,1078,589,433,1494,942,1001,1745,2088,541,1036,1038,1021,768,2011,1258,1061,1095,1087,876,683,1343,597,992,1296,550,1378
766,1192,841,1382,1555,1391,1275,1574,1319,1527,1106,722,1526,1276,1347,803,541,1523,921,1221,1515,1104,1707,1679,1385,1258,1495,1469,1327,1364,1296,749,1107,1040,1290,1435,1135,1722,1124,1236,1110,1529,0,1278,457,305,1111,745,1188,772,1347,735,1555,1450,1593,1663,1092,1598,1377,432,1261,1466,1441,1441,1462,338,1153,1458,1570,870,941,1823,815,1215,1384,1195,1697,298,1931,1562,309,868,1751,1298,1110,1020,1530,578,766,1417,1336,1492,1104,1451,1681,1169,1134,1314,1816,1111
1376,994,1421,1308,1474,183,1044,464,1036,1727,982,1281,1173,1470,1284,1936,1690,1531,2065,710,1324,1465,1394,1559,1160,1494,1202,1622,1763,930,1238,1502,1178,925,1254,1160,1696,1708,1489,2465,908,1729,1291,0,1565,1489,1156,2016,860,842,1364,1894,1474,1175,995,1599,1133,1297,1073,1597,1016,1666,1163,1179,1398,1740,1089,1256,1556,2003,1264,1692,1973,798,994,1431,1103,1462,1193,1305,1135,1416,1467,1571,1043,1191,1525,1755,1844,1078,823,815,1948,1387,799,1405,1496,1166,1758,929
783,946,792,1355,1580,1643,1026,1557,1099,1449,803,1005,1161,1025,1300,552,650,1274,563,1203,1552,1850,1454,1315,1452,1110,1130,1127,1404,1315,1053,945,804,737,1070,1218,943,1486,2025,879,756,1451,517,1528,0,657,808,399,1492,1096,1128,308,1580,1087,1257,1420,920,1348,1158,359,1213,1433,1224,1137,1323,352,1444,1091,1203,619,967,1729,690,1197,1339,1199,1474,490,1574,1313,587,901,1388,1057,1062,802,1419,726,401,1490,1318,1445,746,1338,1633,1173,1689,1268,1446,939
335,1135,1571,1695,1885,2115,1218,2049,1306,1766,1141,1595,1665,1272,2023,799,220,1519,917,1981,1886,1940,1703,1812,1791,1738,1634,1754,960,2040,1292,688,1142,1075,1309,1451,1960,1718,1806,1473,1289,1768,1086,2001,1005,0,1146,773,1802,1635,1362,731,1885,1589,1779,2055,1001,1699,1387,428,2135,1705,1457,1437,1841,566,1775,1597,1738,866,1819,1819,811,1824,2091,1528,2004,700,1975,1720,1103,663,1806,1294,1973,1016,1790,269,991,1826,2098,2371,1359,1821,2377,1538,1787,2059,1956,1020
751,227,1491,1616,1768,1113,329,1115,417,1691,13,1702,1185,554,1908,435,787,621,651,1686,1811,1197,946,1341,1714,1702,1154,1881,1310,1963,548,833,14,97,397,544,1756,1008,1357,1526,873,1693,1333,957,1030,1353,0,1095,2078,1795,454,940,1768,1111,1364,1903,150,664,498,1083,1943,1630,550,968,1766,1395,1699,1115,1830,806,1657,1074,698,1749,2014,1453,1841,1457,1523,628,1348,853,1337,558,1766,435,1715,1150,702,1749,1803,2162,1477,1746,977,1463,980,1988,1544,169
973,825,1331,1330,1555,1988,987,2095,1060,1310,771,1286,1121,986,1530,515,842,1236,521,1740,1528,1813,1413,1271,1428,977,1090,999,1585,1678,1013,1270,772,705,1031,1179,1187,1455,1987,753,719,1312,855,1872,344,940,776,0,1802,1396,1089,544,1555,1047,1221,1290,878,1307,1119,682,1778,1294,1185,1100,1191,679,1419,1051,1159,582,1493,1691,653,1734,1730,1159,1428,702,1538,1272,930,1094,1352,1020,1607,763,1288,931,364,1466,1857,2003,613,1206,1998,1148,1649,1707,1412,897
1370,1748,1253,1334,1500,750,1833,752,1921,1840,1765,1146,1939,1291,1300,1620,1374,1121,1740,874,1539,1319,1515,1405,1255,1605,1908,1735,1576,1244,1093,1613,1766,1699,1926,1220,1722,1530,1341,2293,2029,1842,1084,792,1357,1171,1770,1685,0,699,1184,1581,1500,1929,1726,1615,1632,1147,1117,1281,1073,1779,1013,1257,1414,1545,1105,910,1671,1687,1094,1516,1658,963,1157,1541,1900,1266,1291,1396,926,1410,1321,1397,1134,1834,1541,1437,1632,1172,988,1506,1834,1403,1498,1515,1629,1335,1774,1651
1230,1749,717,795,901,925,1836,739,1891,1416,1683,609,1469,1128,753,1376,1123,985,1496,384,974,1183,1353,1034,697,1169,1438,1323,1601,684,1156,1366,1684,1617,1862,2006,1182,1366,1206,1686,1562,1418,840,967,1102,923,1688,1417,734,0,1918,1339,901,1459,1175,1077,1643,1223,1949,1031,508,1355,2012,1096,872,984,556,1482,1251,1443,562,1353,1402,376,591,1106,1351,998,1139,1022,681,1464,970,1233,568,1590,1004,1191,1370,608,501,921,1370,859,1010,1080,1214,784,1228,1662
1108,659,1848,2039,1588,1325,310,1090,327,2155,595,2069,969,159,1704,721,1138,207,939,941,946,789,725,1409,1882,2235,938,2112,1654,1130,333,1194,596,529,240,91,2229,601,1171,1480,845,2157,1695,1129,1250,1710,600,1400,980,2164,0,1222,1588,895,1124,1640,582,459,161,1366,1924,2245,97,724,1743,1557,1760,899,1835,719,2007,666,600,1147,2182,1818,1628,1705,1560,455,1710,1213,1082,342,1119,407,2013,1322,889,1916,967,1034,1710,1737,1342,1828,794,986,1477,601
949,1184,1205,1748,1940,1863,1267,1972,1315,1676,1023,1202,1385,1273,1716,773,818,1520,782,1618,1939,1938,1702,1540,1844,1322,1354,1340,1564,1736,1293,1105,1024,957,1286,1430,1347,1716,2258,1092,976,1678,722,1749,307,847,1028,595,2057,1303,1341,0,1940,1309,1463,1638,1092,1590,1373,593,1642,1660,1436,1355,1538,542,1828,1315,1415,840,1381,1817,911,1611,1758,1577,1689,676,1794,1554,801,1071,1606,1295,1480,1016,1843,962,621,1878,1734,1867,956,1553,2071,1551,1932,1672,1639,1111
1997,1510,896,636,135,1345,1264,1072,1352,643,1503,976,704,1135,830,1179,1964,1382,1543,677,817,1137,1661,806,724,722,673,604,934,968,1162,2029,1504,1437,1369,1291,968,1112,1001,1003,784,645,1735,1205,1365,1751,1508,1585,1420,1019,1454,1564,0,694,663,571,1490,1170,1389,1750,879,760,1297,1128,465,1679,701,715,547,1177,1139,1695,1187,740,1024,735,1061,1493,929,1134,1479,2092,681,1166,726,1155,566,2017,1412,760,790,1105,1026,481,1296,743,1206,986,862,1509
1601,1122,1386,1107,1072,955,971,1114,1046,1522,1090,1466,118,895,1283,778,1389,997,997,1159,1306,1457,1159,397,1200,1418,87,1484,2154,1452,924,1697,1091,1024,1017,1052,1466,1241,1541,990,502,1524,1552,973,1065,1671,1095,1282,1895,1518,1075,1278,1072,0,655,1061,1077,1091,1105,1427,1407,1647,1058,688,959,1384,1191,187,1205,776,1610,1334,781,1222,1504,1218,951,1557,702,1083,1624,1706,494,968,1216,749,1057,1555,958,1239,1273,1621,1190,974,1771,1192,1524,1478,854,1096
2083,1722,1767,1799,1154,983,1424,1138,1512,1648,1634,1854,1049,1334,1361,1449,1919,1194,1672,1544,1959,1571,1395,689,1536,1737,1018,1610,2622,1787,1286,2186,1635,1568,1561,1498,1864,1353,1654,1834,1338,1650,2241,1202,1793,2303,1639,2020,2275,1917,1663,1922,1154,1002,0,1292,1621,1365,1595,2078,1551,1773,1504,844,1397,2076,1418,634,1331,1447,1992,1448,1325,1607,1839,1737,920,2229,503,1357,2304,2178,265,1083,1780,1288,1491,2146,1693,1574,1661,1770,1744,1390,2032,1576,1636,1847,761,1640
2243,2064,1154,902,671,1609,1800,1341,1888,1170,2041,1295,1237,1658,300,1734,2215,919,1963,924,825,1069,1113,1350,615,798,1206,1174,1020,859,1694,951,2042,1975,1905,1815,1028,1049,1129,1420,1328,1172,1984,1466,1562,2004,2046,1791,1619,1229,1981,1770,671,1227,1121,0,2028,999,1914,1920,814,1270,905,1663,491,1731,482,1248,1074,1732,1240,1006,1741,989,916,986,928,1757,1395,1214,1807,2330,1140,1693,863,1709,624,2269,1859,651,1038,1040,1305,482,1185,960,1360,852,781,2047
912,269,1635,1760,1804,2498,367,2219,455,1830,264,1850,1230,588,1944,549,924,659,758,1827,1951,1236,983,1386,1856,1845,1199,1900,1444,2107,586,975,265,53,439,588,1899,1040,1393,1542,916,1832,1469,938,1158,1489,269,1269,2191,1942,498,1129,1804,1156,1399,2039,0,707,525,1048,2073,1769,594,1011,1906,1536,1840,1146,1852,824,1803,1117,709,1923,2156,1634,1774,1616,1566,659,1528,1045,1384,596,1901,473,1879,1342,765,1902,1990,2299,1586,1915,1155,1644,1003,2162,1547,33
1532,1052,2267,1044,1692,1264,767,1519,855,2479,998,2490,1324,729,928,1083,1248,509,1270,1340,1106,597,958,1432,1221,2583,1293,2444,1729,1105,775,1567,999,932,872,672,2561,457,678,1798,1249,2481,1951,1566,1586,1965,1003,1822,1386,1013,857,1611,1692,1291,1263,1206,985,0,787,1724,1066,2586,678,1060,1002,1909,1185,1310,2184,1081,1160,675,989,1118,1287,2308,906,1980,1465,118,1991,1010,1222,834,1091,849,1039,1615,1254,1023,1370,1202,2040,1010,1544,2285,462,1146,1594,1004
1177,688,1906,2051,1688,1042,304,1248,217,2095,624,2130,1197,313,1862,917,1231,372,1107,2134,2218,964,922,1344,2052,2201,1166,2058,1735,2315,503,1213,625,558,234,252,2255,766,1320,1488,861,2097,1706,1296,1243,1776,629,1482,925,2178,157,1455,1688,1114,1260,1810,611,628,0,1566,2031,2197,258,869,1894,1558,1931,1127,1806,915,2038,835,639,2185,2235,2196,1698,1704,1433,581,1801,1321,1219,513,2161,454,1989,1376,1087,2088,911,977,1732,1897,1273,2160,947,932,1539,630
751,796,1654,1716,1837,1963,877,2081,960,1738,714,1488,1317,907,2150,430,626,1153,474,1883,1884,1752,1367,1463,1786,1607,1286,1631,1413,2113,949,862,715,648,931,1086,1833,1546,1855,1268,979,1740,918,1857,679,937,719,655,2027,1506,995,578,1837,1234,1438,1922,759,1175,1021,0,1998,1868,1092,1108,1835,907,1783,1247,1531,497,1685,1626,405,1876,2130,1802,1841,1040,1655,1145,959,965,1473,954,1845,670,1931,577,616,1821,2001,2246,1239,1850,2462,1787,1518,2045,1625,778
2174,2526,1139,818,1119,1019,2074,827,2162,1462,2560,951,1510,975,762,2327,1806,1225,2396,430,931,1450,1327,961,632,1158,1479,1395,2276,356,1172,2216,2561,2494,2179,1128,1157,1160,1240,1919,1591,1464,1599,908,1865,1596,2565,2168,1173,772,2238,2179,1119,1500,1307,1116,2440,1287,2170,1963,0,1401,1138,1968,878,1588,562,1497,1471,2394,879,1135,2350,490,221,1079,1369,1400,1568,1297,1457,2295,1328,1028,513,1987,1042,1866,2171,554,548,370,1833,870,707,1055,1502,739,1240,2459
1746,1604,673,738,909,1416,1326,1135,1414,27,1557,1085,775,1192,748,1332,1717,1437,1519,784,888,1162,1751,872,799,435,744,168,2302,1065,1232,1767,1558,1491,1431,1348,722,1131,1017,957,850,39,1494,1301,1288,1510,1562,1504,1510,1126,1518,1731,909,765,734,506,1544,1232,1451,1514,983,0,1354,1241,410,1312,794,762,431,1330,911,1907,1248,835,1108,258,651,1257,1001,1202,1533,1882,755,1231,831,1227,510,1780,1407,837,896,1217,871,425,1413,269,1016,1100,761,1563
1274,809,2009,932,1601,1364,414,1359,475,2217,751,2228,998,213,1765,858,1329,256,997,977,995,848,791,1498,1954,2323,967,2180,1829,974,378,1310,752,685,387,8,2417,650,1219,1625,994,2219,1858,1404,1380,1873,756,1492,1223,2279,377,1352,1601,916,1164,1094,738,514,306,1461,942,2319,0,777,1801,1699,1835,928,1928,856,2137,719,762,986,938,2001,1604,1775,1642,495,1898,1409,1123,387,972,581,935,1481,1004,1990,1001,1076,1854,1098,1393,2011,839,1250,1499,757
1643,1145,1844,1560,1522,1398,849,1131,937,1877,1107,1906,654,710,1684,931,1417,711,1121,977,1734,1104,797,687,1633,1929,623,1844,2205,957,761,1676,1108,1041,954,866,1943,907,1262,1415,793,1879,1621,1424,1149,1820,1112,1387,1041,907,1050,1469,1522,614,1021,1503,1094,932,979,1581,1882,1990,872,0,1414,1469,1634,588,1713,929,2059,975,793,1191,1938,1667,1371,1613,846,912,1711,1775,657,579,1687,773,1510,1571,1052,1667,1230,1021,1663,1429,1096,1643,1114,915,1279,1113
1987,1932,932,598,635,1381,1768,1136,1856,1096,2058,1092,1206,1094,271,1754,1965,926,1710,738,814,1310,1141,1310,390,510,1175,863,1183,666,1662,917,2059,1992,1873,1775,823,1282,1379,1138,1287,1098,1729,1266,1348,1744,2063,1562,1419,1032,1949,1592,635,1196,1112,227,1989,1210,1882,1751,596,1035,1781,1664,0,1725,257,1192,1091,1821,1020,1020,1655,799,703,1036,900,1513,1384,1009,1611,2109,1132,1101,646,1676,343,2018,1661,427,850,888,1048,144,1019,740,1376,733,758,2008
826,1139,756,1404,1602,1496,1220,1517,1303,1495,1061,999,1418,1243,1243,764,735,1487,885,1179,1575,2081,1699,1566,1476,1235,1387,1259,1407,1281,1274,837,1062,995,1274,1425,1047,1865,2189,890,985,1497,310,1391,340,549,1065,652,1505,1112,1334,631,1602,1334,1545,1551,1128,1524,1363,426,1155,1434,1431,1393,1358,0,1045,1349,1330,831,927,1958,809,1267,1296,1231,1642,200,1825,1494,433,959,1642,1272,1007,1008,1495,789,669,1316,1292,1390,872,1531,1610,1207,1871,1208,1759,1147
1861,2156,964,249,579,1129,1679,884,1767,876,2231,837,1116,1531,212,1875,1834,1108,1928,487,579,1093,1175,1212,133,628,1085,849,2417,413,1573,1884,2232,2165,1784,1685,603,1280,1141,1361,1197,878,1607,1018,1565,1623,2236,1781,1220,826,1861,1843,579,1106,1064,574,2110,982,1793,1628,340,815,1691,1567,321,1473,0,1102,907,1942,766,1240,1885,547,450,553,845,1493,1339,989,1332,1983,1084,1109,398,1577,487,1893,1782,170,605,578,1275,322,764,529,1142,795,703,2129
1885,1452,1481,1166,1086,1236,1156,1194,1244,1491,1469,1505,707,1068,1337,1180,1766,1018,1365,1232,1335,1548,1283,460,1221,1603,676,1458,2561,1488,1110,2038,1470,1403,1400,1225,1542,1347,1814,1304,822,1493,1876,1040,1414,2031,1474,1650,1099,1598,1399,1677,1086,697,681,1087,1456,1146,1333,1791,1429,1612,1231,760,997,1736,1228,0,1412,1178,1711,1421,1153,1283,1530,1278,977,1862,707,1125,1972,2133,498,1037,1291,1132,1095,2022,1313,1260,1346,1653,1667,1012,1127,1254,1473,1550,895,1475
1987,1280,913,887,965,1596,1135,1316,1223,487,1364,1329,641,1004,1178,1001,1610,1249,1191,965,1056,1549,1611,737,947,581,610,452,2542,1212,1045,1933,1365,1298,1263,1160,889,1407,1730,888,715,489,1733,1481,1220,1748,1369,1460,1687,1309,1336,1495,965,631,552,772,1351,1043,1269,1608,1137,624,1166,1103,679,1587,946,623,0,999,1158,1716,991,1016,1256,602,703,1494,825,1013,1773,2109,573,1047,1011,997,780,2018,1122,985,1078,1372,802,695,1550,570,1383,1262,765,1370
978,584,1536,1747,1459,2095,661,2210,749,1579,569,1627,945,699,1654,126,856,941,319,2000,1915,1540,1157,1081,1817,1355,914,1318,1742,2079,740,1220,570,503,723,879,1580,1334,1650,1111,549,1581,1043,1991,662,1062,574,796,2050,1625,787,701,1459,863,1036,1612,556,961,829,803,2142,1706,885,892,1521,987,1814,875,1296,0,1819,1413,298,1939,2122,1558,1686,1127,1451,931,1084,1320,1267,745,1988,452,1619,965,375,1852,2117,2379,1147,1536,2432,1537,1293,2114,1230,575
1398,1767,349,757,862,1081,1762,801,1850,1171,1793,302,1207,1621,715,1518,1107,1110,1581,461,895,1344,1030,920,735,787,1176,1078,1959,753,1663,1427,1794,1727,1951,1777,844,1066,1382,1381,1288,1173,895,970,1161,904,1798,1464,916,408,1951,1364,862,1197,1151,1069,1664,961,1884,1154,619,1110,1783,1665,831,941,515,1193,1017,1585,0,1047,1530,453,768,708,1084,730,1419,1171,757,1531,1172,944,476,1760,984,1174,1446,793,579,862,1011,823,1096,684,1389,734,1207,1683
1634,1149,1179,1311,1975,1373,867,1640,1000,2232,1098,1183,1229,525,1130,1120,1687,394,1308,1205,1145,482,493,977,1072,2337,1198,914,2196,1193,490,1667,1099,1032,884,720,1106,379,722,1780,1144,2234,1985,1401,1525,1999,1103,1761,1255,1120,902,1646,1975,1177,1596,1215,1085,566,832,1759,1371,2334,726,753,1232,1846,1027,1129,2073,1118,1265,0,981,1467,1385,2066,2043,1922,1421,544,907,1766,1232,522,1387,950,1284,2016,1291,1309,1238,1537,2019,1032,1630,1099,702,1186,1639,1104
849,525,1567,1776,1596,2124,602,2238,690,1614,608,1657,995,540,1760,84,728,781,351,1918,1950,1374,1015,1131,1846,1390,964,1353,1506,2109,598,1203,609,542,703,709,1616,1171,1466,1076,675,1616,1072,2020,693,1091,613,825,2079,1654,767,730,1596,913,1152,1647,595,903,770,832,1949,1741,715,742,1796,1018,1845,925,1390,378,1843,1246,0,1969,2152,1593,1598,1158,1313,872,1113,967,1116,608,2019,386,1654,852,420,1881,2035,2175,1181,1571,2466,1572,1100,2148,1353,614
1719,2061,916,835,933,813,1765,483,1853,1166,2098,666,1210,1250,791,1856,1691,1083,1927,55,997,1279,1452,1323,723,948,1179,1073,1964,853,1050,1739,2099,2032,1870,982,1120,1230,1578,1749,1291,1168,1370,702,1476,1484,2103,1927,861,460,950,1704,933,1200,1168,1354,1977,1350,1887,1487,547,1105,1191,986,908,1246,593,1196,1012,1923,643,1214,1870,0,635,869,1087,1144,1205,1127,1229,1855,1232,1112,599,1681,1193,1754,1766,646,172,756,1303,900,791,845,1313,804,1210,1996
1950,2258,790,523,620,1199,1752,877,1840,974,2318,637,1190,1181,474,1755,1477,1021,1822,480,693,1212,1354,996,398,726,1159,951,2505,406,1186,1978,2319,2252,1857,932,696,1411,1247,1454,1271,976,1264,1088,1537,1269,2323,1875,1213,819,1933,1603,620,1180,905,828,2196,1066,1867,1387,221,913,1133,1616,583,1345,263,1176,1015,1822,524,1146,1682,540,0,647,1098,1090,1181,1074,1125,2072,914,1041,274,1660,751,1540,1875,319,598,702,1370,575,760,623,1251,605,962,2215
1515,1676,448,503,621,1169,1337,886,1425,327,1760,858,786,1203,852,1410,1488,1447,1603,536,650,1171,1762,883,573,145,755,413,2088,837,1238,1542,1761,1694,1442,1358,437,938,1019,1033,861,329,1260,1058,1267,1280,1765,1484,1292,905,1526,1489,621,776,743,734,1785,1243,1459,1273,734,266,1364,1251,640,1097,548,773,502,1408,691,1919,1400,586,881,0,662,1020,1012,1213,1300,1649,764,1235,592,1418,577,1551,1528,610,654,967,968,620,1183,10,1020,866,770,1804
2525,1992,1532,1142,748,1111,1770,1592,1858,1226,2015,1539,1319,1629,672,1724,2521,1868,1906,1198,1283,944,1924,1489,860,1334,1288,1190,1275,1126,1671,970,2016,1949,1875,1785,1324,934,1012,1651,1469,1228,2286,914,2017,2301,2020,2245,1865,1497,1958,2244,748,1309,1131,631,2002,1094,1891,2302,1068,1335,1791,1808,723,2124,750,1304,1146,1722,1467,2423,1699,1259,1169,1334,0,2119,1110,1100,2099,909,1175,1667,1111,1677,948,2570,1842,898,1312,1305,1565,722,1469,1300,1215,1189,724,2021
970,1278,566,1088,1233,1288,1360,1271,1446,1261,1209,625,1572,1378,1065,905,761,1623,1055,930,1223,930,1842,1713,1051,996,1541,1265,1546,1099,1419,987,1210,1143,1417,1565,864,1996,1151,1091,1105,1263,207,1327,433,554,1214,811,1115,713,1474,849,1233,1568,1761,1557,1283,1668,1505,609,981,1245,1571,1530,1181,190,867,1503,1535,972,689,2090,979,1018,1114,917,1424,0,1969,1637,460,1107,1799,1415,829,1149,1255,831,810,1138,1043,1215,877,1174,1439,893,960,1031,1549,1302
2315,1923,1876,1857,1149,1425,1656,1376,1744,1636,1903,1937,1293,1507,1393,1724,2192,1539,1906,1195,1991,1912,1668,837,1581,1749,1262,1603,1182,957,1632,2494,1904,1837,1761,1660,1934,1702,2064,1931,1497,1638,2405,1440,1972,2559,1908,2201,1069,943,1837,2206,1149,1241,691,1338,1890,1748,1768,2334,1547,1762,1666,1143,1431,2269,1469,834,1385,1722,2093,1787,1587,998,1760,1742,1175,2347,0,1724,2511,2584,485,1412,1826,1562,1834,2421,1871,1617,1256,988,1846,1432,1278,1705,1925,1902,1085,1909
1470,983,1099,1270,1585,1273,692,1530,780,2347,926,2426,1200,755,1129,1011,1272,500,1201,1118,1345,590,950,1306,1019,2451,1169,2311,1752,1113,677,1505,927,860,797,695,2447,449,671,1732,1191,2349,1881,1577,1514,1896,931,1750,1156,1234,877,1542,1585,1190,1147,1005,913,37,807,1655,1074,2450,701,1051,1219,1835,1195,1186,2125,1009,969,666,917,1361,1297,2186,911,1911,1359,0,1921,1034,1106,826,1100,776,1263,1651,1181,1031,1143,1210,2014,1017,1287,2163,450,1154,1483,932
812,1276,784,1304,1468,1288,1354,1286,1417,1466,1164,796,1520,1349,1270,876,612,1594,932,1124,1430,1170,1117,1661,1292,1213,1489,1353,1392,1309,1390,819,1165,1098,1388,1536,1080,912,985,1272,1084,1468,185,1185,456,370,1169,765,1115,699,1445,681,1468,1437,1540,1647,1162,1662,1476,476,1183,1405,1542,1562,1385,349,1072,1451,1529,943,872,1095,853,1212,1323,1134,1636,226,1923,1631,0,945,1747,1386,1034,1120,1472,647,771,1343,1237,1418,1140,1379,1634,1110,993,1237,1755,1181
160,942,1322,1470,1667,1731,1020,1711,1108,1538,951,1536,1900,1209,1826,866,225,1322,1282,1550,1643,1605,1642,2042,1542,1552,1869,1725,762,1810,1211,402,952,885,1120,1274,1627,1461,1555,1946,1558,1540,1173,1626,1113,1192,956,1227,1565,1286,1183,861,1667,1818,1894,1740,812,1529,1188,685,1742,1477,1280,1678,1615,1435,1548,1831,1682,1100,1476,1754,850,1543,1851,1314,1098,1299,2214,1550,1213,0,1915,1214,1576,1126,1561,599,1286,1580,1666,1969,1621,1599,2163,1325,1538,1860,1905,831
2264,1869,1839,1837,1123,1204,1601,1160,1689,1610,1852,1903,1239,1452,1367,1669,2141,1490,1855,1222,1970,1282,932,687,1554,1723,1208,1577,1235,1181,1583,1096,1853,1786,1706,1605,1894,1653,1657,1891,1167,1612,2353,1214,1918,2505,1857,2148,1094,1172,1782,2156,1123,1187,751,1312,1839,1699,1711,2283,1521,1736,1611,1087,1405,2208,1443,522,1350,1667,2053,1290,1534,1020,1103,1717,1150,2290,417,1675,2459,2525,0,1361,1801,1506,1808,2369,1816,1592,1064,1002,1804,1406,1293,1682,1460,1876,1230,1858
1486,1004,2042,1180,1776,1539,716,1517,937,2059,947,2444,900,450,1945,1122,1545,306,1310,1332,1251,698,621,991,964,2165,869,2022,2057,1089,428,1521,948,881,823,648,2135,509,840,1760,1125,2061,1951,1301,1484,2001,952,1720,1157,1021,839,1648,1776,849,1329,1895,934,534,769,1761,1241,2161,654,439,912,1805,918,801,2054,1120,1140,571,983,1343,1257,1898,1789,1882,1161,515,2028,1429,962,0,1256,798,1153,1680,1384,975,1138,1408,1979,923,1242,1875,819,1300,1863,953
1852,2185,803,402,906,1096,1762,768,1850,1171,2222,638,1207,1206,541,1983,1478,1248,2060,372,451,1467,1102,1145,405,951,1176,1078,2408,298,986,1875,2223,2156,1867,963,1314,1423,1259,1881,1288,1173,1265,985,1538,1271,2227,2056,1116,726,926,1834,906,1197,1338,892,2101,1318,1884,1619,227,1110,1174,1665,650,1359,330,1193,1017,2050,537,1149,2002,432,314,872,1161,1091,1599,1328,1126,1974,1359,1040,0,1678,819,1542,1828,326,490,544,1422,643,651,848,1261,325,1028,2120
979,511,1703,1759,1515,1156,333,1141,397,1777,456,1930,896,391,1677,556,1041,628,745,1819,1933,1217,868,1033,1829,1751,865,1744,1553,2092,452,1011,457,390,368,531,1978,1017,1345,1178,576,1779,1406,986,929,1468,461,1162,2301,2043,437,1113,1515,814,1065,1708,443,657,459,1217,1864,1904,537,651,1713,1255,1826,826,1491,554,1868,1089,364,1870,2135,1882,1774,1398,1212,626,1491,1116,1013,462,1878,0,1715,1175,772,1864,1937,2098,1425,1632,955,1846,974,2131,1265,462
2062,2047,1042,459,938,1514,1879,1255,1967,1206,2150,1179,1325,1138,574,1854,2046,966,1816,904,660,1128,1198,1430,527,619,1294,973,980,793,909,1115,2151,2084,1984,1114,843,1102,1429,1250,1402,1208,1812,1399,1444,1827,2155,1659,1538,1153,2059,2038,938,1315,1373,332,2089,1254,1992,1833,735,1145,1129,1786,191,1706,498,1311,1201,1921,1136,1064,1771,955,838,771,1193,1695,1634,1046,1852,2183,1394,955,780,1821,0,2096,1761,564,1017,968,1153,192,1140,747,1182,875,1060,2108
514,1166,1744,1886,2056,2232,1244,2162,1332,1957,1181,1759,1768,1300,2218,940,399,1546,996,1979,2059,1125,915,1912,1972,1923,1737,1942,1022,2236,1339,909,1182,1115,1344,1491,2015,1771,1131,1651,1430,1959,1178,2129,960,1197,1186,937,2024,1769,1400,709,2056,1686,1902,2153,1047,1832,1412,541,2292,1896,1497,1504,2030,676,1963,1699,1859,1007,1930,2014,802,2030,2279,1743,2216,808,2044,1518,1218,902,1874,1335,2118,1184,1976,0,1046,2007,2096,2528,1539,2012,2597,1753,1145,2261,2090,1066
865,563,1432,1654,1648,2008,640,2124,728,1488,489,1532,1065,685,1819,157,743,928,230,1915,1823,1525,1144,1201,1724,1263,1034,1226,1670,1986,727,1142,490,423,741,896,1488,1322,1629,1021,736,1490,958,1904,577,977,494,704,1962,1539,804,620,1648,983,1214,1518,476,939,808,717,2045,1610,902,879,1429,902,1721,995,1282,224,1723,1398,296,1848,2030,1466,1596,1035,1438,909,999,1254,1253,732,1890,439,1525,893,0,1759,2031,2285,1057,1444,2335,1445,1270,2023,1414,495
1991,2326,973,630,939,1104,2002,777,2090,1237,2363,794,1437,1124,575,2113,1599,1167,2195,381,598,1388,1041,1545,438,972,1406,1201,2228,307,920,2017,2364,2297,2107,2000,969,1112,1440,1732,1517,1239,1398,993,1666,1392,2368,2159,1125,735,2168,1998,939,1427,1374,925,2243,1235,2101,1759,411,1221,2006,1902,684,1490,364,1424,1270,2180,712,1083,2146,441,343,893,1194,1244,1635,1245,1256,2113,1395,1178,177,1911,851,1662,2153,0,499,552,1648,677,657,869,1443,479,1061,2262
1760,2091,858,892,1015,876,1834,576,1922,1238,2128,701,1280,1273,866,1891,1613,1105,1965,148,1074,1573,1233,1371,803,1020,1249,1147,2006,815,1298,1781,2129,2062,1939,1205,1198,1511,1327,1783,1359,1240,1414,765,1510,1406,2133,1960,900,502,1168,1741,1015,1270,1237,1436,2007,1134,1100,1524,629,1177,1209,1018,982,1279,668,1265,1090,1958,699,1495,1906,98,717,941,1154,1180,1040,1381,1272,1889,1285,1374,678,1752,1135,1676,1800,728,0,825,1340,974,854,917,1334,881,1277,2026
1830,906,1062,800,901,895,945,834,940,1251,920,874,1443,1112,744,1993,1721,1391,2074,437,908,1339,1494,1094,615,986,1412,1215,2278,363,1109,1952,916,2219,1144,1291,983,1568,1378,1746,1524,1253,1514,784,1781,1511,2290,2173,1172,776,1248,1847,901,1433,1183,1098,2163,1451,1180,1633,418,1235,1300,1233,860,1507,544,1430,1284,2060,802,1273,1940,497,490,907,1352,1319,1193,1461,1372,2046,1210,1166,489,1918,1024,1781,2168,536,555,0,1662,852,644,883,1381,710,1222,2182
1291,1162,752,930,1078,1797,1141,1513,1223,881,1073,975,878,1115,1098,776,1022,1255,825,1175,1097,1847,1583,976,987,539,847,565,1847,1254,1156,1314,1074,1007,1194,1347,759,1637,2041,256,735,883,1032,1681,491,1051,1078,689,1564,1026,1257,757,1078,1036,894,852,1146,1382,1284,857,1151,865,1353,1259,760,896,991,866,725,843,923,1722,872,1263,1298,746,1037,967,1171,1359,1073,1426,915,1158,1003,927,858,1321,681,1027,1288,1386,0,774,1585,722,1710,1204,1088,1165
1995,1946,943,507,693,1445,1819,1106,1907,1108,2052,1029,1264,914,329,1758,1981,936,1721,755,708,1324,1157,1369,456,522,1233,875,1176,730,1724,1103,2053,1986,1924,1834,834,1294,1391,1151,1343,1110,1745,1330,1351,1760,2057,1565,1479,1092,2005,1595,693,1254,1160,242,2000,1220,1938,1766,664,1047,909,1724,129,1483,325,1249,1103,1824,1068,1246,1668,806,769,1048,958,1524,1425,1229,1549,2117,1181,1115,711,1712,204,2030,1664,493,867,898,1053,0,1078,728,1151,921,813,2018
2259,1187,1139,858,978,654,1022,699,1228,1335,996,954,1523,1189,832,2080,1815,1229,2162,535,1113,1415,1584,1407,830,1063,1492,1294,968,461,1185,1161,1199,1135,1237,1146,1060,1375,1455,1823,1605,1337,1610,542,1875,1605,1180,2249,1310,874,1111,1933,978,1513,1260,1186,957,1279,1054,1727,516,1319,1153,1324,948,1690,634,933,1364,2147,882,1350,2019,595,525,984,1442,1408,1058,1555,1468,2376,1070,1501,705,1153,1101,1875,2245,755,653,318,1738,940,0,960,1458,961,1306,968
1502,1689,432,487,605,1154,1386,871,1474,381,1773,842,817,1237,839,1423,1470,1481,1618,521,634,1178,1794,915,557,179,786,444,2075,821,1268,1530,1774,1707,1491,1390,469,942,1236,1046,895,383,1244,1043,1282,1263,1778,1497,1296,909,1560,1463,605,807,777,763,1776,1278,1491,1255,719,320,1396,1281,671,1081,532,805,515,1421,675,910,1413,571,865,57,698,1003,1049,1248,1284,1636,798,1266,577,1432,563,1533,1474,594,639,952,982,606,1169,0,1237,850,805,1795
1742,1201,1307,1201,991,1770,924,1455,1012,1208,1154,1304,1478,1079,1056,1247,1792,784,1429,1304,1523,590,749,1211,1183,1174,1447,1245,1114,1564,1036,1770,1155,1088,1029,1082,1236,307,203,1979,1429,1199,939,1807,1744,2115,1159,1981,1349,1466,1087,1766,998,1468,1423,1126,1141,462,1092,1881,1244,1227,1088,1304,1140,2046,1379,1465,2375,1245,1150,819,1149,1586,1511,1231,1006,1160,1630,440,1200,1485,1346,1065,1523,1005,1427,948,1427,1194,1611,1668,2238,1390,1761,1024,0,1302,1734,1160
2093,2438,1045,539,1172,1360,2111,1039,2199,1370,1098,857,1560,1051,816,2225,1701,1080,2298,641,312,1251,1357,1145,690,1093,1529,1324,1209,568,1240,961,909,2407,908,1024,1092,1474,1572,1856,1643,1372,1497,1245,1764,1491,2478,2278,1325,938,1191,2069,1172,1550,1608,1062,2353,1385,1125,1865,492,1354,1035,1105,972,1491,778,1547,1397,2292,785,1432,2054,702,582,1014,1424,1303,1869,1394,1355,2214,1628,1076,311,2034,998,1761,2280,613,753,867,1768,1042,857,990,1572,0,1290,1096
1927,1427,1384,1279,596,1872,1159,1485,1247,1075,1389,1409,1304,1024,821,1337,1925,1273,1519,1138,1425,1925,1688,851,1001,1178,1273,1039,920,1267,1066,1954,1390,1323,1264,1181,1438,1426,1753,1513,1093,1077,2191,1756,1565,2207,1394,1801,1858,1490,1356,1826,596,1398,445,771,1376,1064,1290,1941,1083,1177,1187,1160,865,1887,894,847,994,1335,1616,1800,1311,1188,1311,1184,484,1970,874,1034,1960,2049,465,1068,1250,1284,1095,2167,1465,1040,1250,1320,1431,864,1598,1150,1405,1324,0,1395
920,294,1645,1796,1770,2409,383,2228,471,1855,279,1870,1239,579,1957,561,983,670,728,1877,1970,1263,1017,1385,1868,1890,1208,1726,1498,2130,598,951,280,72,476,639,1954,1059,1388,1544,903,1857,1496,1122,1158,1512,284,1329,2242,1918,545,1216,1770,1156,1368,2055,33,707,551,1072,2061,1794,645,1038,1932,1581,1865,1169,1854,818,1813,959,724,1928,2173,1641,1801,1623,1585,676,1535,1056,1403,608,1907,491,1878,1350,781,1902,1994,2299,1600,1914,1170,1651,1024,908,1558,0
