0,1243,1207,1184,1445,1120,1301,1687,1235,1138,1136,1762,1578,1839,1182,946,1540,1806,1599,1617,1747,1839,1405,1715,1330,1501,1532,1530,1205,1131,1731,1225,1736,2128,928,1883,1772,1069,1348,1559,1516,1515,1880,2062,2129,1571,2086,2098,1705,912,1531,1180,1894,1268,1269,1182,1643,1353,1555,1432,1219,1842,1487,1866,1526,1144,1250,1303,1429,1556,1140,1166,1534,1027,1729,961,1520,1788,986,1660,1348,1336,1327,1223,1541,1518,1526,1740,1513,1125,1738,1211,1610,1541,1956,1593,1565,1534,1539,1556
1501,0,1047,925,1208,1784,838,665,1528,1380,1104,1009,436,1136,1393,909,1167,1204,299,954,1033,719,708,1198,735,180,1225,1135,1547,2050,724,1479,1646,1664,1986,1296,1680,1571,594,417,444,1075,722,1098,1692,1206,1757,1707,1163,1056,1194,927,1101,491,1068,1393,1495,588,499,994,1560,721,344,739,1142,1435,347,1019,1218,463,913,1262,1138,1549,1213,1124,670,867,2077,1233,596,906,317,1566,1325,703,1135,1575,1164,2083,988,1148,1268,1062,1460,618,1089,828,735,440
1458,1037,0,91,1611,1706,838,1227,931,1243,1397,1344,782,1787,1345,1095,1732,1337,919,1633,1717,1369,1270,1323,638,1037,1358,1701,913,1971,1269,1342,1116,1183,1907,1819,1733,1963,580,801,494,1813,1391,1358,1371,1346,1506,1476,1900,1007,1110,90,1630,866,1802,1345,1577,698,877,91,923,1371,569,1407,1793,1387,721,1755,1618,840,1091,1680,1793,1860,1336,767,1323,1413,1341,1902,703,685,892,927,1843,1355,1867,1096,1716,2004,1672,588,1123,1796,1548,720,1618,1475,1406,818
1430,1093,104,0,1345,1627,749,1283,1129,1155,1156,1355,835,1839,1257,1009,909,1630,972,1688,1769,1424,1326,1334,550,1093,1371,1757,1107,1887,1325,1255,1376,1456,1822,1876,2108,2028,492,853,547,1864,1446,1271,1159,1644,1267,1243,910,921,1136,1,1686,810,1854,1257,1589,609,865,69,1120,1426,624,1462,1845,1297,770,1807,1350,784,1005,1746,1843,1923,1626,680,1378,1468,1272,1917,614,592,945,1125,1898,1410,1918,1120,1782,1922,1331,504,953,1848,1884,771,1674,1531,1461,870
1745,1000,1334,1624,0,1337,1394,1585,1091,1326,986,289,1061,1896,1087,1115,1797,145,1226,2024,1223,1789,1561,536,1494,1208,170,1924,1007,1893,1456,1096,1474,1264,1559,1962,677,1253,1235,1351,1384,1858,1840,1091,1473,409,990,1018,1453,1128,1658,1346,2060,1379,1358,1313,748,1468,1380,1366,1075,1791,1129,1903,2181,1053,1338,1590,332,1387,1352,1707,2171,1209,323,1374,1739,1625,1524,792,1470,1485,1007,1040,1848,1776,1924,1390,1436,1913,1220,1194,1863,1636,654,1208,2066,2032,1901,1370
1073,1917,1389,1253,1615,0,1541,2175,1757,522,1213,1350,1540,1032,652,947,1085,1643,1812,1060,1377,962,2218,1320,1323,1917,1389,1044,1566,757,2222,720,1593,1657,696,1088,1739,2140,1265,1556,1260,1033,988,1282,1622,1398,1689,1386,1025,859,1329,1255,1074,1604,1949,652,1913,1402,1657,1322,1579,964,1344,980,1035,700,1505,2035,1612,1577,943,1858,1039,1639,1610,1028,1157,917,780,1588,1408,1366,1830,1557,1297,964,1045,1579,1892,797,1366,974,1145,2242,1877,1512,1289,1217,984,1574
1572,598,730,604,1155,1686,0,668,1451,1287,1280,1164,219,1273,1317,833,1172,1150,356,1101,1180,831,711,1385,214,598,1167,1140,1472,1951,727,1385,1649,1145,1887,1299,1864,1592,128,61,83,1080,864,1325,1695,1148,1232,1198,1353,980,1199,606,1104,51,1266,1317,1680,262,103,673,1485,833,99,881,1279,1359,202,1216,1164,23,837,1316,1278,1472,1159,1050,782,870,1980,1674,262,427,331,1491,1328,815,1140,1578,1362,1984,1135,889,1271,1260,1362,141,1092,948,877,42
1397,642,1307,1186,1311,1882,982,0,1315,1508,912,1177,602,862,1503,1021,751,1224,519,879,958,439,43,1225,884,642,1242,713,1425,1156,276,1603,1235,1254,953,862,1253,1274,743,583,795,654,517,1204,1280,1502,1401,1352,897,1168,777,1188,668,654,786,1503,1335,744,665,1255,1438,441,697,659,868,1547,655,743,1399,628,1025,961,868,1338,1385,1236,380,246,2170,1325,752,1052,537,1444,894,419,713,1147,874,979,913,1260,839,781,1077,768,656,527,477,606
1022,1597,1124,935,867,1580,2023,1300,0,1399,893,969,1635,1224,1327,1463,1315,966,1492,1409,1108,1300,1276,935,1874,1597,984,1243,176,1327,1171,1145,1567,1583,1090,1346,928,624,1777,1608,1582,1183,1227,1137,1613,1129,1407,1664,1165,1610,1148,1129,1398,1651,742,1327,990,1737,1714,1152,189,1302,1571,1289,1230,1549,1540,911,966,1678,1467,725,1290,90,975,1679,1254,1340,1063,927,1745,2092,1510,195,1366,1286,1243,1528,765,1346,1100,1702,1464,1049,1065,1813,1404,1403,1288,1690
1026,1337,1246,1110,1098,730,1837,1626,1458,0,1074,1342,1407,1819,57,440,1105,1358,1264,934,1042,1774,1669,1304,1535,1337,1395,1840,1268,1138,1670,104,1379,1435,1074,1116,1498,1619,1477,1426,1261,1775,1679,987,1410,1168,1447,1191,1842,330,922,1112,919,1465,1433,57,1622,1556,1530,1179,1281,1776,1381,1694,1822,160,1353,1518,1095,1493,436,1342,1884,1337,1321,670,1724,1812,1169,1629,1564,1555,1282,1265,908,1761,1840,1135,1377,1171,1033,696,980,1726,1587,1479,914,1875,1691,1508
941,914,1157,1396,792,1005,1060,1101,1228,1425,0,827,1199,1653,1423,1711,1714,894,1168,1021,1431,961,910,704,1370,1104,912,1672,1037,1507,927,1464,957,1152,1239,1750,1049,1334,1141,1028,1032,1607,995,1466,1186,975,1503,1540,1153,1620,1558,1395,1098,1250,1388,1423,1008,1129,1262,1173,1050,1162,1217,980,1654,1450,1001,1283,951,1049,1707,1297,1710,1106,867,1937,961,936,1483,944,1128,1132,963,1033,1765,1146,1672,974,1332,1261,1178,959,1094,1332,1201,1339,1098,1116,964,1039
1459,1219,1623,1637,212,1630,1405,1413,939,1111,794,0,1070,1914,1329,1361,1849,163,1236,1984,1226,1623,1389,324,1504,1219,188,1942,828,1908,1284,1340,1489,1278,1898,1979,689,1214,1502,1361,1395,1876,1799,1322,1489,400,1007,1032,1289,1140,1694,1638,2073,1151,1318,1329,714,1479,1152,1662,860,1625,1375,1862,1923,1066,1349,1416,117,1157,1131,1445,1995,1029,108,1149,1573,1453,1855,758,1226,1496,1226,824,1900,1610,1942,1405,1396,1597,1223,1456,1876,1460,617,1217,2079,1703,1652,1381
1307,527,1177,858,1282,1783,578,541,1463,1387,993,1292,0,1158,1395,912,1046,1274,220,979,1058,708,584,1054,750,527,1071,1011,1483,2048,603,1485,1532,1546,1984,1181,1748,1605,617,294,348,951,742,1314,1578,1269,921,1597,1335,1059,1073,860,987,513,1294,1395,1296,323,521,927,1496,710,560,759,1164,1438,511,1244,1293,485,916,1470,1160,1485,1066,1127,659,752,2075,1290,331,923,197,1502,1213,692,1011,1462,1393,2081,1013,1151,1154,1288,1530,637,975,830,755,462
1522,1245,1909,1777,1346,1246,1598,745,1184,2089,1555,1213,1201,0,1789,1610,205,1261,1122,919,998,425,721,1261,1476,1245,1279,91,1253,1196,616,1825,812,832,1439,288,1260,1094,1336,1183,1405,30,502,1243,791,1537,1146,1094,693,1755,416,1779,412,1255,605,1789,1404,1325,1265,1846,1266,427,1299,560,20,2139,1255,561,1435,1228,1614,787,171,1164,1420,1826,436,584,1359,1339,1333,1656,1140,1338,180,387,83,710,690,1217,953,1849,402,602,1537,1364,483,376,533,1206
999,1431,1340,1204,1313,871,1925,1715,1430,360,1045,1100,1496,1809,0,534,910,1113,1353,932,1259,1864,1758,1069,1628,1431,1144,1829,1240,1206,1760,34,1136,1427,1142,1110,1795,1608,1570,1512,1361,1764,1773,1194,1161,1398,1437,1184,1831,424,916,1206,915,1553,1422,180,1332,1641,1617,1273,1253,1866,1469,1787,1811,531,1441,1507,1308,1581,530,1331,1873,1309,1307,764,1814,1902,1235,1338,1649,1648,1371,1237,1971,1854,1829,1365,1366,1237,1032,789,975,1715,1302,1579,1099,1963,1785,1594
1143,981,839,703,1347,903,1349,1361,1459,677,1597,1127,1137,1913,839,0,1865,1130,995,1771,1851,1501,1404,1100,1174,981,1396,1834,1479,1499,1404,778,1040,1095,1433,1942,1835,1600,1043,1008,835,1938,1523,1794,1284,1157,1362,1345,1824,328,1895,705,1759,1047,1415,839,1363,1142,1112,772,1492,1503,958,1538,1919,884,935,1500,1348,1075,3,1324,1915,1480,1114,258,1455,1546,1527,1365,1150,1175,1013,1498,1964,1487,1992,1241,1359,1529,1806,286,1916,1708,1333,1059,1747,1609,1536,1090
1861,1556,2206,1098,1535,1310,1871,1046,1521,915,1569,1569,1497,611,1099,1912,0,1454,1418,832,1208,712,1022,1453,1733,1556,1472,596,1631,1519,917,929,759,780,1253,108,1168,1370,1637,1480,1704,578,766,1456,805,1873,970,919,705,2053,332,1101,481,1554,817,1099,1610,1588,1563,931,1644,714,1599,820,572,2412,1553,774,1656,1527,1916,992,564,1366,1610,2123,723,887,1436,1545,1596,1948,1436,1657,355,676,588,700,906,1278,1163,2145,400,812,1711,1664,487,686,832,1503
1495,997,1615,1350,291,1360,1389,1546,1053,1124,906,205,1055,1856,1345,1364,1722,0,1007,1985,978,1750,1522,452,1232,997,76,1884,950,1916,1417,1123,1392,1182,1579,1883,648,1215,1484,1345,1381,1818,1800,1061,1393,315,906,926,1413,1144,1583,1351,1987,1376,1319,1113,720,1460,1139,1371,987,1752,1362,1863,2103,1305,1335,1550,248,1144,1370,1665,2092,1152,239,1151,1700,1586,1541,764,1462,1225,998,952,1773,1737,2121,1308,1397,1604,1178,1206,1787,1594,626,1203,1993,2210,1861,1130
1324,373,1039,917,1015,1643,713,426,1330,1206,967,1023,124,1054,1249,765,927,1216,0,872,951,611,469,1219,573,373,1022,891,1357,1826,488,1306,1380,1395,1761,1070,1689,1455,479,293,632,832,634,1174,1425,1001,1555,1507,1218,912,953,919,876,372,1177,1249,1507,458,380,986,1370,613,419,651,1060,1290,369,1127,1238,344,769,1180,1056,1355,1233,982,552,637,1855,1499,466,791,18,1376,1102,591,891,1351,1273,1856,906,1007,1043,1171,1219,499,864,720,647,319
1953,1159,1823,1691,1629,1280,1460,657,1516,1128,1233,1663,1115,657,1125,1528,818,1546,1036,0,671,344,633,1546,1396,1159,1565,746,1627,1446,525,953,1004,1024,1442,740,1182,1365,1257,1097,1319,684,211,957,1053,2108,1252,1200,1255,1673,993,1693,517,1168,1185,1125,1049,1177,1179,1760,1640,346,1211,278,663,926,1169,1134,1791,1142,1532,1367,662,1562,1704,1744,283,717,1354,1250,1185,1575,1054,1652,772,326,738,908,1280,1472,626,1767,591,1179,1024,1283,523,421,278,1120
2110,1307,1971,1839,1013,1140,1603,806,918,1259,1185,1015,1263,801,1042,1670,962,1181,1184,387,0,492,782,1018,1495,1307,976,890,924,1251,677,1285,1196,1215,1249,815,1317,1525,1398,1245,1467,828,365,641,1184,1123,1451,1402,1407,1813,1145,1841,667,1317,1415,1042,1437,1330,1327,1908,1114,494,1361,430,807,1042,1318,1371,1032,1290,1674,1589,807,1737,1026,1886,433,863,1413,1174,1338,1718,1202,1114,1018,472,882,1096,1513,1273,64,1909,800,1409,1409,1426,673,568,427,1268
1523,1104,1767,1634,1579,1161,1416,608,1680,1955,1161,1613,1060,714,1957,1476,914,1498,981,553,639,0,584,1496,1341,1104,1517,803,1792,1103,476,2054,1180,1199,1100,806,1441,1531,1200,1042,1261,741,355,903,1226,1769,1435,1386,1192,1622,923,1636,613,1113,1140,1957,1272,1133,1124,1703,1805,5,1164,584,720,2001,1114,1089,1702,1087,1480,1322,720,1667,1654,1692,72,668,1028,1042,1141,1519,999,1821,838,254,795,1090,1236,1125,594,1715,782,1134,1240,1229,601,394,315,1065
1697,705,1370,1249,1267,1933,1040,182,1320,1567,1099,1134,665,822,1558,1077,926,1181,582,848,927,393,0,1182,942,705,1199,671,1386,1173,233,1658,1191,1210,1168,818,1500,1235,804,646,858,608,471,1173,1236,1461,1446,1397,855,1224,742,1251,625,717,744,1557,1322,798,728,1318,1399,395,760,624,828,1602,718,701,1357,691,1081,919,828,1298,1341,1293,334,203,2220,1086,806,1115,600,1405,850,373,671,1102,832,993,882,1316,794,739,1288,831,613,484,431,669
1420,992,1598,1611,104,1594,1147,1326,832,1080,734,374,1273,1650,1291,1329,1670,249,1009,1777,1230,1536,1302,0,1229,992,274,1669,894,1873,1197,1301,1570,1360,1543,1706,781,1003,1228,1111,1374,1604,1593,1094,1572,440,1085,1111,1203,1343,1514,1612,1847,1134,1127,1291,849,1460,1135,1354,897,1538,1120,1655,1634,1249,1100,1307,391,1377,1105,1317,1695,1260,422,1123,1489,1366,1509,893,1210,1476,1001,873,1671,1524,1669,1487,1183,1568,1015,1180,2056,1373,724,1450,1817,1643,1653,1361
1606,817,498,380,1237,1490,250,918,1671,1396,1135,1246,440,1452,1474,1036,1618,1488,590,1307,1394,1036,961,1485,0,846,1249,1348,1607,1823,931,1487,1148,1232,1681,1516,1626,1784,156,314,546,1290,1109,1447,1169,1230,1323,1288,1604,1144,1504,382,1299,307,1411,1474,1779,228,356,451,1620,1030,379,1129,1494,1507,436,1363,1505,279,1037,1445,1491,1702,1241,896,984,1105,1797,1468,228,189,564,1626,1543,992,1517,1120,1496,1756,1349,699,1459,1303,1744,301,1278,1199,1136,296
1243,180,1063,917,1000,1821,791,665,1538,1440,914,1009,425,1304,1429,932,1409,1204,299,946,1034,719,708,1198,728,0,1015,1176,1485,2065,704,1532,1645,1653,1922,1305,1680,1609,595,404,454,1115,749,1109,1691,1206,1788,1741,1147,1097,1275,919,1080,471,1071,1429,1495,559,471,988,1498,721,353,768,1310,1461,351,1017,1218,443,936,1244,1306,1567,1213,1151,677,884,2037,1490,567,885,317,1504,1335,683,1332,1546,1147,1998,989,1172,1244,963,1209,594,1068,848,772,419
1850,1015,1640,1656,413,1678,1409,1463,1065,1155,950,272,1293,1881,1382,1156,1646,61,1235,2323,1179,1617,1443,510,1508,1225,0,2110,1022,1950,1360,1155,1231,1146,1607,1866,744,1216,1504,1366,1404,1843,1818,1063,1368,231,819,835,1347,1171,1511,1372,1989,1397,1337,1382,740,1480,1156,1392,1078,1619,1385,1891,2089,1343,1124,1476,317,1161,1160,1543,2077,1231,308,1177,1576,1523,1568,860,1482,1241,1224,1038,1696,1580,2108,1274,1437,1971,1177,1487,1788,1422,683,1474,1995,2200,1646,1148
1847,1245,1880,1729,1382,1261,1529,698,1234,2126,1526,1422,1183,54,2127,1621,253,1325,1120,860,948,406,678,1302,1469,1245,1344,0,1274,1209,593,2222,878,891,1455,340,1246,1122,1332,1161,1456,52,480,1165,828,1572,1139,1089,606,1786,491,1731,434,1233,664,2127,1448,1254,1235,1800,1287,408,1299,547,20,2157,1253,617,1500,1206,1625,830,138,1214,1457,1840,417,573,1139,1380,1262,1631,1138,1293,228,368,60,743,735,1230,903,1860,442,559,1545,1340,440,362,498,1182
998,1660,1103,917,832,1462,2056,1227,381,1278,796,805,1682,1215,1057,1484,1313,868,1550,1507,1115,1399,1207,917,1904,1660,887,1234,0,1297,1124,1044,1613,1623,1287,1332,1093,782,1830,1637,1672,1174,1312,944,1659,1080,1423,1675,1169,1650,1189,916,1370,1681,793,1057,994,1770,1748,1130,11,1401,1608,1385,1220,1457,1573,879,945,1721,1488,701,1285,266,954,1705,1410,1289,1256,926,1778,2119,1568,39,1363,1362,1234,1581,735,1316,1107,1724,1395,985,1073,1844,1376,1376,1503,1708
936,2026,1522,1384,1567,682,1680,957,1098,980,1248,1580,1736,1445,1110,1057,1258,1587,1928,1198,1511,1333,971,1551,1462,2026,1615,1461,1074,0,1205,1183,1493,1552,117,1516,1970,1202,1428,1733,1433,1450,1358,1155,1830,1955,1592,1575,1473,974,1279,1386,1491,1736,1080,1110,2192,1514,1780,1455,1087,1106,1512,1352,1448,1139,1641,1062,1566,1718,1053,987,1202,1295,1889,1172,1099,1061,460,1818,1521,1517,1946,1319,1243,1109,1464,1478,1046,197,1500,1119,1312,1072,2156,1621,1483,1161,1127,1725
1434,881,1525,1379,1207,2139,1159,295,1261,1775,1119,1250,819,781,1746,1258,671,1152,756,750,838,298,275,1126,1107,881,1171,617,1300,998,0,1860,1143,1155,1200,775,1238,1149,969,797,1089,559,374,1050,1118,1406,1305,1258,839,1423,714,1381,561,869,699,1746,1319,932,871,1450,1313,300,941,582,787,1785,889,649,1322,842,1262,857,785,1240,1285,1474,235,163,923,1307,940,1263,774,1218,810,301,617,1022,770,1019,793,1489,721,591,1285,978,549,448,337,818
897,1448,1359,1221,1324,864,1862,1731,1403,382,995,1109,1502,1728,34,553,1122,1357,1370,1151,1064,1843,1774,1077,1639,1448,1394,1746,1218,1263,1753,0,1394,1448,1123,939,1804,1635,1605,1493,1324,1682,1831,1220,1425,1411,1206,1201,1691,443,1129,1223,1129,1536,1319,34,1340,1626,1604,1292,1231,1845,1460,1847,1728,456,1428,1406,1319,1577,549,1230,1793,1287,1091,798,1803,1925,1236,1346,1634,1696,1388,1249,923,1806,1746,1148,1264,1199,1273,819,1201,1510,1311,1541,930,2019,1850,1564
2096,1855,1348,1140,1607,1319,2164,1294,2052,1142,1156,1487,1779,883,1372,1256,783,1423,1716,1121,1485,977,1274,1716,950,1855,1444,868,2164,1804,1191,1154,0,183,1797,629,1653,1947,939,1761,2059,855,1033,1715,70,1370,467,416,1006,1291,762,1380,789,1836,1179,1372,1692,916,1836,1402,2177,979,1901,1098,844,1119,1853,1125,1528,1809,1045,1342,834,1702,1519,1270,988,1171,1424,1624,920,940,1734,2179,711,941,863,122,1257,1514,1440,1080,592,1071,1782,1118,795,963,1080,1783
1762,2160,1429,1206,1548,1372,948,1590,2034,1188,954,1432,2082,1169,1181,1323,875,1368,2016,1410,1766,1273,1570,1661,1020,2160,1389,1155,2147,1875,1487,1199,256,0,1547,910,1598,1929,1009,917,1164,1139,1341,1995,456,1316,410,359,988,1356,743,1459,1079,1151,1300,1181,1639,1191,944,1227,2160,1275,1159,1394,1129,1162,1122,1354,1473,1146,1100,1435,1121,2100,1464,1108,1284,1467,1485,1571,990,1010,2034,2161,993,1236,1147,299,1296,1900,1721,1139,877,1294,1726,1202,1085,1257,1377,1129
1121,2223,1738,1600,1883,911,1892,1151,1317,1074,1496,1572,1955,1191,1304,1361,1513,1907,2137,1194,1508,1328,967,1863,1671,2223,1941,1204,1066,258,994,1416,1488,1868,0,1510,1963,988,1637,1964,1661,1444,1353,1393,1824,1946,1915,1896,1465,1276,1274,1602,1486,1947,1074,1304,2182,1731,1992,1671,1303,1102,1735,1116,1194,1234,1857,1276,1558,1920,1357,1184,1445,1064,1879,1388,1323,1277,688,1810,1738,1728,2155,1083,1238,1335,1458,1473,1040,135,1496,1333,1579,1066,2146,1839,1223,1156,1357,1937
1559,1279,1911,1760,1345,1314,1563,732,1199,924,1549,1385,1217,315,919,1653,219,1290,1154,897,985,443,712,1265,1506,1279,1309,291,1242,1255,629,1134,765,778,1250,0,1205,1416,1363,1199,1489,275,517,1203,811,1537,917,869,651,1816,332,1762,453,1264,627,1110,1409,1291,1266,1112,1255,445,1330,584,264,906,1287,580,1461,1237,1657,796,259,1182,1420,1871,454,609,1431,1341,1299,1662,1172,1350,146,405,283,709,699,1541,940,1890,457,522,1506,1371,459,399,535,1214
2140,1391,2092,1745,743,2100,1544,1513,1513,1809,1106,807,1448,1043,1486,1519,967,870,1399,1428,1591,1194,1242,969,1963,1391,889,1031,905,2380,1495,1494,2065,1982,2370,997,0,1181,1622,1821,1858,1240,1461,1415,2135,1082,1675,1762,1484,1850,919,1746,1045,1534,1154,1486,382,1602,1533,2133,1478,1193,1523,1449,1260,1752,1500,1005,744,1858,1840,1227,1269,1678,787,1542,1445,1201,1928,421,1604,1618,1390,1504,992,1178,1235,2106,1196,1987,1590,1930,1179,972,458,1929,1268,1349,1423,1841
1291,1434,1968,1817,1219,1825,1842,1146,561,1496,929,1554,1445,1137,1389,1250,1236,1316,1313,1465,1648,1318,1126,1306,1777,1434,1335,1151,660,996,1043,1259,1536,1542,1193,1253,978,0,1596,1424,1489,1091,1270,1884,1582,1700,1647,1600,1089,1415,1110,1819,1294,1467,711,1389,1439,1557,1498,1889,673,1320,1391,1343,1199,1615,1359,797,1337,1470,1254,619,1201,592,1346,1466,1329,1206,1148,1371,1565,1883,1331,679,1286,1281,1151,1506,653,1013,1603,1481,1313,903,1536,1604,1300,1296,1422,1495
1628,810,543,429,1491,1544,217,883,1628,1448,1378,1244,415,1456,1523,1000,1584,1229,555,1273,1361,997,926,1483,101,810,1245,1368,1570,1881,902,1540,1134,1219,1739,1481,1959,1812,0,284,515,1482,1076,1532,956,1225,1086,1276,1568,1194,1468,431,1257,276,1445,1523,1470,121,320,500,1583,999,348,1096,1462,1560,405,1397,1244,248,1004,1407,1458,1659,1240,946,953,1072,1855,1464,121,64,529,1589,1508,961,1484,915,1532,1814,1316,747,1425,1337,1441,165,1245,1166,1103,265
1291,646,797,656,1118,1766,511,680,1569,1465,1241,1127,209,1319,1447,952,1423,1114,352,1094,1182,842,723,1341,309,646,1131,1192,1514,2113,719,1556,1662,1107,1970,1319,1508,1703,234,0,276,1131,899,1210,1708,1343,986,959,1403,1117,1291,658,1094,143,1163,1447,1636,204,114,727,1527,844,207,918,1325,1480,199,1110,1127,97,956,1327,1321,1599,1123,1171,800,898,1661,1350,212,528,326,1533,1349,806,1347,1563,1242,2046,1137,949,1260,1055,1601,238,1082,1004,924,65
1256,565,711,568,1146,1781,834,899,1533,1329,1247,1155,431,1469,1329,832,1597,1144,571,1288,1375,1010,942,1137,417,565,1162,1385,1478,2128,916,1418,1847,964,1985,1495,1539,1725,351,312,0,1495,1090,1427,1106,1146,1030,1004,1584,997,1484,570,1271,493,1391,1329,1673,480,493,639,1491,1012,101,1110,1475,1360,242,1343,1394,465,835,1320,1472,1562,1389,1002,966,1086,1589,1381,481,640,545,1497,1521,974,1497,1749,1350,2062,1330,876,1439,1283,1356,347,1259,1180,1117,441
1830,1104,1739,1587,1334,1248,1384,524,1183,1996,1503,1374,1042,123,1997,1494,231,1279,979,808,896,354,504,1254,1334,1104,1298,101,1230,1200,418,2090,860,873,1195,318,1027,1072,1193,1020,1314,0,428,1111,809,1526,1117,1067,583,1660,467,1589,414,1092,610,1997,1397,1151,1094,1658,1243,356,1165,495,110,2030,1112,563,1450,1065,1498,780,181,1169,1409,1715,365,398,1130,1329,1159,1492,997,1334,206,316,93,724,682,1221,851,1734,424,505,1494,1204,420,305,443,1041
1557,1025,1664,1519,1468,1193,1212,442,1541,1917,1201,1508,963,564,1908,1409,764,1408,900,583,671,334,422,1391,1258,1025,1427,604,1636,1124,336,2011,1029,1039,1121,657,1210,1435,1114,941,1233,594,0,896,997,1662,1270,1222,1049,1576,936,1521,443,1013,965,1908,1294,985,1015,1590,1649,336,1086,120,570,1942,1033,918,1573,986,1413,1139,565,1488,1544,1626,204,549,1266,1279,993,1408,918,1677,692,307,596,900,1042,1384,626,1643,600,857,1263,1124,431,224,83,962
1707,965,1144,1026,1318,1062,1060,731,942,1192,1214,1095,881,862,988,1345,1048,1282,921,632,644,619,711,1322,1017,965,1284,901,1140,1395,628,1010,1295,1299,1153,979,1709,1577,989,926,996,891,487,0,1294,1021,1534,1492,1021,1512,1252,1028,740,1001,940,1194,1548,966,1003,1097,1141,621,1074,568,868,993,1025,894,1340,974,1349,1113,865,1097,1332,1562,565,839,1295,1531,974,1159,939,946,1013,581,893,1206,1018,1421,519,1329,871,833,1518,1112,746,704,577,948
1763,1968,1135,1400,1666,1343,2217,1407,2131,1167,982,1546,1892,993,1403,1063,893,1483,1829,1195,1559,1094,1387,1775,968,1968,1504,979,2166,1516,1304,1180,96,264,1511,739,1712,2026,1154,1876,916,963,1150,1792,0,1429,558,506,1079,1093,834,1403,865,1952,1286,1403,1751,1126,1952,1180,2179,1096,913,1214,953,1382,1968,1235,1587,1925,1290,1440,945,1798,1578,1298,1105,1284,1446,1683,1131,957,1847,2254,821,1058,971,232,1364,1536,1514,1332,690,1179,1839,1139,871,1081,1197,1898
1897,998,1626,1361,443,1688,1387,1597,1149,1410,1001,401,1051,1959,1157,1397,1726,211,1209,2096,930,1752,1577,520,1485,998,180,2193,1232,1619,1494,1168,1315,1230,1611,1949,811,1301,1480,1112,1384,1921,1899,1233,1450,0,901,927,1481,1174,1591,1645,2067,1140,1418,1398,802,1455,1375,1669,1235,1754,1367,1972,2171,1360,1108,1611,444,1144,1161,1631,2160,1342,435,1422,1711,1657,1569,919,1207,1222,1198,1196,1776,1715,2190,1358,1520,1637,1121,1484,1863,1609,759,1451,2073,2283,1781,1130
1727,2109,1247,1531,1340,1398,1020,1539,2136,1198,1680,1237,1112,1165,1190,1128,923,1200,1965,1587,1945,1338,1519,1460,1095,2109,1195,1217,1947,1923,1436,1457,434,347,1586,1087,1395,2031,1312,1191,1244,1119,1406,2173,612,1116,0,137,1046,1393,791,1270,1213,1233,1387,1190,1438,1063,1224,1557,1960,1340,1235,1459,1191,1167,1200,1290,1278,1019,1133,1529,1184,2208,1269,1143,1349,1416,1529,1370,1067,1086,1983,1986,973,1301,1209,477,1390,1612,1900,1426,1053,1231,1526,1069,1219,1319,1442,1213
1737,1978,1222,1502,1318,1674,992,1417,2005,1439,1658,1214,1902,1042,1430,1113,800,1177,1839,1465,1825,1211,1397,1437,1066,1978,1172,1094,2121,1903,1314,1450,308,215,1570,958,1373,1900,1057,1159,1213,996,1275,2050,477,1107,150,0,908,1139,668,1504,1090,994,1227,1430,1416,1249,1191,1265,2134,1213,1205,1328,1068,1404,1169,1170,1255,991,1118,1365,1060,2071,1246,1362,1222,1294,1825,1348,1253,1057,1857,2132,850,1175,1086,351,1220,1927,1780,1405,930,1116,1508,1257,1096,1196,1314,1180
1412,1378,2011,1099,1005,1238,1669,830,1155,2024,970,1048,1316,678,1754,1747,650,963,1252,1221,1387,907,810,924,1645,1378,982,690,1056,1219,727,1791,979,988,1213,667,1040,1042,1463,1295,1594,631,963,1617,1028,1205,1132,1082,0,1910,536,912,844,1367,659,1754,1085,1392,1369,1125,1059,909,1433,1028,740,2163,1389,528,1125,1340,1751,758,742,1146,1083,1963,918,966,1398,1017,1400,1761,1270,1019,700,871,690,935,661,1239,1342,1979,879,471,1176,1473,850,892,1011,1316
1102,1059,939,801,1362,855,1451,1462,1594,455,1405,1376,1229,2018,449,118,2159,1382,1098,1850,1938,1576,1505,1112,1227,1059,1414,1968,1518,1223,1482,552,1069,1123,1083,2058,1532,1779,1095,1067,876,2044,1649,1899,1320,1417,1153,1376,1829,0,2073,803,1840,1111,1457,449,1376,1201,1177,872,1531,1578,1033,1665,2024,483,1003,1547,1128,1148,114,1375,2016,1624,1126,381,1535,1655,1196,1378,1209,1277,1116,1543,2081,1539,2047,1277,1405,1159,1893,403,1999,1659,1346,1098,1828,1745,1670,1138
1849,1485,919,940,1333,1100,1729,926,1393,1114,1440,1373,1409,417,1107,1849,154,1278,1346,886,1168,634,906,1253,1741,1485,1297,403,1485,1545,823,935,658,668,1539,185,1110,1278,1560,1389,1691,366,692,1390,704,1525,826,778,521,2013,0,1138,495,1462,803,1107,1396,1452,1463,1161,1498,636,1529,751,471,2413,1483,684,1449,1434,1853,893,462,1441,1408,2063,645,805,1465,1328,1458,1849,1364,1510,204,596,395,606,806,1570,1123,2079,390,625,1493,1568,501,596,730,1410
1425,1041,136,3,1625,1660,751,1293,935,1162,1155,1356,831,1865,1284,1035,912,1631,971,1672,1760,1404,1336,1334,567,1041,1657,1796,1107,2003,1310,1255,1142,1208,1860,1901,2109,2099,533,835,524,1891,1469,1255,1162,1362,1533,1246,1102,952,943,0,1670,902,1777,1284,1921,615,904,69,927,1406,598,1486,1871,1316,739,1742,1351,875,1031,1692,1863,1940,1627,709,1366,1482,1265,1918,618,565,941,1124,1924,1367,1894,1356,1726,1936,1348,509,956,1683,1885,749,1658,1574,1490,851
1568,1514,2139,1988,1496,1297,1754,955,1394,1110,910,1538,1438,384,1105,1874,377,1438,1375,495,960,658,935,1421,1772,1514,1457,424,1391,1235,852,935,761,774,1230,271,1262,1280,1591,1418,1723,414,588,1178,707,1687,1010,960,725,2038,570,1990,0,1493,783,1105,1099,1475,1492,2059,1404,659,1561,657,390,2354,1512,736,1605,1465,1878,945,385,1322,1574,2088,668,834,1405,1500,1483,1878,1393,1512,306,621,416,622,858,1517,915,2104,321,676,1666,1599,12,628,573,1439
1532,573,711,568,1142,1781,609,843,1492,1335,1035,1390,375,1423,1331,834,1550,1139,515,1236,1324,962,886,1369,500,573,1157,1331,1440,2129,865,1426,1797,953,1986,1446,1852,1686,434,222,191,1449,1039,1351,1839,1377,1021,1201,1392,999,1433,570,1224,0,1319,1331,1380,372,96,639,1453,964,104,1059,1429,1363,59,1270,1150,32,838,1281,1425,1520,1384,1004,918,1035,1589,1662,380,722,489,1459,1476,926,1451,1702,1312,2062,1279,875,1392,1211,1632,429,1212,1133,1066,113
1532,1262,1894,1743,1194,2039,1583,715,892,1760,1179,1235,1200,718,1550,1509,594,1137,1137,1261,1373,892,695,1111,1527,1262,1156,730,980,1305,612,1517,926,933,1297,712,955,776,1346,1182,1472,671,948,1496,975,1389,1080,1030,451,1675,480,1745,884,1247,0,1550,1267,1310,1249,1814,993,894,1313,1013,779,1868,1270,361,1307,1220,1513,445,781,852,1272,1730,903,775,1235,1199,1318,1645,1155,1036,644,856,730,876,312,1328,1328,1749,826,259,1349,1354,890,877,996,1197
916,1427,1341,1203,1087,845,1846,1708,1417,362,1007,1100,1479,1723,180,532,910,1345,1347,932,1259,1821,1751,1069,1621,1427,1144,1741,1232,1236,1730,34,1136,1427,1096,919,1795,1628,1587,1472,1304,1677,1809,988,1161,1157,1437,1184,1685,422,916,1205,915,1515,1313,0,1332,1605,1583,1274,1245,1823,1439,1825,1723,567,1407,1400,1083,1556,528,1223,1789,1301,1307,779,1780,1902,1209,1338,1613,1678,1365,1263,1865,1784,1741,1365,1258,1172,1247,800,1178,1504,1302,1519,910,1997,1831,1543
1985,1238,1905,1920,500,1584,1391,1105,1281,1343,938,577,1565,1808,1608,1646,1795,642,1248,1266,1190,1053,1095,732,1473,1238,661,1832,1226,1815,1092,1618,1629,1544,1807,1912,489,1433,1776,1355,1385,1765,1072,1282,1775,847,1221,1260,1301,1661,1669,1590,910,1667,1550,1608,0,1752,1380,1945,1239,1052,1369,1061,1811,1567,1627,1423,502,1673,1367,1772,1102,1163,547,1385,1056,1058,1772,140,1452,1770,1239,1265,1845,1038,1832,1672,1561,1831,1189,1741,2018,1369,65,1445,1105,978,1256,1372
1634,803,605,490,1216,1618,209,875,1627,1512,1364,1224,407,1448,1488,996,1575,1209,547,1217,1305,998,918,1209,159,803,1225,1360,1567,1961,894,1596,1106,986,1821,1473,1935,1812,133,276,507,1474,1022,1375,933,1205,1284,1034,1413,1161,1460,492,1249,268,1339,1488,1450,0,312,561,1580,1000,340,1042,1453,1523,397,1290,1225,240,1000,1407,1450,1660,1221,1006,954,1064,1934,1444,8,383,521,1587,1499,962,1475,1727,1423,1897,1260,807,1417,1231,1421,157,1237,1158,1049,257
1287,573,799,658,1143,1872,724,843,1539,1433,1045,1391,375,1423,1422,927,1550,1375,515,1236,1324,962,886,1371,310,573,1396,1331,1484,2219,865,1525,1797,1140,2076,1446,1851,1730,235,50,189,1449,1039,1352,1839,1138,1013,986,1392,1092,1433,660,1224,56,1319,1422,1667,372,0,729,1497,964,120,1059,1429,1455,112,1270,1152,37,931,1325,1425,1569,1147,1146,918,1035,1662,1661,373,529,489,1503,1474,926,1451,1702,1402,2152,1279,950,1392,1211,1351,239,1212,1133,1066,17
1186,1111,90,69,1649,1710,819,1355,954,1241,1417,1376,893,1926,1345,1097,1124,1655,1033,1740,1828,1468,1398,1636,633,1111,1681,1858,935,2057,1373,1333,1161,1482,1914,921,1766,2078,599,897,588,1952,1534,1327,1425,1382,1289,1527,932,1014,962,68,1733,964,1883,1345,1610,683,966,0,1142,1470,667,1550,1932,1378,802,1802,1656,937,1093,1794,1924,920,1651,771,1430,1546,1313,1608,686,632,1003,1147,1102,1431,1955,1141,1828,1990,1415,574,975,1743,1909,812,1721,1638,1555,913
1009,1663,1115,927,837,1481,2059,1231,394,1295,807,1030,1684,1217,1072,1487,1319,942,1552,1510,923,1401,1211,922,1902,1663,961,1236,11,1313,1128,1060,1618,1627,1079,1338,955,794,1829,1639,1674,1176,1315,945,1664,1095,1433,1682,1175,1653,1195,1119,1372,1683,796,1072,1006,1772,1750,946,0,1403,1610,1388,1222,1471,1575,882,952,1723,1491,704,1287,279,961,1708,1412,1291,1052,938,1780,2117,1570,52,1369,1364,1236,1587,738,1332,916,1727,1397,988,1089,1842,1378,1378,1505,1710
1525,1065,1700,1550,1565,1164,1309,482,1631,1960,962,1606,1003,784,1957,1456,1000,1500,940,527,615,2,462,1485,1296,1065,1519,823,1789,1336,376,2054,1254,1259,1331,893,1440,1665,1155,981,1274,813,394,847,1299,1752,1497,1452,1101,1622,990,1552,672,1053,1144,1957,1271,1081,1055,1621,1803,0,1126,606,790,1989,1073,1090,1680,1026,1460,1317,788,1664,1644,1677,74,588,1245,1257,1089,1452,958,1809,927,281,815,1139,1222,1361,570,1696,837,1036,1239,1165,660,459,356,1002
1231,465,694,550,1363,1762,803,868,1438,1328,1008,1138,400,1442,1324,828,1568,1127,540,1260,1347,982,911,1352,386,465,1146,1353,1395,2110,888,1419,1817,959,1967,1466,1839,1634,320,207,78,1467,1062,1335,1103,1132,1023,998,1378,993,1454,552,1243,249,1318,1324,1653,449,328,621,1408,984,0,1082,1447,1356,141,1256,1372,302,832,1229,1444,1467,1367,1046,938,1058,1574,1648,449,608,514,1414,1492,946,1469,1721,1263,2043,1302,860,1411,1196,1618,315,1231,1152,1089,279
1545,1131,1766,1615,1576,1184,1319,552,1540,2019,1184,1617,1069,565,2021,1517,768,1512,1006,524,612,335,532,1497,1359,1131,1531,605,1637,1120,446,2113,1030,1042,1348,661,1200,1436,1219,1047,1343,595,33,844,1002,1763,1273,1225,1048,1683,937,1617,447,1119,1164,2021,1281,1091,1121,1686,1650,337,1185,0,571,2054,1139,1110,1690,1092,1521,1327,566,1607,1653,1738,346,659,1260,1266,1099,1521,1024,1677,696,308,597,904,1242,1378,567,1757,604,1056,1035,1230,435,225,84,1068
1843,1260,1892,1741,1382,1250,1545,713,1236,2132,1504,1422,1198,36,2143,1636,253,1326,1135,882,970,428,693,1302,1525,1260,1345,112,1275,1199,610,2229,878,888,1442,340,1043,1124,1344,1180,1471,96,502,1188,828,1571,1140,1090,608,1799,493,1743,487,1245,666,2143,1449,1276,1247,1812,1289,430,1311,569,0,2173,1268,617,1479,1218,1640,830,43,1214,1457,1853,439,590,1363,1381,1284,1643,1153,1295,228,390,104,743,735,1473,924,1874,442,559,1546,1352,475,381,520,1195
1175,1715,1624,1486,1272,926,2113,1993,1385,546,1298,1288,1762,1700,190,821,1792,1081,1632,1119,1258,1892,1707,1034,1890,1715,1112,1718,1175,1207,1624,216,1351,1404,1270,1094,1451,1607,1856,1749,1614,1654,1751,1199,1145,1126,1410,1162,1664,736,1666,1488,1880,1793,1292,190,1297,1885,1860,1557,1188,1894,1720,1825,1700,0,1685,1379,1049,1833,817,1202,1766,1244,1048,1059,1903,1787,1531,1303,1893,1935,1650,1206,1842,1855,1718,1114,1237,1222,1032,1080,1162,1483,1268,1939,1886,1864,1831,1820
1510,445,783,642,1108,1652,505,742,1358,1227,1208,1117,271,1348,1243,745,1462,1106,414,1120,1233,896,773,1328,421,445,1357,1228,1318,2206,774,1329,1706,929,2063,1358,1812,1552,465,115,175,1375,952,1247,1752,1338,994,968,1451,910,1339,644,1135,59,1261,1243,1347,266,228,725,1331,898,103,920,1354,1293,0,1210,1348,201,776,1119,1350,1397,1343,986,872,937,1646,1621,273,705,384,1334,1380,913,1287,1610,1307,2069,1149,938,1307,1153,1318,374,1121,975,924,187
1573,1109,1727,1579,1235,2046,1409,522,934,1799,1247,1114,1042,542,1518,1591,571,1181,978,1105,1188,714,502,1152,1247,1109,1201,544,1036,1283,416,1566,1029,1049,1056,729,1214,834,1323,1039,1329,497,767,1345,1078,1434,1297,1261,624,1745,610,1581,708,1105,313,1518,1299,1144,1106,1650,1051,716,1171,826,540,1921,1134,0,1344,1078,1596,282,615,911,1309,1808,725,582,1209,1231,1152,1564,996,1019,621,678,544,1007,123,1082,1143,1831,709,203,1387,1236,714,692,822,1055
1726,1009,1339,1631,96,1335,1405,1279,931,1322,703,100,1071,1679,1083,1116,1666,246,1025,1905,1247,1454,1259,232,1246,1009,271,1698,775,1892,1176,1092,1447,1362,1882,1782,637,1083,1503,1361,1154,1638,1712,1109,1530,457,1078,1102,1168,1363,1540,1632,1873,1389,1182,1308,582,1480,1391,1371,778,1456,1136,1782,1681,1267,1116,1290,0,1157,1353,1417,1707,1065,9,1376,1416,1342,1841,669,1227,1496,1229,738,1716,1458,1698,1491,1275,1583,1243,1196,2004,1236,518,1217,1879,1772,1478,1381
1288,602,725,608,1148,1733,684,871,1550,1360,1267,1397,406,1376,1386,872,1576,1382,544,1251,1324,1047,909,1140,522,602,1403,1408,1475,2084,895,1450,1821,949,1940,1475,1538,1699,567,114,220,1403,1032,1453,1863,1381,1230,1197,1496,1025,1460,610,1255,59,1380,1386,1385,402,64,679,1538,1049,133,1048,1382,1393,142,1334,1397,0,876,1335,1381,1623,1152,1039,1003,1068,1605,1667,410,804,520,1544,1500,1047,1400,1737,1436,2016,1279,901,1430,1271,1638,473,1243,1100,1052,81
944,980,838,700,1119,1240,1371,1239,1537,609,1583,1366,1031,1731,872,2,1945,1134,883,1610,1683,1406,1277,1334,1122,980,1402,1766,1461,1584,1260,705,1262,1328,1440,1845,1524,1687,1088,970,815,1759,1383,1764,1068,1403,1368,1350,1745,329,1843,702,1620,1014,1362,872,1651,1105,1077,771,1474,1408,956,1397,1737,876,906,1471,1121,1049,0,1279,1735,1559,1118,256,1368,1436,1549,1653,1113,1172,901,1480,1867,1408,1758,1032,1330,1515,1638,293,1798,1553,1337,1207,1608,1464,1399,1041
1408,1334,1954,1804,1245,1882,1740,766,693,1616,1056,1294,1268,793,1492,1375,876,1354,1203,1155,1354,963,746,1163,1471,1334,1374,801,805,1193,663,1371,1169,1187,981,991,1016,625,1540,1266,1617,751,1019,1526,1216,1444,1427,1391,723,1529,755,1806,965,1331,333,1492,1761,1423,1333,1875,818,965,1397,1083,851,1717,1361,262,1328,1304,1379,0,850,711,1319,1592,974,829,933,1489,1431,1778,1221,839,926,927,801,1104,277,1006,1309,1613,961,526,1727,1455,970,947,1070,1282
1853,1145,1761,1614,1439,1255,1456,557,1221,1993,1685,1354,1078,244,2041,1519,298,1382,1014,761,840,301,537,1362,1282,1145,1402,98,1308,1451,451,2087,745,767,1197,383,1050,1185,1360,1075,1363,277,375,1053,791,1645,1149,1111,794,1673,633,1616,319,1141,710,2041,913,1191,1142,1685,1321,303,1206,439,43,2048,1170,661,1564,1114,1523,844,0,1240,1515,1736,312,513,1365,1440,1199,1601,1032,1377,273,263,98,624,763,1222,795,1759,323,602,1611,1273,325,259,399,1091
1240,1590,2114,1970,850,1449,1999,1203,118,1318,816,980,1606,1206,1269,1419,1287,956,1457,1490,1685,1395,1183,942,1805,1590,976,1223,118,1072,1100,1057,1556,1571,1285,1306,1007,665,1868,1554,1671,1170,1296,908,1602,1134,1492,1648,1140,1573,1164,1972,1373,1598,755,1269,1049,1688,1665,1111,131,1397,1545,1366,1213,1492,1490,865,972,1636,1423,664,1276,0,981,1636,1406,1266,1250,981,1696,2101,1474,137,1337,1358,1223,1502,721,1314,1639,1658,1389,947,1145,1786,1379,1372,1368,1625
1431,1004,1613,1347,105,1333,1400,1283,936,1093,694,109,1288,1683,1082,1345,1670,255,1021,1910,1239,1458,1263,223,1499,1004,280,1702,766,1564,1180,1317,1456,1371,1556,1786,540,1087,1497,1356,1150,1642,1717,1103,1538,465,1087,1111,1173,1360,1544,1347,1878,1146,1187,1082,592,1474,1385,1367,769,1460,1132,1622,1685,1265,1112,1294,9,1392,1350,1422,1711,1056,0,1372,1420,1346,1522,679,1476,1491,1223,729,1720,1462,1702,1500,1280,1909,1023,1193,2014,1239,528,1213,1884,1777,1482,1376
1160,1021,809,671,1137,1210,1313,1287,1594,668,1623,1388,1079,1777,713,476,1986,1391,931,1662,1733,1458,1325,1356,1093,1021,1422,1812,1517,1554,1308,761,1051,1338,1410,1886,1862,1736,1059,1020,856,1805,1435,1750,1074,1177,1380,1128,1792,366,1889,673,1663,1064,1409,713,1673,1154,1127,742,1530,1460,1006,1449,1783,718,956,1517,1139,1099,472,1327,1779,1614,1136,0,1420,1483,1519,1387,1146,1143,949,1536,1908,1421,1804,1038,1376,1486,1688,262,1836,1611,1637,1090,1651,1510,1450,1091
1836,1039,1631,1489,1506,958,1331,418,1505,1893,1161,1420,944,684,1933,1416,904,1449,880,447,528,258,398,1429,1152,1039,1472,719,1648,1328,312,1987,1152,1171,1095,798,1197,1556,1230,941,1227,713,334,761,1200,1705,1401,1365,1010,1570,886,1491,583,1007,1039,1933,1276,1068,1008,1560,1661,260,1080,534,690,1940,1036,985,1636,980,1420,1161,690,1525,1582,1633,0,531,1237,1045,1076,1466,898,1667,832,252,711,1049,1083,1353,483,1655,751,930,1030,1138,571,384,294,957
1481,859,1489,1343,1179,1108,1172,260,1211,1710,1131,1056,792,827,1727,1220,997,1123,728,614,695,426,240,1093,989,859,1143,755,1298,1282,153,1793,1244,1260,1057,891,1451,1175,1067,789,1076,704,409,910,1289,1382,1486,1455,819,1373,850,1345,673,855,695,1727,1278,898,856,1414,1311,428,928,425,833,1734,884,647,1286,828,1224,834,832,1230,1255,1433,369,0,987,1265,906,1301,746,1367,924,421,755,1143,753,1307,650,1451,845,587,1032,979,661,526,429,805
1190,2176,1225,1087,1841,842,1868,2452,1284,1142,1228,1536,1782,1125,1272,1255,1189,1861,2092,1121,1170,1242,2490,1822,1615,2176,1893,1375,1040,686,1115,1402,1720,1793,544,1185,2329,951,1581,1583,1480,1365,1048,1072,1747,1895,1847,1511,1158,1163,1213,1089,1163,1862,1023,1272,2140,1682,1907,1158,1271,1030,1557,1044,1128,1303,1519,1001,1524,1845,1251,1127,1130,1035,1838,1329,1024,1192,0,2143,1689,1672,2110,1277,1174,1034,1142,1701,988,623,1161,860,1499,1224,2104,1707,1156,1313,1052,1654
2005,1490,1575,1587,480,1918,1386,1097,1217,1349,1027,544,1558,1894,1616,1648,1888,614,1241,1035,1418,1258,1312,704,1773,1233,637,1929,1197,2196,1082,1626,1792,1705,2186,2000,413,1368,1769,1630,1668,1860,1059,1268,1861,849,1423,1457,1387,1664,1769,1588,2159,1376,1463,1616,99,1744,1375,1943,1210,1041,1365,1048,1903,1574,1342,1520,481,1380,1369,1666,1938,1469,504,1675,1262,1048,1774,0,1747,1764,1489,1214,1937,1026,1928,1836,1552,1835,1173,1442,2342,1465,238,1439,2165,966,1027,1651
1628,758,575,468,1217,1505,237,833,1615,1474,1363,1480,368,1339,1494,984,1540,1211,506,1213,1287,1010,871,1461,140,758,1227,1322,1535,1845,858,1558,1111,1195,1702,1439,1937,1753,136,234,467,1366,995,1465,937,1458,1288,1037,1518,1137,1419,470,1219,226,1396,1494,1754,8,270,539,1548,1012,300,1011,1345,1503,355,1350,1481,208,988,1343,1344,1635,1222,955,966,1031,1811,1446,0,420,482,1554,1464,1010,1363,1700,1454,1778,1242,773,1394,1287,1719,158,1207,1063,1015,215
1614,782,495,394,1230,1416,261,855,1642,1495,1368,1239,390,1361,1515,1006,1561,1479,528,1235,1309,1032,893,1223,39,782,1499,1349,1560,1752,880,1578,1135,1219,1609,1460,1954,1779,41,258,490,1388,1017,1459,1156,1476,1311,1276,1553,1159,1444,396,1240,250,1390,1515,1466,151,294,465,1573,1034,323,1033,1367,1524,379,1344,1239,232,1010,1367,1366,1661,1235,882,988,1053,1718,1460,151,0,504,1579,1485,1032,1385,1107,1448,1684,1264,701,1415,1281,1735,182,1228,1085,1037,239
1603,444,1085,940,1216,1712,765,485,1427,1323,1163,1015,193,1046,1348,835,1237,1206,168,901,974,695,523,1209,611,444,1013,993,1361,2372,522,1412,1469,1489,2228,1132,1679,1732,673,370,569,1075,690,1191,1514,992,1659,1622,1207,988,1092,942,911,432,1265,1348,1496,498,435,1011,1374,697,504,706,1052,1355,466,1218,1017,404,839,1378,1048,1447,1013,1048,653,710,2334,1232,506,906,0,1380,1163,693,1073,1381,1314,2304,929,1072,1083,1157,1462,580,899,752,708,385
1013,1625,1120,931,808,1424,2038,1243,365,1289,787,1007,1642,1243,1237,1460,1335,914,1493,1529,923,1436,1223,899,1833,1625,934,1263,71,1092,1140,1028,1602,1624,1309,1354,913,802,1895,1591,1646,1210,1335,1142,1648,1143,1398,1695,1186,1614,1211,931,1413,1635,798,1237,961,1725,1702,950,74,1438,1582,1405,1253,1460,1527,906,929,1673,1464,707,1317,336,938,1677,1447,1306,1057,893,1733,2128,1511,0,1385,1399,1263,1549,764,1338,1106,1700,1429,990,1052,1816,1419,1413,1407,1662
1861,1284,1904,1757,1281,1074,1657,716,1100,1096,1447,1164,1217,298,1713,1648,106,1231,1153,764,992,463,696,1202,1409,1284,1251,283,1185,1502,613,1114,701,723,1496,192,1198,1060,1486,1213,1503,244,533,1209,671,1480,961,923,524,1800,391,1759,345,1276,531,1713,1334,1343,1279,912,1198,465,1342,599,298,2121,1310,484,1393,1249,1652,723,294,1119,1356,1864,474,668,1418,1266,1351,1726,1171,1246,0,425,275,580,619,1264,947,1882,278,425,1441,1401,351,423,562,1228
1834,1111,1764,1617,1856,1165,1401,561,1480,1961,948,1720,1081,493,2006,1486,727,1784,1017,545,626,108,541,1777,1285,1111,1807,529,1524,1340,455,2055,986,1005,1105,620,1423,1356,1363,1078,1366,523,199,849,1035,2045,1228,1188,983,1640,858,1619,407,1144,1126,2006,1253,1137,1145,1688,1537,110,1209,259,499,2011,1173,1072,1974,1117,1490,1248,496,1612,1931,1703,119,674,1249,1239,1145,1604,1035,1548,655,0,521,875,1172,1365,581,1726,574,1017,1221,1276,395,175,147,1094
1843,1239,1853,1706,1380,1262,1603,669,1182,2071,1528,1261,1172,78,1788,1606,231,1325,1108,873,946,413,649,1300,1363,1239,1345,24,1269,1212,563,1826,840,864,1207,318,1022,1144,1440,1168,1457,55,487,1162,813,1580,1084,1046,631,1758,478,1708,420,1230,642,1788,1442,1293,1234,1777,1282,415,1296,551,44,2201,1264,593,1496,1203,1610,804,123,1201,1455,1822,424,617,1379,1374,1301,1683,1126,1341,206,375,0,722,718,1233,901,1844,421,534,1546,1355,426,373,512,1183
2101,1697,1323,1352,1645,1308,2070,1129,1563,1371,1176,1537,1618,784,1130,1028,705,1480,1553,1041,1386,878,1109,1761,927,1697,1501,776,1708,1785,1026,1387,93,251,1779,544,1690,1576,1106,1613,1913,761,934,1613,145,1430,497,471,1030,1057,800,1122,693,1687,1107,1130,1729,1756,1688,1378,1721,880,1754,998,751,1345,1712,1053,1578,1659,1247,1229,744,1585,1569,1254,889,1104,1408,1661,1764,917,1571,1727,658,842,769,0,1153,1499,1341,1287,504,998,1813,1804,699,866,985,1635
1253,1149,1762,1615,1303,1928,1448,562,806,1682,1118,1354,1082,579,1466,1438,611,1219,1018,1144,1221,747,542,1222,1285,1149,1239,583,897,1264,456,1437,1044,1064,1256,772,990,706,1363,1079,1364,537,801,1390,1093,1502,1300,1264,593,1592,627,1617,747,1142,180,1466,1322,1183,1146,1686,910,749,1207,861,640,1784,1174,134,1382,1115,1442,214,640,771,1378,1655,758,622,1193,1254,1191,1604,1036,895,661,711,583,1045,0,1287,1176,1678,747,307,1428,1276,753,732,856,1095
932,2096,1590,1452,1584,745,1785,1182,1114,1049,1522,1928,1813,1470,1181,1161,1544,1937,2010,1219,1537,1358,1199,1893,1524,2096,1632,1486,1090,268,1231,1292,1829,1573,202,1276,2400,1224,1490,1812,1511,1475,1146,1176,1856,1977,1947,1596,1497,1069,1300,1454,1256,1781,1100,1181,2212,1591,1826,1523,1103,1127,1587,1141,1220,1209,1717,1307,1912,1764,1157,1215,1476,1088,1581,1241,1121,1083,529,2216,1598,1581,2028,1107,1527,1130,1489,1811,1066,0,1263,1198,1333,1318,1802,1710,1249,1182,1387,1771
2098,1265,1884,1373,1010,1131,1569,697,911,1247,1423,1013,1198,747,1247,1630,936,975,1134,349,84,527,677,1226,1390,1265,974,782,917,1242,591,1054,1167,1185,1239,954,1317,1539,1467,1194,1484,776,313,543,1189,929,1415,1379,1238,1782,1124,1375,630,1257,1320,1032,1436,1260,1260,1444,1106,529,1323,390,753,1246,1290,1270,1030,1230,1634,1438,753,1730,1236,1845,471,809,1402,1417,1268,1708,1152,916,987,523,774,1086,1373,1525,0,1865,804,1211,1165,1382,636,532,394,1209
1002,1135,618,480,1442,1169,1135,1439,1715,829,1158,1205,1156,1918,874,624,2119,1456,1083,1824,1895,1546,1477,1425,906,1135,1231,1951,1634,1514,1460,922,1305,1376,1370,2020,1598,1854,872,953,850,1944,1601,1583,1103,1229,1181,1163,1902,530,2035,482,1810,997,1517,874,1441,955,1060,551,1647,1548,949,1614,1924,877,890,1632,1445,1185,615,1437,1919,1735,1441,258,1507,1635,1479,1742,958,957,1101,1653,2041,1551,1943,1066,1488,1446,1850,0,1974,1720,1412,1084,1798,1657,1616,1025
1944,1508,930,1151,1673,1383,1855,1006,1420,1184,906,1791,1413,628,1178,1861,546,1733,1435,662,1051,714,986,1594,1682,1508,1753,602,1563,1584,903,995,531,550,1307,437,976,1500,1681,1451,1762,657,661,1271,580,1673,762,725,893,2012,734,1155,304,1533,945,975,1746,1530,1534,1177,1576,716,1601,728,634,962,1553,892,1832,1505,1865,1070,633,1440,1823,2072,725,931,1241,1678,1538,1974,1453,1582,499,678,597,413,992,1610,1006,2089,0,836,2060,1658,310,695,647,1472
1276,1252,1868,1721,1327,1953,1656,683,832,1707,1144,1378,1185,698,1492,1465,735,1288,1121,1268,1341,870,663,1246,1376,1252,1308,704,925,1295,577,1464,1099,1118,1287,917,1174,730,1453,1181,1470,656,926,1448,1147,1525,1364,1328,649,1619,682,1723,869,1243,338,1492,1398,1342,1247,1792,938,872,1309,990,757,1810,1277,336,1465,1216,1469,371,757,799,1402,1682,881,743,1013,1330,1350,1696,1139,920,785,834,704,1034,268,1092,1296,1705,868,0,1505,1368,875,855,977,1196
1620,1209,1869,1560,615,1554,1645,1301,1359,1314,998,684,1267,1833,1573,1610,1825,752,1472,1236,1166,1027,1067,838,1444,1460,775,1859,1338,1785,1064,1583,1642,1555,1777,1937,464,1511,1741,1326,1638,1798,1046,1257,1710,987,1272,1307,1326,1625,1703,1561,2105,1351,1585,1573,236,1717,1632,1581,1351,1026,1339,1249,1841,1531,1591,1456,615,1356,1615,1627,1876,1283,638,1356,1244,1246,1742,267,1423,1437,1210,1377,1875,1011,1859,1686,1564,2176,1407,1705,2067,1400,0,1416,2111,1150,1013,1343
1319,761,658,551,1459,1602,204,836,1619,1475,1108,1470,371,1342,1495,986,1542,1453,509,1216,1290,1013,874,1201,142,761,1220,1329,1539,1947,861,1559,926,995,1807,1441,1597,1757,117,225,458,1369,998,1441,943,1202,1291,1041,1535,1289,1426,553,1221,217,1373,1495,1745,153,261,622,1552,1015,291,1014,1348,1651,346,1327,1470,199,990,1346,1347,1639,1465,1039,969,1034,1813,1738,153,353,485,1558,1466,1013,1366,1703,1431,1782,1245,856,1396,1264,1710,0,1209,1066,1018,206
1890,1426,2046,1899,1543,1068,1799,855,1356,1103,909,1419,1353,340,910,1784,405,1483,1288,499,879,609,835,1465,1561,1426,1506,376,1443,1228,752,1123,777,800,1478,299,1050,1223,1626,1351,1645,370,493,1094,749,1923,1024,986,790,1935,591,1901,12,1417,810,1099,915,1473,1418,1970,1456,611,1484,569,346,2348,1446,764,1689,1389,1788,935,341,1324,1619,1996,620,808,1396,1546,1481,1856,1306,1436,333,571,368,658,856,1509,834,2011,357,702,1713,1538,0,575,477,1367
1852,1107,1701,1553,1648,1008,1396,497,1394,1956,924,1517,1016,375,2003,1481,664,1582,952,528,736,241,477,1570,1225,1107,1605,411,1437,1402,391,2050,927,947,1397,557,1117,1261,1300,1013,1303,405,316,945,976,1847,1168,1130,878,1635,740,1555,336,1079,919,2003,1181,1132,1080,1624,1450,243,1145,384,381,2010,1108,869,1734,1052,1485,1043,378,1435,1725,1698,252,610,1087,1166,1140,1541,970,1467,617,203,403,813,965,1427,691,1721,512,810,952,1213,324,0,339,1029
1859,1110,1704,1556,1587,1189,1399,500,1493,1960,1164,1456,1019,506,2006,1484,747,1521,955,584,665,291,480,1509,1230,1109,1544,542,1537,1362,394,2053,1004,1024,1123,641,1179,1369,1305,1016,1306,536,89,882,1053,1789,1246,1207,995,1638,873,1558,428,1082,1050,2006,1040,1134,1083,1627,1550,293,1148,149,512,2013,1111,996,1673,1055,1488,1172,509,1548,1664,1701,302,613,1271,1241,1142,1546,973,1560,675,264,534,895,1094,1149,620,1724,595,941,1224,1218,416,188,0,1032
1289,586,775,658,1135,1802,641,714,1590,1452,1255,1144,248,1243,1472,962,1433,1365,387,1100,1174,893,752,1127,285,586,1386,1207,1511,2152,745,1536,1670,935,2008,1330,1525,1729,334,31,203,1270,884,1304,1716,1364,1005,977,1425,1115,1303,660,1111,70,1233,1472,1657,356,14,729,1524,895,134,900,1249,1481,126,1186,1144,51,966,1319,1247,1609,1139,1176,852,918,1642,1367,356,573,363,1530,1358,893,1267,1589,1282,2084,1129,940,1285,1125,1622,242,1099,954,904,0
