0,3137,2119,3484,2595,2421,2361,1651,2743,2337,3401,2156,1724,3316,3521,3113,3270,2569,3088,2847,3975,1880,2770,3798,1797,2305,3518,3184,2100,2720,1076,3185,2570,2178,2527,2822,2830,3272,2769,3261,2535,2241,2262,3118,2143,1969,2310,2471,2497,3956,2729,2361,2935,3110,2542,3267,1994,2328,2443,2074,3780,2747,3392,2737,2462,2763,2947,2756,3172,1957,3213,3339,3064,1721,1900,3177,1949,1974,2647,2827,2214,2195,2590,2358,2301,2564,2610,2573,1531,2487,2658,2285,3102,3943,2907,2773,2465,2609,3497,3330
3789,0,1332,0,0,1369,1295,1797,1500,0,0,1204,1435,0,0,0,0,1013,0,0,0,1260,0,0,1700,0,0,0,2141,0,2713,0,1327,1681,0,1095,0,0,0,0,0,1500,1264,0,1279,1821,1225,0,1494,0,1170,0,0,0,0,0,1923,1254,0,1745,0,1109,0,1151,1511,0,0,0,0,1591,0,1199,0,1617,1564,0,1278,2916,0,0,1124,1738,1045,1721,1233,0,0,0,1621,2789,1166,1245,0,0,0,0,1522,1221,1520,0
2559,1103,0,1018,1044,1289,999,1513,1363,2102,1155,0,1804,2160,939,1087,0,1830,2079,0,1532,1098,2102,1107,1254,0,953,1737,1808,0,1152,0,0,1174,2088,1737,1395,1508,0,1147,2238,1617,1034,986,1005,1134,1101,0,11,1257,1531,2052,2034,1079,2174,0,1391,210,0,1804,1327,1244,1253,2219,11,2102,1487,1107,0,310,1118,1590,0,1626,1398,1386,64,1336,1121,0,2160,1497,410,993,1466,0,0,983,1005,1527,605,1059,1012,1245,1125,0,11,0,1610,2306
2885,0,1230,0,1152,1094,2961,1504,1321,2169,526,1185,1161,607,0,0,0,1950,1088,0,0,1234,2169,0,1844,0,0,882,1716,0,2086,0,1231,995,1132,1936,600,0,0,642,1262,1095,1255,1152,2497,1554,995,0,1429,0,963,2119,1184,0,1193,0,1763,1114,0,1410,0,1324,167,1839,1187,2169,327,607,0,1492,1075,1000,0,1840,1605,0,1415,2689,1075,0,2285,1039,1136,1061,1000,0,0,1152,1718,2094,2446,1231,1139,0,0,0,1201,1459,1790,1163
3134,0,1261,834,0,1163,2139,1249,2100,915,874,1258,910,787,0,0,0,1155,387,0,1133,1292,915,0,1383,0,0,1536,2051,0,2328,0,1268,2197,328,2240,1047,1119,0,1081,392,2096,1343,6,1697,1101,1372,999,1471,918,1402,865,296,0,328,1019,1657,1058,0,913,0,1763,914,1004,1210,915,1016,787,0,1486,1514,1439,0,1784,1351,0,1386,2029,1514,0,1348,2232,1157,2267,1345,0,0,6,1515,1866,1588,1366,40,914,0,0,1482,1551,2097,722
2005,1134,2094,906,1113,0,1222,2017,1178,1085,934,0,2327,1143,912,1109,0,1247,1061,0,1287,1574,1085,1379,2013,0,1100,1538,944,0,1189,0,2094,1273,1111,1375,1136,1531,0,1437,1292,1148,1643,1113,743,1814,1654,0,2105,1271,1182,1035,1028,1337,1155,0,2153,1857,0,2327,1126,967,1272,1189,2105,1085,1041,1143,0,1987,1870,1027,0,2366,2075,1416,1967,1321,1870,0,1135,1277,2075,1319,1627,0,0,1113,1785,1439,1884,1648,1100,1260,0,0,2105,0,1565,1296
2851,1072,1207,2137,2037,1364,0,1828,783,1749,2168,1479,1713,2084,0,1039,960,1618,2002,0,1410,1498,1749,1309,1480,0,0,2272,1929,0,1750,0,1008,910,2013,1348,2303,1154,0,2375,2187,779,1552,2037,609,933,1539,1257,1167,1147,2696,1699,1958,1048,2013,1347,1244,1166,1112,1713,1280,3057,2218,1638,1152,1749,2199,2084,909,1156,2808,2733,0,1653,1131,1318,1289,2214,2808,0,1796,915,916,1245,1513,0,0,2037,1088,2003,1796,1534,2024,1380,0,0,1413,1512,1320,2229
1994,1488,1414,1246,1034,1321,2986,0,1254,2305,1231,0,356,1102,1527,1463,1308,1882,930,0,1982,1001,2305,1807,1525,0,1263,1917,2166,1070,2033,1216,1414,3033,905,1363,1241,1622,0,1387,1094,1216,928,1210,2601,740,995,0,1425,1624,1222,2255,2260,1461,917,1120,1768,1177,0,356,1787,1222,1435,2426,1425,2305,1631,1350,1001,1307,1110,1531,1100,1985,408,1526,1287,1205,1331,1423,2371,913,1360,2915,1150,1131,1184,1201,1162,1842,1505,953,1003,1614,1256,0,1425,0,1497,1107
2271,1812,1646,1093,2168,975,1244,1038,0,1199,1839,1589,1765,1034,1268,1772,1408,1148,2070,1210,1579,1172,966,1827,1417,1165,1496,1375,1866,1218,1868,1336,1658,659,2144,1361,1757,1567,1099,1797,2295,35,1016,2168,933,1362,1194,1769,1515,1882,2046,969,2087,1785,2231,1882,1799,1280,1626,1765,1797,2407,944,1839,1805,1208,1152,1006,1354,1787,2143,2068,1299,1635,1101,1515,1678,2294,2143,1293,1132,211,1555,1813,1183,1305,1596,2156,1539,1699,1474,1007,2158,1878,1524,1297,1827,1616,1063,1139
2822,0,1962,1241,1125,1349,1996,1603,993,0,1284,0,1966,1208,0,0,0,879,839,0,1154,1479,0,0,1139,0,0,1182,1163,0,1502,0,2056,2093,976,962,1403,1131,0,1483,816,1180,1558,1119,1549,1738,1575,0,2067,938,1801,89,976,0,884,0,2072,1825,0,2020,0,2162,1341,558,2067,0,1411,1205,0,1949,1913,1838,0,1155,2001,0,1925,1647,1913,0,415,2119,1979,2146,1551,0,0,1119,2027,1523,1788,1569,1106,1121,0,0,2067,0,1138,979
2816,0,1395,1567,1080,1128,2479,1487,2436,1383,0,1353,1348,1513,0,0,0,1504,1100,0,0,1242,1383,0,1563,0,0,2261,1836,0,2555,0,1400,2581,1078,2899,1741,0,0,1792,1232,2432,1277,1080,2049,1560,1223,1041,1605,0,2110,1333,763,0,1114,1008,1533,1202,1124,1353,0,2471,1651,1380,1601,1383,1722,1513,0,1358,2222,2147,0,1624,1316,0,1281,2229,2222,0,1668,2593,1070,2612,1224,0,0,1080,1740,2073,973,1038,1067,0,0,0,1620,1378,2739,1406
2604,1455,0,1432,1519,0,1225,0,1919,0,1634,0,0,1276,1075,1442,0,0,1229,0,1369,0,0,1207,0,0,1323,1948,0,0,1132,0,0,1691,1236,1654,1633,1349,0,1639,995,1891,0,1198,1487,0,0,0,0,1643,1790,0,1329,1183,1020,0,0,0,0,0,1203,1456,1224,1108,0,0,1418,1323,0,0,1607,1530,0,0,0,1250,0,1614,1612,940,0,1466,0,1213,0,0,0,1445,0,1300,0,0,1482,1627,1069,0,0,0,1828,1181
2082,1734,1233,1402,1099,588,1790,692,1461,1596,1117,0,0,1022,1453,1701,1067,1112,1505,0,1582,324,1596,1745,1157,0,1197,1479,989,1021,1249,988,1233,1779,1573,1224,1362,1564,0,1024,1645,1457,403,1606,1386,914,365,1122,1244,1890,1089,1546,1526,1701,1656,1363,1259,1002,0,1041,1426,1092,1315,1687,1244,1596,1498,1032,986,1126,984,1133,0,1490,1239,1778,1102,1120,1177,1364,1642,1618,1252,1766,346,1112,962,1606,1248,1155,1061,359,1593,1878,1442,0,1244,0,1634,1258
2745,0,2298,378,860,1588,2512,1332,1249,1761,497,1056,1234,0,0,0,0,1536,683,0,0,1721,1761,0,1381,0,0,1204,1905,0,1941,0,2298,1107,748,1868,625,0,0,708,840,1031,1811,860,2082,1142,1818,0,1266,0,1029,1712,795,0,825,0,1588,1172,0,1243,0,1390,465,1412,1050,1762,575,0,0,1323,1141,1066,0,1669,1432,0,1244,2514,1141,0,1889,1166,2231,1151,1794,0,0,860,1277,1950,2040,1812,847,0,0,0,1065,1080,911,753
2916,0,1134,0,0,1101,0,1265,1532,0,0,1299,1203,0,0,0,0,0,0,0,0,1036,0,0,1503,0,0,0,1629,0,2058,0,937,1152,0,917,0,0,0,0,0,1529,1262,0,1250,1292,1213,0,1090,0,0,0,0,0,0,0,1411,1067,0,1211,0,0,0,0,1099,0,0,0,0,1398,0,0,0,1455,1344,0,1106,2675,0,0,0,1451,0,1425,1221,0,0,0,1708,2099,0,1025,0,0,0,0,1111,1323,1317,0
3759,0,1313,0,0,1339,1255,1767,1467,0,0,1194,1409,0,0,0,0,987,0,0,0,1234,0,0,1679,0,0,0,1761,0,2228,0,1083,1359,0,1065,0,0,0,0,0,1772,1497,0,1247,1793,1450,0,1478,0,1133,0,0,0,0,0,1901,1491,0,1712,0,0,0,1114,1494,0,0,0,0,1303,0,1161,0,1935,1540,0,1523,2394,0,0,0,1406,1241,1684,1208,0,0,0,1931,2287,1143,1474,0,0,0,0,1247,1210,1229,0
2707,0,0,0,0,0,1159,1083,1700,0,0,0,1289,0,0,0,0,0,0,0,0,0,0,0,1495,0,0,980,1544,0,1772,0,0,1512,0,1206,0,0,0,0,0,1396,0,0,1329,1084,0,0,0,0,1041,0,0,0,0,0,1346,0,0,1302,0,1205,0,0,0,0,0,0,0,0,0,1306,0,1362,1150,0,0,1950,907,0,0,1585,0,1442,0,0,0,0,1177,2249,0,0,0,0,0,0,0,0,1676,0
2128,1224,1789,1213,1124,698,1648,1198,950,1084,1239,0,1550,1159,0,1193,0,0,1065,0,1407,975,1084,1234,1726,0,0,1152,1248,0,1311,0,1789,1737,1118,1048,1357,1384,0,1437,1222,928,1149,1124,1178,1473,1071,0,1800,1386,1755,1034,1042,1191,1190,0,1858,1575,0,1550,1213,2120,1297,803,1800,1084,1114,1159,0,1682,1867,1126,0,2068,1592,1051,1658,1447,1867,0,912,1695,1631,1792,1052,0,0,1124,1821,1590,1440,1065,1107,1138,0,0,1800,0,1212,1297
2557,0,2068,531,446,1361,2307,1123,2267,1130,556,1018,2296,452,0,0,0,1308,0,0,0,1491,1130,0,1496,0,0,1238,1805,0,1796,0,2068,2399,230,1919,683,0,0,765,157,2263,1570,446,1877,980,1587,0,1195,0,1084,1080,556,0,149,0,1197,1837,0,2296,0,1445,618,1194,1189,1130,702,452,0,1016,1196,1121,0,1551,1225,0,1134,1923,1196,0,1259,2424,1994,2475,1563,0,0,446,1357,1779,1803,1581,433,0,0,0,1001,1043,1757,322
2357,0,0,0,0,0,0,0,1462,0,0,0,0,0,0,0,0,0,0,0,963,0,0,0,0,0,0,1347,1236,0,1448,0,0,1248,0,1413,0,1139,0,0,0,1193,0,0,0,0,0,0,0,1147,1204,0,0,0,0,0,0,0,0,0,0,1167,0,0,0,0,1106,0,0,0,0,1044,0,0,0,0,0,1951,0,0,0,1327,0,1109,0,0,0,0,0,1517,0,0,0,1133,0,0,0,0,1348,0
3292,0,1269,0,938,1554,1168,1641,1907,955,0,1654,1911,0,0,0,0,1165,0,1163,0,1412,999,0,1862,1214,0,0,1938,0,2411,0,1528,1485,0,1121,0,0,1214,1100,0,1910,1419,0,1385,1665,1666,966,1403,0,1015,1127,1211,0,0,0,2122,1418,1118,1591,0,1164,0,1307,1417,1212,0,0,0,1792,931,1031,0,2153,2076,0,1743,2576,951,0,1080,1845,1210,1862,1387,0,0,1099,2151,2981,1129,1691,1137,0,0,999,1426,1673,1271,0
2270,1521,1075,1022,1432,420,1528,456,971,1420,1028,0,807,1462,1251,1491,0,923,1329,0,1706,0,1420,1268,993,0,1034,1662,906,0,1088,0,1075,1608,1397,1201,1037,1683,0,961,1469,943,117,1432,1054,761,79,0,1086,1686,1048,1370,1350,1489,1433,919,1089,844,0,807,1511,1042,972,1510,1086,1420,1379,1462,0,968,1115,1323,0,1324,854,1298,944,1461,1109,950,1464,1606,1035,1682,178,0,0,1432,1086,1295,844,73,1419,1673,1027,0,1086,0,1630,1566
2294,0,2056,1258,1120,1349,1996,1668,1167,0,1280,0,2022,1204,0,0,0,879,835,0,1207,1479,0,0,1097,0,0,1005,1145,0,1773,0,2056,2093,971,963,1402,1184,0,1482,812,1146,1558,1120,1549,1738,1575,0,2067,982,1800,89,977,0,883,0,2071,1825,0,2022,0,2161,1340,558,2067,0,1410,1204,0,1949,1912,1837,0,1129,2001,0,1925,1943,1912,0,415,2119,1979,2146,1551,0,0,1120,2027,1790,1788,1569,1107,972,0,0,2067,0,1372,978
3145,0,1338,0,0,1142,1084,1496,1513,0,0,1457,1445,0,0,0,0,1022,0,0,0,1531,0,0,2060,0,0,0,1775,0,2720,0,1103,1695,0,1338,0,0,0,0,0,1512,1272,0,1291,1516,1490,0,1240,0,982,0,1098,0,0,0,1597,1260,0,1454,0,1124,0,1164,1254,0,0,0,0,1596,0,1214,0,1957,1899,0,1282,2923,0,0,1134,1753,1050,1437,1242,0,0,0,1628,2798,1173,1514,0,0,0,0,1526,1222,1535,0
1488,2053,1540,1527,1670,2012,1226,1931,1712,943,1888,0,1977,1668,1815,2028,1238,2530,1239,0,2249,1716,908,1706,0,0,1509,1904,785,1560,1513,1418,1540,1238,1222,1731,1897,1842,0,1809,1214,1674,1652,1344,1103,1046,1719,1189,1551,2232,1583,1179,1446,2022,1486,1473,364,1309,1167,1977,2046,1907,1806,992,1551,2315,1672,1405,1160,1433,1764,1630,1296,603,1311,1742,1409,1707,1757,1683,2316,1562,1487,1185,2009,1102,1148,1337,1199,2063,1619,1677,1632,1836,1805,0,1551,0,2261,1640
2784,0,0,0,0,0,0,0,1407,0,0,0,0,0,0,0,0,0,0,0,1005,0,0,0,0,0,0,1361,1217,0,1701,0,0,1190,0,1151,0,985,0,0,0,1146,0,0,0,0,0,0,0,1197,978,0,0,0,0,0,0,0,0,0,0,1147,0,0,0,0,1111,0,0,0,0,1239,0,0,0,0,0,1898,0,0,0,1269,0,0,0,0,0,0,0,1773,0,0,0,980,0,0,0,0,1327,0
2913,0,1151,0,0,911,0,1525,1239,0,0,1096,1445,0,0,0,0,0,0,0,0,1249,0,0,1822,0,0,0,1647,0,2494,0,952,1360,0,0,0,0,0,0,0,1237,1262,0,1012,1293,1212,0,1338,0,0,0,0,0,0,0,1717,1300,0,1455,0,0,0,0,1116,0,0,0,0,1416,0,0,0,1468,1622,0,1118,2219,0,0,0,1418,0,1160,1010,0,0,0,1711,2100,0,1025,0,0,0,0,1128,1116,1273,0
3846,0,1438,1238,1796,1273,3242,1587,1139,979,968,1613,1786,1376,0,0,1184,1392,1701,1116,0,1376,1214,0,2300,1127,0,0,2577,0,2973,971,1739,1341,1783,1587,891,0,1316,955,1841,1152,1402,1796,1298,1642,1639,1252,1940,0,1215,941,1828,0,1858,1154,1857,1516,1160,1483,0,1576,1080,934,1942,1030,771,1376,1000,1651,1327,1252,1243,1933,2020,0,1912,2584,1327,0,1066,1131,1639,1263,1359,1219,982,1796,1788,2434,1521,1382,1783,0,0,1070,1622,1636,1420,1777
1739,1773,2573,2073,1698,1140,1597,2744,2254,1405,2217,0,1195,1578,1968,2126,1279,1033,1494,1024,2341,1094,1383,2144,1151,1007,1989,2134,0,1416,2124,1498,2573,1679,1800,2513,1839,1918,1045,2184,1775,1837,2568,1646,1843,2119,2635,974,2584,1928,1917,1203,1835,2114,1802,1435,821,2342,1018,1205,2138,2295,1729,1587,2584,1115,2320,1612,1470,2466,2144,1965,1390,654,2514,2195,2442,2333,1775,1499,1333,2100,2518,1438,2938,1423,1472,1642,2280,931,2589,2593,2011,1916,1623,1288,2584,0,2705,1516
3285,0,0,0,0,0,0,1292,1471,0,0,0,1233,0,0,0,0,0,0,0,0,0,0,0,1292,0,0,0,1710,0,2228,0,0,1300,0,973,0,0,0,0,0,1210,0,0,1134,1091,0,0,0,0,0,0,0,0,0,0,1445,0,0,1031,0,0,0,0,0,0,0,0,0,942,0,0,0,1497,1147,0,0,2422,0,0,0,1133,0,1279,0,0,0,0,1458,2288,0,0,0,0,0,0,0,0,1394,0
1300,2247,1392,2520,1927,1436,2113,2580,2257,1814,2116,1367,1034,2344,2485,2691,2140,1584,2169,1748,2911,1313,1468,2252,1312,1408,2065,2462,1968,1845,0,2070,1159,2062,2147,2257,2124,2391,1418,2042,2139,1836,1060,1892,1927,1657,1105,1495,1277,2397,2118,1855,2104,2683,1787,2088,1555,1199,1497,1250,2707,2118,2054,1540,1033,1450,2228,2372,2049,1153,2420,2613,1614,1786,2325,2766,975,1207,1997,2348,1399,1753,1452,1443,1332,1642,2039,2276,1831,1139,1548,1080,2289,2881,2475,1728,1245,1365,2385,2313
2637,0,0,0,0,0,0,1007,1614,0,0,0,1193,0,0,0,0,0,0,0,0,0,0,0,1174,0,0,1173,1241,0,1714,0,0,1423,0,1160,0,0,0,0,0,1599,0,0,1238,1221,0,0,0,0,1197,0,0,0,0,0,1277,0,0,1206,0,950,0,0,0,0,0,0,0,0,0,1034,0,1080,1076,0,0,1888,0,0,0,1239,0,1115,0,0,0,0,1338,2168,0,0,0,0,0,0,0,0,1621,0
2128,1099,0,1019,1050,1302,1217,1512,1373,2137,1159,0,1866,2166,1131,1308,0,1821,2069,0,1265,1118,2137,1332,1271,0,1150,1440,1807,0,1400,0,0,1430,2063,1745,1400,1245,0,1152,2233,1350,1054,1198,1226,1135,1121,0,11,1513,1274,2087,2036,1075,2196,0,1390,210,0,1866,1323,1509,1256,2248,11,2137,1490,1109,0,303,1357,1597,0,1625,1400,1144,64,1343,1127,0,2131,1510,410,1005,1501,0,0,989,1332,1273,605,1079,1019,1241,930,0,11,0,1617,2300
2631,1391,1418,1202,1948,1587,834,1713,424,1804,2080,1400,1584,916,1391,1641,1252,1615,1904,1033,1794,1351,1804,1404,1496,986,1126,1111,2028,1077,1707,1178,1184,0,1909,1068,2128,1472,920,2157,2076,420,1430,1948,681,946,1392,1289,1325,1770,2391,1754,1873,1368,1955,1685,1303,1315,1415,1584,1666,2752,2137,1619,1575,1804,2117,1999,1194,1289,2503,2428,1368,1749,1116,1704,1447,2116,2503,1401,1866,421,1328,1133,1368,1141,1161,1948,1323,1881,1250,1386,1937,1764,1144,0,1322,1427,1462,1011
3052,0,2036,722,269,1330,2282,1093,2242,1120,753,1024,2264,665,0,0,0,1280,289,0,0,1460,1120,0,1476,0,0,1408,1490,0,1778,0,2036,2374,0,2097,870,0,0,949,198,2238,1538,269,1848,958,1556,0,991,0,1266,1070,475,0,134,0,1432,1805,0,2264,0,1627,803,1164,985,1120,863,661,0,1224,1378,1303,0,1277,990,0,1129,1900,1378,0,1249,2399,1959,2448,1532,0,0,269,1104,1754,1768,1550,256,0,0,0,1002,1268,1936,545
3408,1323,1438,1808,2290,1139,2003,1646,1316,1162,1492,1998,1478,1962,1107,1286,1457,1266,2146,1170,1354,1450,1163,1108,2091,1390,0,1362,2080,1175,2726,1401,1445,1482,2241,0,1418,1347,1319,1482,2403,1312,1240,2290,1738,1440,1198,1676,1613,1102,1742,923,2287,1305,2339,1385,1740,1740,1271,1223,1083,2103,1787,2571,1603,1206,1460,1962,1432,1620,1854,1779,1414,1856,1744,1094,1854,2821,1854,1001,986,1473,1633,2517,1443,1163,1397,2290,1927,2604,1522,1223,2277,1103,1102,1065,1957,2030,807,2267
3418,0,1155,480,1259,941,2744,1499,2107,2187,477,1352,1128,617,0,0,0,1846,1171,0,0,1252,2187,0,1571,0,0,970,2220,0,2565,0,1159,2653,1209,1703,0,0,0,515,1310,2127,1287,1259,2382,1570,1020,1250,1605,0,836,2137,1092,0,1307,998,1857,1457,1118,1367,0,1197,319,1710,1326,2187,419,617,0,1359,948,873,0,1628,1326,0,1283,2239,948,0,2303,2259,1071,916,1234,0,0,1259,1449,2517,1175,1263,1246,0,0,0,1621,1663,1541,1250
3952,0,1249,0,926,1268,1394,1959,1893,936,0,1630,1888,0,0,0,0,1146,0,943,0,1393,980,0,2225,1190,0,0,2316,0,2887,0,1503,1778,0,1116,0,0,986,0,0,1896,1691,0,1656,1987,1360,1142,1383,0,1216,915,988,0,0,0,2097,1688,1094,1572,0,956,0,1065,1397,1189,0,0,0,1767,1111,1024,0,1763,2053,0,1719,3088,1136,0,1281,1516,1190,1527,1652,0,0,0,1761,2958,1339,1667,1123,0,0,1183,1698,1365,1268,0
2293,0,0,0,0,0,0,0,1328,0,0,0,0,0,0,0,0,0,0,0,1005,0,0,0,0,0,0,1090,1262,0,1713,0,0,1112,0,1092,0,1190,0,0,0,1081,0,0,0,0,0,0,0,990,919,0,0,0,0,0,0,0,0,0,0,0,0,0,0,0,0,0,0,0,0,1169,0,0,0,0,0,1901,0,0,0,1190,0,0,0,0,0,0,0,1767,0,0,0,979,0,0,0,0,1530,0
2700,0,1385,748,1217,2043,2839,1149,2040,2169,436,1357,1236,891,0,0,0,2007,1129,0,910,1160,2169,0,1498,0,0,881,1808,0,2467,0,1392,2549,1167,1596,335,0,0,0,1268,2397,1201,1217,2541,1469,950,1080,1596,0,711,2119,1247,0,1265,1304,1485,1411,963,1239,0,1072,706,1887,1314,2169,780,891,0,1616,823,748,0,1919,1233,0,1517,2143,823,0,2285,2558,1281,3090,949,0,0,1217,1369,1978,966,976,1204,0,0,0,1331,1671,1429,1209
3061,0,2104,625,330,1392,2335,906,2295,1087,648,1201,2329,547,0,0,0,1339,295,0,0,1527,1087,0,1466,0,0,1307,1469,0,1771,0,2104,2427,160,2012,770,0,0,849,0,2291,1606,330,1905,1153,1623,0,1166,0,1166,1037,536,0,67,0,1414,1873,0,2329,0,1527,711,1118,960,1087,770,547,0,991,1278,1203,0,1520,990,0,914,1898,1278,0,1216,2452,2030,2499,1599,0,0,330,1098,2120,1839,1617,317,0,0,0,977,1232,1850,361
2706,1811,1339,1322,2107,950,1183,1007,35,977,2249,1565,1754,1245,1266,1467,1686,1121,2076,1440,1581,1139,949,1826,1386,1384,1494,1391,2218,1461,2217,1324,1630,618,2065,1311,1742,1570,1305,1741,2237,0,989,2107,884,1098,1162,1748,1490,1561,1969,953,2038,1784,2198,1545,1763,1513,1606,1754,1487,2330,946,1791,1469,982,1163,1004,1620,1755,2081,2006,1552,1606,1292,1830,1363,2254,2081,1554,918,182,1528,1753,952,1291,1309,2107,1243,2012,1448,1183,2094,1557,1520,1275,1796,1592,1000,1370
1873,1527,984,1039,1524,521,1623,593,1227,1516,1058,0,942,1555,1045,1240,0,1045,1422,0,1714,117,1516,1537,899,0,1045,1693,1418,0,1280,0,984,1711,1490,1497,1065,1400,0,994,1562,1194,0,1524,1153,536,87,0,995,1694,1085,1466,1443,1237,1535,0,995,753,0,942,1257,1301,1202,1604,995,1516,1411,1103,0,877,1156,1133,0,1236,803,1304,853,1188,953,954,1559,1706,925,1778,279,0,0,1524,994,1276,896,45,1511,1682,1036,0,995,0,1678,1656
2582,0,1191,838,6,1160,2112,1002,2062,927,861,1447,2011,784,0,0,0,1167,379,0,0,1294,927,0,1623,0,0,1522,1988,0,2285,0,992,2193,328,2173,1023,0,0,1061,394,2058,1358,0,1672,1065,1390,1129,1161,0,1378,877,305,0,330,955,1325,1216,0,2011,0,1739,922,996,1393,927,985,784,0,1420,1490,1415,0,1428,1313,0,1321,1999,1490,0,1275,2219,1786,2275,1366,0,0,6,1217,2222,1595,1384,40,0,0,0,1413,1479,2012,698
2588,1545,1214,1698,1609,1055,604,1573,680,1432,1725,1231,1440,1644,1035,1506,1101,1264,1508,0,1673,1213,1432,1559,1332,0,1222,1075,1526,939,1596,1025,1015,842,1576,1292,1869,1371,0,1922,1648,676,1252,1609,0,1439,1254,1356,1398,1649,2244,1381,1532,1254,1659,1494,1155,1117,1007,1440,1530,2601,1782,1275,1137,1432,1794,1644,1039,1125,2352,2277,1177,1295,1585,1572,1034,1658,2352,1028,1522,837,1124,958,1229,984,1216,1609,1160,1473,1482,1248,1596,1360,1027,0,1395,1520,1232,1745
1630,1508,1252,1287,1330,1761,1126,654,1128,2122,1291,0,665,1380,1561,1484,1310,2282,1183,0,2010,907,2122,1831,1087,0,1561,1984,1602,1318,1625,1011,1252,1143,1157,1739,1300,1645,0,1216,955,1326,841,1287,2147,0,908,0,1263,1649,1564,2072,1106,1789,969,1107,1186,1021,0,665,1812,1293,1239,2233,1263,2122,1699,1402,1211,1145,1422,1341,1102,1420,296,1870,1121,943,1171,1447,2116,1211,1191,2494,1237,939,1189,1059,843,1753,1348,866,1291,1978,1550,0,1263,0,1905,1374
1913,1480,1048,1202,1499,489,1593,648,989,1491,1013,0,997,1530,1004,1200,0,1012,1397,0,1379,85,1491,1233,965,0,1003,1357,1478,0,1335,0,1048,1678,1465,1447,1232,1642,0,1148,1537,962,95,1499,1121,603,0,0,1059,1363,1042,1441,1418,1447,1507,0,1061,817,0,996,1217,1034,1148,1579,1059,1491,1356,1530,0,941,913,1316,0,1296,867,1527,917,1233,909,1106,1534,1674,987,1746,247,0,0,1499,1061,1328,964,48,1486,1352,1202,0,1059,0,1630,1631
2984,0,0,0,1206,0,1041,0,1465,0,1257,0,929,0,0,0,0,0,0,0,1167,0,0,0,984,0,0,1513,1176,0,1805,0,0,1556,0,1388,1035,946,0,1304,0,1448,0,935,1123,0,0,0,0,1155,1215,0,0,0,0,0,0,0,0,1137,0,1180,0,0,0,0,1306,0,0,0,1281,1261,0,0,1156,0,0,2034,1293,0,0,1635,0,1411,0,0,0,935,1143,1952,0,0,1174,1140,0,0,0,0,1569,0
2068,1237,11,1183,1218,1313,1409,1497,1830,2137,1329,0,1851,1048,1316,1224,0,1834,989,0,1694,1131,2137,1498,1279,0,1108,1606,1814,0,1057,0,11,1600,1197,1948,1329,1670,0,1322,965,1800,1067,1402,1158,1120,1134,0,0,1392,1742,2087,1272,1214,1196,0,1397,221,0,1851,1234,1714,1460,2249,0,2137,1694,1085,0,314,1293,1491,0,1632,1385,1548,75,1256,1296,1158,2132,1679,421,1363,1512,0,0,1158,1340,1462,616,1092,1434,1666,1308,0,0,0,2154,1184
3275,0,1518,0,1108,1535,1386,1962,1558,1133,0,1360,1564,0,0,0,0,1148,0,949,0,1396,1186,0,1848,991,0,0,2329,0,2895,0,1253,1465,0,1331,0,0,1196,0,0,1885,1403,0,1365,1991,1646,957,1681,0,1202,916,1187,0,0,0,2106,1696,915,1900,0,1140,0,1284,1406,1192,0,0,0,1778,1100,1012,0,1771,1703,0,1728,2562,931,0,1063,1821,1197,1839,1370,0,0,0,1765,2963,1115,1383,1113,0,0,983,1709,1662,1253,0
3296,969,1268,901,1374,979,2934,1476,2270,2271,673,1482,1315,1051,0,938,1257,2159,1281,997,1225,1266,2271,1186,1912,1181,0,1137,2315,0,2558,991,1539,2755,1339,1798,599,1007,1111,663,1421,2571,1311,1374,2673,1295,1259,1468,1442,995,0,2221,1408,952,1437,1218,1583,1542,1098,1089,1155,165,979,2054,1433,2271,1031,1051,1228,1754,124,97,999,1694,1576,973,1368,2207,124,0,2387,2732,1182,3226,1256,992,1193,1374,1751,2457,1089,1068,1361,994,0,0,1752,1822,1636,1368
2851,0,1994,1196,1062,1287,1980,1593,1170,93,1218,0,1947,1142,0,0,0,808,773,0,933,1417,93,0,977,0,0,1136,1453,0,1536,0,1994,2087,913,1115,1339,1105,0,1419,757,1151,1492,1062,1533,1676,1513,0,2005,1107,1737,0,923,0,828,0,916,1763,0,1947,0,2098,1280,496,2005,93,1352,1142,0,1887,1849,1774,0,1202,1939,0,1863,2027,1849,0,353,2103,1916,2130,1489,0,0,1062,1963,1551,1725,1507,1049,1095,0,0,2005,0,1327,917
2430,0,2065,866,635,1353,2302,1951,2262,711,889,1100,2293,812,0,0,0,1305,659,0,1003,1488,711,909,1197,0,0,1550,1520,0,1742,0,2065,2394,486,2191,1051,1194,0,1089,552,2258,1567,635,1871,916,1584,0,1053,983,1406,661,0,0,488,1131,1435,1834,0,2293,0,1767,950,893,1259,711,977,812,0,1278,1518,1443,0,1297,1129,919,1175,1847,1518,0,825,2419,1991,2469,1560,0,0,635,1291,2037,1800,1578,622,977,0,0,1060,1361,2031,967
3757,0,1303,0,0,1107,1266,1764,1478,0,0,1428,1408,0,0,0,0,986,0,0,0,1233,0,0,1674,0,0,0,1750,0,2221,0,1298,1652,0,1080,0,0,0,0,0,1477,1495,0,1515,1481,1198,0,1466,0,1149,0,0,0,0,0,1567,1484,0,1712,0,0,0,1119,1483,0,0,0,0,1563,0,1179,0,1593,1538,0,1514,2388,0,0,0,1710,1232,1690,1457,0,0,0,1926,2757,1135,1472,0,0,0,0,1494,1448,1504,0
3070,0,2091,713,317,1379,2322,1108,2282,1129,742,1232,2316,654,0,0,0,1326,282,0,0,1514,1129,0,1230,0,0,1401,1492,0,2158,0,2091,2414,147,2086,863,0,0,942,88,2278,1593,317,1892,1170,1610,0,990,0,1259,1079,523,0,0,0,1191,1860,0,2316,0,1620,797,1212,985,1129,857,654,0,1015,1371,1296,0,1546,1002,0,937,2309,1371,0,1258,2439,2017,2490,1586,0,0,317,1345,1766,1826,1604,304,0,0,0,1001,1264,1925,435
2705,0,0,0,1230,0,1115,1353,1558,0,1218,0,1128,0,0,0,0,0,0,0,0,1111,0,0,1219,0,0,1394,1188,0,1728,0,0,1395,0,1673,1206,0,0,1080,0,1866,0,1154,1237,1337,0,0,0,0,1471,0,936,0,0,0,1299,0,0,1377,0,1176,0,0,0,0,1231,0,0,0,1069,1260,0,1284,1423,0,0,2318,1082,0,0,1760,0,1312,0,0,0,958,1423,2236,0,0,998,0,0,0,0,0,1567,0
1651,1592,2049,1459,1372,2421,1503,2298,1489,2691,1851,0,2342,1315,1705,1574,1114,2933,1445,0,1757,2130,2691,1929,622,0,1421,2242,574,1197,1844,1057,2049,1574,1185,2102,1538,1737,0,1794,1171,1460,2090,1601,1394,1517,2157,0,2060,1744,1912,1107,1188,1893,1438,1075,0,1818,0,2342,1917,1572,1447,980,2060,2691,1970,1343,1256,1942,1449,1631,958,392,2020,1636,1918,2044,1447,1293,2691,1363,1996,1278,2393,986,1246,1320,1691,2136,2079,2115,1617,2092,1695,0,2060,0,2285,1542
1928,1515,232,1346,1278,1170,965,1340,1545,2000,1452,0,1737,970,1289,1235,0,1695,1938,0,1712,1013,1999,1521,1160,0,1076,1831,1686,0,993,0,232,1089,1939,1441,1206,1398,0,1168,2106,1253,949,1007,925,1019,1016,0,243,1404,1277,1949,1905,1229,1941,0,1272,0,0,1737,1508,1522,1107,2111,243,1999,1295,1000,0,125,1135,1601,0,1503,1284,1297,101,1405,1135,951,2052,1393,229,2250,1369,0,0,1002,1218,1301,424,974,1025,1682,1279,0,243,0,1936,930
2950,0,0,0,0,0,920,0,1346,0,930,0,0,0,0,0,0,0,0,0,926,0,0,0,967,0,0,1401,1230,0,1809,0,0,1171,0,1535,926,906,0,1164,0,1329,0,0,1216,0,0,0,0,1105,1326,0,0,0,0,0,0,0,0,0,0,1063,0,0,0,0,978,0,0,0,944,1144,0,0,0,0,0,1677,952,0,0,1493,0,1059,0,0,0,0,912,1594,0,0,0,0,0,0,0,0,1753,0
1718,1445,1243,1168,1102,593,1799,700,1470,1603,1120,0,1049,1029,1463,1417,1078,1119,1517,0,1921,334,1603,1756,1158,0,1205,1791,998,1245,1035,999,1243,1786,1582,1477,1132,1899,0,1026,1657,1466,413,1617,1396,923,375,941,1254,1573,1316,1553,1538,1417,1668,1140,1270,1012,0,0,1435,1320,1322,1699,1254,1603,1503,1254,1205,1136,1191,1133,908,1501,1249,1788,1112,1119,977,1139,1654,1627,1256,1776,356,1125,1175,1617,1255,1151,1065,369,1604,1888,1202,0,1254,0,1351,1050
3129,0,1099,0,0,1360,1060,1480,1487,0,0,1452,1723,0,0,0,0,1005,0,0,0,1251,0,0,1694,0,0,0,1770,0,2241,0,1095,1379,0,1308,0,0,0,0,0,1796,1518,0,1267,1501,1470,0,1490,0,956,0,0,0,0,0,1587,1249,0,1734,0,1093,0,1138,1248,0,0,0,0,1587,0,1184,0,1949,1557,0,1273,2408,0,0,922,1723,1040,1708,1480,0,0,0,1950,2303,960,1495,0,0,0,0,1518,1472,1505,0
3318,918,1502,863,1338,1168,2908,1476,2191,2242,637,1758,1319,1015,0,0,998,2123,1248,966,964,1258,2242,931,1579,950,0,1046,1900,0,2558,1148,1250,2688,1303,1741,563,1154,0,610,1388,2513,1077,1338,2657,1561,1249,1425,1419,944,1042,2192,1372,0,1401,1421,1899,1260,1284,1093,905,0,942,2018,1411,2242,774,1015,1179,1730,1154,1079,1161,2029,1306,922,1350,2671,1154,0,2356,2674,1158,3215,1032,1151,1144,1338,1447,2042,1285,1059,1325,1139,0,0,1428,1790,1579,1332
2808,0,1037,294,989,1813,2755,1188,1140,1949,624,1478,1089,423,0,0,0,1751,897,0,0,1174,1949,0,1496,0,0,904,2089,0,2481,0,1040,2834,948,1841,603,0,0,685,1054,1143,996,989,2298,1496,950,0,1209,0,1006,1899,1015,0,1028,0,1747,1337,0,1094,0,1367,0,1632,1459,1949,343,423,0,1507,1118,1043,0,1843,1537,0,1176,2635,1118,0,2064,2834,1153,941,1151,0,0,989,1382,2037,2257,975,976,0,0,0,1477,1507,1679,970
2266,953,1965,893,809,1257,1824,1852,1795,667,916,917,2196,839,0,923,0,766,739,0,1082,1388,667,964,1198,0,0,1128,1314,0,1860,0,1965,1950,796,2399,1078,1286,0,1116,896,1791,1461,809,1376,1647,1484,0,1976,1063,1433,617,724,927,798,0,1183,1734,0,2196,942,1794,977,0,1976,667,1004,839,0,1858,1545,1470,0,1090,1910,983,1834,1652,1545,0,555,1952,1887,1973,1460,0,0,809,1934,1500,1696,1478,796,1055,0,0,1976,944,1122,975
2039,1251,11,1433,1461,1310,1391,1495,1494,2134,1325,0,1849,1269,1327,1237,0,1831,985,0,1711,1141,2134,1515,1279,0,1347,1608,1812,0,1248,0,11,1304,1190,1936,1601,1687,0,1587,1160,1774,1077,1153,1374,1120,1144,0,0,1698,1731,2084,1042,1228,1189,0,1396,221,0,1849,1507,1704,1208,2246,0,2134,1402,1086,0,314,1285,1790,0,1630,1385,1565,75,1230,1287,1171,2129,1369,421,1104,1509,0,0,1389,1340,1182,616,1102,1423,1683,1092,0,0,0,1772,1190
2288,0,2047,1253,1113,1336,1994,1666,1000,0,1275,0,2019,1199,0,0,0,878,830,0,1004,1471,0,0,1926,0,0,1244,1347,0,1751,0,2047,2091,964,998,1397,984,0,1477,810,1186,1549,1113,1547,1729,1567,0,2058,987,1795,89,979,0,881,0,2060,1816,0,2019,0,2156,1335,558,2058,0,1405,1199,0,1940,1907,1832,0,1095,1992,0,1916,1926,1907,0,415,2117,1970,2146,1543,0,0,1111,2008,1777,1779,1561,1098,977,0,0,2058,0,1172,973
3559,0,1231,541,1238,1257,2773,1350,954,2170,504,1713,1241,678,0,0,0,922,1147,916,0,1141,2170,0,2020,920,0,665,1921,0,2691,0,1234,2493,1188,1541,492,0,0,544,1286,963,1168,1238,2430,1407,1123,1081,1403,0,865,2120,1125,0,1286,1019,1631,1564,1181,1245,0,1226,380,1765,1693,2170,0,678,0,1739,977,902,0,1715,1435,0,1367,2835,977,0,2286,1123,1386,1250,1359,0,0,1238,1554,2652,1050,1387,1225,0,0,0,1417,1742,1373,1229
3328,0,916,378,860,1588,2515,1117,1215,1751,496,1095,1246,0,0,0,0,1536,680,0,0,1721,1751,0,1696,0,0,1199,1947,0,1964,0,918,2626,748,1865,623,0,0,705,837,1213,913,860,2083,1160,1818,0,1311,0,1026,1701,795,0,825,0,1622,1208,0,1038,0,1387,465,1413,1312,1751,576,0,0,1130,1138,1063,0,1414,1451,0,1062,2538,1138,0,1878,1137,2231,942,1794,0,0,860,1567,1966,2040,1812,847,0,0,0,1101,1352,1703,753
2627,0,0,0,0,0,1098,1209,1635,0,0,0,1191,0,0,0,0,0,0,0,0,0,0,0,1401,0,0,1207,1217,0,1697,0,0,1442,0,1186,0,0,0,0,0,1341,0,0,1255,1003,0,0,0,0,1017,0,0,0,0,0,1040,0,0,998,0,976,0,0,0,0,0,0,0,0,0,1280,0,1279,1068,0,0,1873,0,0,0,1255,0,1125,0,0,0,0,1324,2153,0,0,0,0,0,0,0,0,1652,0
2364,1318,107,1235,1230,1242,1396,1464,1480,2079,1640,0,1816,1096,1157,1573,0,1759,1227,0,1484,1058,2079,1322,1226,0,1172,1995,1762,1138,955,0,107,1557,1014,1957,1642,1463,0,1338,1197,1453,994,1176,1358,1086,1061,0,118,1472,1452,2029,1058,1294,1225,0,1344,153,0,1816,1314,1433,1248,2189,118,2079,1440,1365,0,0,1307,1501,0,1579,1351,1362,39,1388,1308,1030,2082,1353,353,1078,1441,0,0,1172,1286,1100,548,1019,1198,1763,1150,0,118,0,1786,1253
2660,0,1350,1007,1489,2258,3016,1340,2664,2359,778,1330,1188,1156,0,0,0,2250,1397,0,1124,923,2359,0,1460,0,0,1223,1775,0,2003,0,1124,2829,1481,1912,704,920,0,768,1537,2660,957,1489,2741,1177,1103,1061,1561,910,124,2309,1514,0,1553,1291,1751,1371,1140,986,0,277,1084,2138,1552,2359,1131,1156,0,1578,0,209,0,1878,1194,0,1478,2103,0,0,2475,2821,1246,3308,1102,0,0,1489,1607,2341,1133,939,1476,1096,0,0,1572,1639,1750,1473
2765,993,1316,933,1404,1240,2943,1268,2304,2289,703,1848,1368,1081,0,962,1081,932,1312,1261,1245,1096,2289,1005,1969,1026,0,1170,2374,0,2163,1248,1322,2772,1370,1830,629,1237,968,693,1452,2590,1368,1404,2703,1620,1090,1523,1801,1222,97,2239,1438,976,1468,1521,1970,1325,1382,1368,980,202,1009,2069,1482,2289,1060,1081,1060,1813,209,0,1044,2105,1631,1201,1417,2718,209,0,2405,2751,1486,3243,1314,1036,1031,1404,1496,2076,1373,1347,1391,1221,0,941,1499,1557,1668,1398
2537,0,0,0,0,0,0,911,1569,0,0,0,0,0,0,0,0,0,0,0,0,0,0,0,1073,0,0,1029,1151,0,1949,0,0,1133,0,1170,0,0,0,0,0,1285,0,0,974,912,0,0,0,0,1207,0,0,0,0,0,1157,0,0,1097,0,961,0,0,0,0,0,0,0,0,0,1260,0,1189,1181,0,0,1787,0,0,0,1444,0,1269,0,0,0,0,1007,1695,0,0,0,0,0,0,0,0,1352,0
2078,1953,2221,1524,1477,2356,1368,2411,1975,956,1962,0,2456,1382,1757,1602,1128,2863,1284,0,1783,2283,935,1621,800,0,1774,2335,363,1239,1728,1304,2296,1448,1542,2241,1966,2129,0,1589,1259,1940,2243,1724,1564,1688,2310,0,2232,2139,2046,996,1567,1924,1280,1063,320,1990,0,2456,1613,1680,1526,1316,2232,906,2072,1708,1059,2114,1555,1743,984,0,2146,2007,2090,1940,1554,1605,2906,1822,2165,1208,2561,1012,1056,1423,1848,2247,2258,2268,1745,2124,1447,0,2232,0,2013,1331
1573,1889,1456,1329,1119,1482,937,609,1330,2309,1590,0,618,1185,1623,1860,1389,2127,1014,0,1719,1103,2275,1572,1253,0,1343,1673,1752,1385,1850,1299,1456,924,1196,1444,1602,1700,0,1489,1196,1070,1033,1087,2142,416,1090,957,1467,2056,1305,2259,935,1857,1210,1178,1358,1226,0,618,1880,1577,1273,2389,1467,2309,1734,1201,1290,1328,1442,1350,978,1571,0,1604,1327,913,1186,1254,2294,1181,1391,2519,1344,1004,1049,1304,1023,1732,1409,1048,1088,2044,1613,0,1467,0,1576,1187
3837,0,1148,0,0,1173,1091,1844,1829,0,0,1509,1472,0,0,0,0,1270,0,0,0,1568,0,0,2104,0,0,0,1818,0,2290,0,1381,1411,0,1321,0,0,0,0,0,1515,1575,0,1302,1548,1264,0,1282,0,1175,0,1110,0,0,0,1976,1567,0,1481,0,1113,0,1187,1296,0,0,0,0,1645,0,995,0,1662,1937,0,1597,2967,0,0,1169,1456,1315,1452,1272,0,0,0,1662,2839,1009,1551,0,0,0,0,1305,1529,1514,0
2354,1543,133,1171,1147,1274,1067,1499,1389,2138,1547,0,1808,1030,1336,1261,0,1829,939,0,1443,1085,2138,1549,1234,0,1351,1583,1735,0,1178,0,133,1198,935,1535,1550,1423,0,1256,1104,1646,1021,1094,1249,1104,1088,0,144,1431,1653,2088,973,1253,1132,0,1341,188,0,1808,1538,1630,1421,2198,144,2138,1651,1283,0,26,1224,1712,0,1554,1371,1322,0,1160,1225,1187,2121,1263,388,1194,1612,0,0,1316,1299,1320,583,1046,1115,1419,1326,0,144,0,2053,1182
1182,2414,1614,2227,2451,1596,1833,998,1899,1989,2692,1336,1353,2081,2215,2891,2355,1747,2322,1615,3112,1210,1609,2420,1547,1571,2680,3121,2181,2005,1096,2280,1623,1752,2295,2336,2704,2557,1574,2588,2292,1866,1435,2414,2002,1139,1489,1684,1517,3094,2666,1678,2230,2885,1911,1920,1804,1163,2025,1351,2909,2212,2181,1996,1486,1594,2348,2101,2262,1150,2540,2251,2159,2002,1102,2457,1400,0,2530,2108,1536,1791,1378,1490,1484,1816,2248,1992,2108,941,1752,1208,2414,2551,2206,1913,1484,1337,2452,2067
3197,0,1354,1023,1507,2300,3130,1102,2345,2328,779,1335,975,1164,0,0,1095,2287,1416,0,1148,918,2328,0,1455,0,0,1222,2144,0,2411,0,1361,2811,1533,1933,705,940,0,768,1558,2665,1151,1507,2758,1414,1098,1070,1565,1124,124,2278,1546,0,1620,1307,1747,1370,1150,1179,0,277,981,2160,1555,2328,1040,1164,0,1579,0,209,0,1877,1433,0,1479,2095,0,0,2440,2824,1035,3305,1096,0,0,1507,1325,2329,941,1129,1494,928,0,0,1304,1644,1773,1474
3414,0,0,0,0,0,0,1178,1561,0,0,1136,1129,0,0,0,0,0,0,0,0,1147,0,0,1394,0,0,0,1810,0,1944,0,0,1160,0,1208,0,0,0,0,0,1287,1152,0,1242,1198,915,0,959,0,0,0,0,0,0,0,1562,1149,0,1375,0,0,0,0,969,0,0,0,0,1245,0,0,0,1329,1515,0,983,2546,0,0,0,1214,0,1156,1116,0,0,0,1312,2416,0,935,0,0,0,0,1184,1159,1424,0
2674,930,2080,1307,1366,1316,1915,1656,937,338,1358,0,2012,1264,0,0,0,818,906,0,1304,1441,338,939,1883,0,0,1288,1103,0,1690,0,2080,2058,1217,1191,1502,1061,0,1577,870,1108,1512,1366,1520,1728,1545,0,2091,1284,1875,288,989,0,941,0,2010,1850,0,2012,1113,2236,1389,580,2091,338,1315,1264,0,1973,1987,1912,0,2205,1993,968,1951,1855,1987,0,0,2123,1878,2132,1520,0,0,1366,1959,1697,1687,1539,1353,1272,0,0,2091,0,1155,1034
2651,1439,1240,1254,2222,1661,1269,1102,184,2081,2344,1770,1877,965,1201,1698,1312,1906,2165,1098,1528,1643,2081,1451,1293,1051,1174,1367,1739,1368,2117,1496,1250,532,2145,1447,1841,1830,986,1845,2278,155,1722,2222,964,1003,1684,1354,1390,1508,2052,2031,2123,1415,2150,1457,1646,1153,1236,1877,1426,2413,2382,1901,1653,2081,930,941,1516,1634,2164,2089,1196,1508,977,1759,1525,2163,2164,1466,2110,0,1166,1658,1659,1203,1476,2222,1150,1925,1101,1678,2209,1816,1442,1160,1387,1492,1110,1064
2145,1262,373,941,958,991,1107,1298,1288,1839,1292,0,1559,1843,0,1027,0,1554,1714,0,1461,940,1839,1268,1323,0,0,1357,1819,0,1203,0,373,1100,1764,1352,1293,1437,0,1061,1857,1265,876,1824,930,1196,943,0,384,1446,1427,1789,1717,1020,1782,0,1427,308,0,1559,1256,1399,955,1882,384,1839,1148,1843,0,266,1032,1230,0,1639,1462,1089,244,1664,1250,0,1844,1408,0,929,1328,0,0,1824,1390,1294,195,901,926,1185,0,0,384,0,1524,1951
1952,1425,1199,1282,1734,1125,1276,1607,1098,1588,1843,1465,1434,953,1180,1394,1194,1297,1611,918,1542,1200,1588,1735,981,0,1401,1526,1736,1059,1743,1346,1214,678,1676,1732,1107,1844,0,2060,1754,1094,1279,1734,724,1695,1241,1168,1128,1522,2358,1538,1629,1400,1716,1585,1059,1639,1280,1434,1414,2719,1137,1401,1333,1588,1035,1138,1358,1302,2470,2395,1050,1459,1575,1753,989,1800,2470,1396,1640,1054,1121,0,1215,1065,1093,1734,1783,1299,1486,1235,1721,1516,1171,0,1122,1496,1169,1236
1905,1490,1021,1208,1328,277,1387,876,979,1334,1013,0,1085,1336,1011,1459,0,862,1204,0,1675,565,1334,1500,848,0,1220,1641,1353,0,1103,0,1021,1479,1288,1195,1021,1368,0,1147,1346,1150,479,1328,947,679,672,0,1032,1655,1040,1284,1219,1207,1295,0,950,791,0,1084,1225,1247,953,1378,1032,1334,1125,1336,0,914,912,1088,0,1173,945,1537,892,1229,908,924,1341,1526,897,1575,0,0,0,1328,957,1322,706,504,1315,1642,1211,0,1032,0,1625,1442
3097,0,0,0,0,0,0,936,1576,0,0,0,921,0,0,0,0,0,0,0,0,0,0,0,1331,0,0,1009,1178,0,1984,0,0,1378,0,1404,0,0,0,0,0,1560,0,0,1189,1134,0,0,0,0,1198,0,0,0,0,0,1191,0,0,932,0,953,0,0,0,0,0,0,0,0,0,1251,0,1223,1213,0,0,2193,0,0,0,1453,0,1286,0,0,0,0,1035,2080,0,0,0,0,0,0,0,0,1345,0
3152,0,0,0,0,0,0,980,1321,0,0,0,1161,0,0,0,0,0,0,0,0,0,0,0,1386,0,0,1186,1219,0,1688,0,0,1402,0,1157,0,0,0,0,0,1581,0,0,1007,984,0,0,0,0,988,0,0,0,0,0,1032,0,0,973,0,947,0,0,0,0,0,0,0,0,0,1245,0,1275,1267,0,0,1862,0,0,0,1222,0,1321,0,0,0,0,1081,2136,0,0,0,0,0,0,0,0,1339,0
3108,0,1187,908,6,1177,2050,995,2087,951,962,1196,2009,865,0,0,0,1177,366,0,910,1299,951,0,1615,0,0,1619,1983,0,1885,0,1195,2165,328,2273,1106,0,0,1183,398,2083,1357,6,1659,1278,1402,1129,1399,0,1482,901,313,0,333,1157,1594,1210,0,2009,0,1843,991,990,1150,951,924,865,0,1416,1594,1519,0,1718,1080,0,1090,2406,1594,0,1333,2242,1732,2315,1377,0,0,0,1210,2213,1541,1382,40,0,0,0,1409,1477,2118,685
1849,1958,1705,1422,1254,2374,1315,1495,1274,2935,1441,0,1527,1542,1414,1599,1421,2913,1123,0,1781,1556,2935,1966,1031,0,1417,2159,1534,1207,1600,1108,1705,1095,1333,1595,1750,2127,0,1654,1326,1501,1492,1470,961,867,1559,946,1716,2132,1450,2885,1069,1595,1113,1178,1137,1475,1101,1527,1614,1748,1669,2992,1716,2935,1876,1298,1096,1598,1331,1807,1216,1354,1133,2008,1576,1804,1600,1584,2945,1389,1645,3178,2613,1250,1305,1462,0,2022,1840,1517,1476,1754,1697,0,1716,0,2093,1263
1584,2310,1264,2528,2253,1191,1658,2314,2051,1839,2503,1571,956,2355,2535,2762,1863,1317,2148,1832,2468,1072,1482,2316,1782,1468,2537,2939,1124,1895,1053,1795,1538,1557,2118,2156,2084,2449,1463,2389,1755,1666,1057,1840,1779,2077,1100,1616,1211,2453,2035,1873,1687,2283,2133,1851,2043,1077,1925,953,2781,2466,2460,1811,1427,1471,2195,2374,1783,1328,1938,2508,2047,2234,2109,2351,1093,1009,1928,2000,1405,1594,1563,1569,1094,1723,1769,1832,2237,0,1356,1301,1836,2950,2525,1775,1430,1576,2265,2350
2201,965,564,1716,1655,805,1694,1141,1221,1660,1175,0,1378,1668,0,946,0,1371,1533,0,1364,778,1660,971,1184,0,0,1260,1685,0,1282,0,564,1035,1598,1260,973,1109,0,1167,1676,1199,706,1655,1281,968,773,0,575,1347,1315,1610,1551,940,1764,0,1295,499,0,1378,1159,1064,1798,1702,575,1660,1268,1668,0,457,938,1137,0,1504,1235,1218,435,1450,1137,0,1666,1330,191,1941,1138,0,0,1655,1285,1638,0,731,1642,1104,0,0,575,0,1731,1769
1892,1504,1065,1019,1495,478,1540,637,1216,1497,1254,0,989,1506,1239,1221,0,1020,1372,0,1400,73,1497,1253,893,0,1238,1669,1397,0,1304,0,1065,1658,1442,1476,1046,1380,0,1179,1514,980,53,1495,1122,595,48,0,1076,1671,1289,1447,1389,1218,1452,0,994,835,0,989,1237,1279,1178,1541,1076,1497,1148,1506,0,958,1134,1115,0,1217,864,1285,936,1459,935,1130,1503,1702,997,1782,240,0,0,1495,1002,1077,869,0,1482,1373,1017,0,1076,0,1659,1604
2568,0,1223,934,91,1165,2042,1211,2075,939,984,1227,1997,887,0,0,0,1167,379,0,942,1287,939,0,1351,0,0,1641,1665,0,1896,0,1230,2153,340,2296,1128,930,0,1205,410,2071,1345,91,1647,1069,1390,972,1187,922,1504,889,301,0,345,1205,1339,1238,0,1997,0,1865,1017,978,1178,939,933,887,0,1447,1616,1541,0,1445,1313,0,1347,1998,1616,0,1321,2230,1119,2303,1365,0,0,91,1222,2217,1529,1370,0,917,0,0,1444,1514,2141,698
3265,0,1503,0,1104,1522,1143,1949,1555,928,0,1347,1555,0,0,0,0,1374,0,938,0,1385,1174,0,2218,1183,0,0,2314,0,2385,0,1498,1461,0,1332,0,0,1182,0,0,1881,1392,0,1642,1638,1633,944,1380,0,1200,906,1180,0,0,0,1732,1392,0,1564,0,943,0,1274,1393,1180,0,0,0,1460,908,1011,0,1759,1692,0,1713,3081,1121,0,1053,1504,1431,1831,1360,0,0,0,2119,2442,1333,1658,1108,0,0,973,1694,1647,1255,0
3511,0,931,0,0,0,0,1517,1261,0,0,1291,1194,0,0,0,0,0,0,0,0,1241,0,0,1495,0,0,0,1960,0,2050,0,1123,1382,0,913,0,0,0,0,0,1259,1252,0,1240,1283,995,0,1083,0,0,0,0,0,0,0,1404,1059,0,1452,0,0,0,0,1319,0,0,0,0,1389,0,0,0,1748,1335,0,1098,2665,0,0,0,1194,0,1414,1002,0,0,0,1405,2090,0,1228,0,0,0,0,1104,1315,1313,0
2296,0,0,0,0,0,0,0,1074,0,0,0,0,0,0,0,0,0,0,0,1207,0,0,0,0,0,0,1292,1067,0,1431,0,0,0,0,1286,0,979,0,0,0,1056,0,0,0,0,0,0,0,1188,0,0,0,0,0,0,0,0,0,0,0,0,0,0,0,0,0,0,0,0,0,1137,0,0,0,0,0,1584,0,0,0,961,0,0,0,0,0,0,0,1470,0,0,0,1175,0,0,0,0,1240,0
2041,1260,11,1450,1227,1295,1170,1522,1512,2157,1341,0,1878,1286,1341,1505,0,1852,1209,0,1722,1121,2157,1263,1259,0,1362,1959,1756,0,1030,0,11,1597,1210,1620,1342,1406,0,1608,1180,1487,1058,1170,1155,1132,1125,0,0,1415,1450,2107,1280,1237,1209,0,1362,221,0,1878,1257,1725,1223,2217,0,2157,1711,1330,0,314,1302,1811,0,1575,1399,1576,75,1229,1575,980,2138,1675,421,1355,1628,0,0,1167,1324,1184,616,1083,1195,1403,1333,0,0,0,2162,998
2160,1474,0,1208,1284,0,1252,0,1952,0,1665,0,0,1304,1095,1462,0,0,1260,0,1385,0,0,1476,0,0,1348,1976,0,0,1130,0,0,1723,1050,1681,1377,1649,0,1384,1020,1923,0,1225,1258,0,0,0,0,1376,1509,0,1127,1199,1046,0,0,0,0,0,1219,1482,1248,1140,0,0,1442,1119,0,0,1357,1880,0,0,0,1266,0,1614,1361,960,0,1802,0,1239,0,0,0,1223,0,1305,0,0,1254,1364,1089,0,0,0,1855,1000
2895,1259,1944,1880,2409,1296,2127,1808,1412,1374,1545,2208,1353,1100,1091,1485,1388,1464,2265,1628,1536,1349,1136,1271,1872,1603,1054,1383,2240,1154,2881,1342,1953,1552,2412,557,1471,1531,1267,1534,2573,1408,1390,2409,1878,1577,1349,1895,1783,1514,1771,1099,2404,1245,2508,1893,1892,1603,1451,1631,1246,2132,1731,929,2141,1415,1477,2059,1368,2157,1883,1808,1633,2432,1903,1254,1700,2961,1883,1179,1394,1567,1841,968,1345,1624,1617,2409,1733,2736,1433,1374,2396,1516,1087,1498,1790,2240,0,1248
2757,0,2402,709,612,1638,2508,1337,1376,1331,756,978,1041,658,0,0,0,1595,334,0,0,1758,1331,0,1358,0,0,1417,1831,0,1916,0,2402,1221,524,2116,900,0,0,977,449,1134,1837,612,2126,1138,1862,0,980,0,1276,1281,836,0,516,0,1276,1124,0,1268,0,1637,792,1550,985,1331,934,658,0,1037,1388,1313,0,1607,1434,0,979,2496,1388,0,1452,1285,2211,1024,1837,0,0,612,1526,1946,2020,1856,599,0,0,0,1206,1208,1034,0
