0,21607,35589,26477,28466,28186,25107,19745,31032,27844,34024,18469,25581,28186,34763,17328,25975,27251,26710,28489,28460,32557,30061,28268,25238,26544,26647,26188,25709,31961,25870,32487,30839,16615,23703,26036,24169,20602,34577,19038,31884,27778,27351,26590,23905,24713,20880,26095,35836,26027,24793,19570,26840,19723,28357,20821,17649,18632,27117,19425,18511,25590,20537,32258,28200,26690,16688,35378,26447,31690,20358,26251,29208,29298,21126,26509,29487,21404,23945,23889,33013,25715,18340,30923,28323,28209,28179,29202,32828,29279,32687,27895,27026,16664,24755,21290,28392,28696,29851,25569
23815,0,15010,14273,5401,6219,14408,5047,31700,8529,8855,10420,3492,13965,16291,6569,14398,5582,19519,10012,6584,6299,18298,3315,8529,16656,8529,17323,8529,8058,10779,13416,7260,4288,11109,16997,4595,9914,7671,14643,6851,11253,4804,5582,18951,8529,7098,5408,15033,8529,7374,5180,8529,19024,10879,9158,11332,14066,13964,10814,14344,14112,2720,15525,3305,5582,6499,9229,5493,6524,2747,8405,13999,5497,23481,5582,19780,18906,12518,5003,6612,14373,4254,7039,10794,19672,3810,5582,6206,6491,6340,19672,8529,14369,11231,7118,11529,13389,5504,10949
32290,13619,0,22128,15296,16098,22145,17142,49328,6440,1474,15705,6971,7523,2506,21702,7520,16088,9780,4990,16579,5521,8348,7365,6752,8956,7306,8418,6541,5428,4893,601,5302,17624,22298,8291,18017,24158,5192,19787,18205,5994,16501,16954,30422,6947,22927,15359,317,6061,7590,17579,7235,32540,4961,24285,18041,18759,20398,14985,19037,23165,16233,5640,7320,17754,19439,2027,15522,17572,16730,7596,2466,14627,37031,17561,9965,30422,22175,8591,5403,7714,18785,7670,4988,6584,9499,16680,7060,14776,5671,7093,7320,17384,6475,20648,4952,24011,17119,5885
29182,14183,24389,0,14703,4823,3029,15186,23353,16314,22294,19852,14967,27616,26817,14023,25469,14884,31827,19709,4578,14910,30487,9744,14217,27791,14147,26839,15697,17664,21856,21617,15578,16176,3387,29254,13884,5244,15953,27885,4797,24101,14106,14884,16190,14319,12193,14710,21972,14880,18100,15319,14104,15070,21207,5063,21519,25835,2586,22439,23692,1061,13823,28771,9823,14884,15680,19827,14795,5115,13367,13944,23567,14799,17858,14884,32094,16201,2307,14811,16697,25472,15053,9775,21330,23636,14914,14884,9917,6096,16259,26570,13769,23681,22152,12213,18615,1149,14806,22290
25827,4543,13879,14549,0,2607,14684,6923,34185,13478,9032,14147,4033,17265,16001,8387,19443,181,23334,14961,3005,5179,21808,3500,13478,20031,13478,19067,13478,6416,15728,13415,5868,9195,11386,18774,2173,10191,6221,19374,3220,15383,623,181,16952,13478,7337,8,15155,13478,12323,7021,13478,21485,15828,9435,14123,17573,14241,14324,19684,14388,5778,19749,3587,181,8317,8853,93,2849,5322,13354,18948,96,23999,181,21425,16997,12385,9910,5411,19490,9161,4498,15742,15757,3816,181,4148,2780,5097,16300,13478,19713,14332,7357,16477,13666,103,14344
31066,6219,17743,4823,2607,0,3801,8075,32759,7414,15722,17526,6397,22638,18586,8216,20898,707,24461,9691,413,6645,25363,5860,6974,25686,7212,22341,6871,7313,14876,17111,7036,9186,4516,22051,3041,6921,7291,25127,633,17202,2548,1357,16339,7191,7370,2404,15901,7288,9342,8082,7131,21240,14289,6872,19244,20987,3394,17739,23444,5806,6600,20917,5956,1131,9102,15059,2106,446,6537,7169,17418,1706,26088,1281,24718,16443,5607,8420,6785,23099,9497,4956,15887,19004,3628,1339,5180,1312,6502,21575,6836,21294,19414,7100,15010,4671,950,19361
27672,14311,20092,3100,14831,3801,0,15314,24944,20587,18168,19332,8568,25003,24430,14151,25461,15012,26496,15590,3691,9811,25295,8063,20587,25415,20587,24464,20587,14323,19303,21624,15170,16304,3515,24168,14012,5372,15628,25338,4000,21505,14234,15012,16318,20587,12321,14838,19960,20587,14044,15448,20587,15711,16927,5191,19000,21129,922,18021,21385,2939,13951,23802,8136,15012,15808,19715,14924,4190,13495,20463,21140,14927,18640,15012,29470,16329,2499,17019,14611,23100,16271,8582,18777,23448,15043,15012,8573,5111,9708,23959,20587,21377,19787,12341,17976,2216,14934,21976
17914,4361,18894,14469,7123,8075,14604,0,29311,10329,15307,13264,6411,15618,19707,4084,16086,7304,19013,11813,8358,9273,20104,6281,10329,19945,10329,18988,10329,16094,12580,18765,14930,5927,11305,16943,6304,10110,15530,13883,8687,13054,6526,7304,14875,10329,5994,7131,18968,10329,9175,1043,10329,16166,12680,9354,14176,16910,14160,13658,17188,14308,3161,17887,6264,7304,2424,17606,7216,8466,2629,8092,14863,7219,20486,7304,19220,14777,12304,5937,9586,15993,5893,9911,12594,14542,5500,7304,9136,8710,9316,14785,10329,17212,13032,6014,13329,13585,7227,13536
34202,34939,44756,25739,31016,29723,27493,32306,0,36543,47180,40430,35605,49506,46403,26492,50025,32359,53093,39349,32416,41735,47524,38612,36032,52160,35558,51236,36222,43275,40952,48893,38700,29742,24580,46208,28436,25336,39122,41193,32727,42322,28358,28336,16000,35921,24550,31014,49235,36881,36772,31786,35593,14830,40422,22837,39643,43677,27852,37589,39759,22046,30830,51908,38688,32132,32678,42724,30956,33200,33455,38833,47751,30489,7664,29262,53302,16067,25002,34996,42060,49912,30678,36246,40502,43848,32221,28563,36290,31420,37748,48599,35370,39679,42367,27105,44000,23542,29811,42796
25263,10539,6440,14802,13892,7414,20838,8610,40277,0,5009,7389,1021,12854,10069,12969,12358,14073,16161,2743,7827,3395,18265,1555,0,13500,0,12945,0,5196,4022,6298,4338,8556,17540,12798,13073,13573,4715,14518,7942,5011,13295,14073,22093,0,13528,13900,6459,0,1703,8743,0,24070,3596,15113,8073,11148,14717,7782,11427,15586,7133,10025,1458,14073,10063,5486,13985,7506,9628,1547,7741,13988,31462,14073,16446,24329,14309,3882,3685,12459,8522,5328,3531,13414,11271,14073,4252,6958,3534,13414,0,13289,4989,13548,3296,14373,13996,4707
30870,8855,1474,20227,9032,14265,20024,16870,42806,5009,0,14476,5503,7481,3421,19631,7548,14217,14633,3798,16264,4162,8625,5892,5303,9161,5888,8549,5080,4380,4076,1300,4090,17470,20158,8392,14404,19971,4058,17224,14717,5545,16055,15062,28472,5517,18874,9081,1452,4606,6379,17343,5810,33730,4025,20085,16630,17778,18518,13834,18072,21245,9704,6118,5848,15671,17477,1343,9202,15581,14645,6182,2157,9618,35098,14037,14916,28474,22303,7283,4083,7716,15310,6453,4076,6406,8034,14785,5748,9824,4328,6941,5879,18186,6044,20627,3892,19877,15049,5523
16757,12254,17309,21880,15592,19316,17540,12487,36683,8736,15955,0,8326,20339,16294,12735,19843,18452,11338,10219,18016,14606,13150,8633,8736,12085,8736,20430,8736,18660,12006,17625,15809,10221,18267,20283,15678,17134,16276,5183,18360,12480,14907,18413,22655,8736,13336,15912,17598,8736,7581,12620,8736,25612,12106,17411,1939,4430,21188,1477,4448,21953,11053,17510,8549,17943,13071,17540,14856,17906,11080,8751,15226,15302,27135,16018,11372,22507,18118,7715,16503,19944,10187,17040,12020,20899,14366,18142,15651,17727,16314,20899,8736,4472,12458,14873,10772,19325,17938,12176
28194,3492,6971,13580,4033,6397,8568,6411,39243,1021,5503,8326,0,9135,8225,8108,9399,6099,16014,3313,6810,2991,16032,539,601,16368,1221,13887,500,4822,4852,6752,3974,7066,8497,14989,5583,9597,4378,15624,6922,6606,5812,6541,23381,950,8772,4162,6949,989,3422,6694,1082,25705,4406,9688,8528,13982,9130,8205,14278,14416,4388,9506,448,5953,7044,5755,4390,6486,4691,1414,5937,4838,30662,5775,17936,21208,9982,3182,3304,9450,6847,4551,4499,7967,2917,6317,3501,5940,3084,8408,848,15801,6934,8645,3904,9948,5652,6877
25573,15391,7523,25056,19028,20540,22685,17214,44917,12349,7481,17424,9135,0,6917,20311,493,22131,15509,10742,23241,13554,17322,9668,12349,16257,12349,1290,12349,15025,8680,8019,15662,16773,22189,1143,18724,22402,15903,28519,21249,9610,21184,20535,33606,12349,22608,17478,7826,12349,14084,16086,12349,34889,9188,22610,17812,22281,23815,17818,22559,28224,14509,4120,9571,19819,16866,8823,17821,20672,14956,12597,7996,18404,35822,19568,15543,30396,26529,15331,15120,387,15769,18571,9273,547,17417,20241,15511,19917,15230,547,12349,22583,9588,20536,9901,27092,19496,9305
31541,14781,2506,24331,17636,20485,22165,17880,51143,9555,3421,14784,8225,6858,0,20601,6362,18455,14558,7948,21046,7523,16370,8704,9555,15305,9555,6949,9555,7773,5885,3107,7511,18097,22128,6802,18261,23422,7472,16072,21042,6815,20411,21194,31934,9555,22045,16106,2812,9555,12848,18344,9555,33791,6394,23567,17125,15426,25022,15355,15646,25252,17383,4030,8637,20278,19986,4448,16316,20394,17904,9803,4694,18616,42128,20055,14592,35166,24093,14094,7474,6463,17385,9871,6479,7418,16080,18943,9130,19196,7699,7418,9555,15769,6793,24183,7106,23946,19702,6511
19099,6223,19690,12770,8578,8216,12905,3531,29198,12471,17811,10659,8108,18428,22705,0,18898,8759,21770,14838,8413,15734,23192,7881,12471,20877,12471,20019,12471,18170,16281,21512,17082,5968,9606,19737,7759,8411,17674,16095,8768,17512,7981,8759,14994,12471,4921,8586,21745,12471,11316,2937,12471,14705,14295,7655,11571,15749,12461,11052,15980,12608,5355,22828,7884,8759,2940,20209,8671,8649,4898,12952,19351,8674,17683,8759,24218,15005,11015,7986,14679,18799,6466,16071,14355,19142,6955,8759,13747,9116,15754,17603,12471,14458,17521,4941,15312,11886,8682,18036
28629,15869,7520,28071,17640,23033,23101,17730,45388,11853,7548,16928,9399,493,6421,20828,0,22539,15013,10246,21444,15207,16826,9934,11853,15761,11853,794,11853,15211,8184,8031,14420,15692,24928,647,19134,22857,14623,28023,23807,9113,21628,23056,34120,11853,20974,17850,7827,11853,13588,18246,11853,35412,8692,23063,17316,21785,26686,17322,22063,28692,14956,3624,9837,22261,17388,8887,18189,21022,15405,12101,7500,18774,36298,21985,15047,30863,27006,14835,15376,98,16293,17103,8777,1053,17827,20624,15778,20250,14062,1053,11853,22087,9092,20996,9405,27549,19865,8809
30036,4724,17732,14730,181,707,14865,7104,29359,13659,15670,16742,6099,20080,20340,8568,20450,0,23991,15142,986,6664,22586,5560,13659,25181,13659,24117,13659,7499,15971,17137,7145,9376,11567,21590,2354,10372,7431,24303,1305,18473,804,0,15776,13659,7518,173,15913,13659,12504,7202,13659,18633,13900,9616,16652,20228,14422,16986,20510,14569,5959,20614,5652,0,8497,13729,85,1139,5503,13535,17199,82,23063,0,26723,15866,12566,10091,6833,22593,9342,5208,14023,20459,3996,0,5292,1820,6537,21068,13659,22627,18900,7537,14590,13847,77,17139
29438,17710,9780,28876,21171,26960,29203,20955,48171,14663,13276,12333,17650,15375,14712,23994,14879,26442,0,19168,25007,19141,4184,16719,15238,3119,14964,15466,16989,18695,17106,15077,19779,18439,28594,15319,22561,25960,18124,8835,27744,18036,23076,26924,37313,16475,23981,23573,14726,16452,15633,19467,15054,34800,17614,26179,11143,9271,30508,10140,9549,32379,20022,13088,16589,26146,20430,15019,23956,27110,18597,15084,16422,24597,38836,23470,34,37188,30635,15537,17507,14980,19285,22794,17700,15935,19714,24135,19366,23841,17632,15935,15436,9573,18014,26491,18327,28393,25801,17732
25848,15035,4990,17882,18388,9691,17183,10269,43369,2958,3798,8701,3313,10260,7476,13462,9764,18569,18821,0,13369,4499,20634,3852,2958,19569,2958,10352,2958,5958,2391,5050,5195,15280,15360,10205,17568,18036,5463,12575,13494,3321,17791,18569,24851,2958,14912,18395,5111,2958,3423,10402,2958,29369,1911,16523,9265,12808,16441,9095,13086,20545,13712,7432,3761,18569,11722,4777,18480,9754,14123,3206,5148,18484,34249,18569,18855,24814,19087,5541,4688,9866,15247,6900,1997,10821,15767,18569,5852,9136,4691,10821,2958,13110,3299,16333,703,19231,18491,3017
31368,6584,18272,4578,3005,413,3691,8358,29411,7827,14756,19857,6810,21086,19095,8413,23635,986,27562,14735,0,7007,25964,6273,7386,23852,7624,25225,7282,7617,16996,15996,7369,9473,4480,22597,3281,6942,7613,23303,360,17748,2766,1440,16156,7604,7484,2807,18048,7698,9750,8352,7543,19139,14833,6881,17938,21488,3132,20106,21771,5591,6938,21453,6369,1390,9387,14123,2512,537,6862,7579,17995,2104,23511,1567,25265,16268,5486,8818,7138,21504,9804,5239,14959,21548,4038,1486,5518,1520,6859,22178,7248,24020,18161,7210,14163,4453,1318,18112
29539,6299,5521,16434,5179,6645,9811,9273,37867,3395,4162,16098,2991,14938,7523,14276,13797,6664,17367,4499,7007,0,15657,3001,3298,17826,4100,15251,2938,1833,5879,5089,983,13241,14651,16521,7171,17011,1390,18760,6965,7791,7187,7351,23770,3716,14750,5179,5371,2827,5954,9528,3961,28868,5520,15504,16496,17259,9926,14303,17553,16017,7200,9744,3029,6712,9977,3715,5239,6529,7462,4350,5639,5622,30707,6594,17632,26235,16735,6074,316,15367,9823,2512,5618,9043,4357,7152,1617,5662,200,9559,3802,17626,8234,14522,5052,16087,6256,7954
27275,16601,8348,27661,19787,23012,27879,18240,52379,18442,8625,14182,14545,17224,16561,21043,16728,24893,3795,21017,23557,17256,0,16815,15195,1065,13604,17315,15348,16899,18955,8906,17835,17800,24819,17168,23501,25048,16340,10684,23700,19885,21805,25434,33115,14921,25514,22033,8664,13403,17482,18706,13678,37730,19463,27836,12992,11120,26388,11989,11398,31117,18908,14937,15130,24628,17888,9935,22399,25480,19401,15165,18271,20910,38365,22097,3829,33017,26706,16985,15778,16829,16879,20919,19549,17784,20186,22781,17691,24591,17548,17784,15484,11422,19863,23177,20176,29967,21998,19581
25648,3315,7365,9744,3500,5860,8063,6281,35033,1555,5892,8633,539,9668,8704,7881,9934,5560,18427,3852,6273,3001,15256,0,1120,17147,1583,16084,1030,4800,5391,7115,3976,7005,8020,14305,5095,9201,4386,17794,6388,7141,5305,6007,22788,1406,8444,3626,7326,1500,3838,6545,1458,25179,4945,9285,8803,15953,8601,8550,14770,13752,4218,14644,100,5416,6976,6048,3852,5953,4498,1701,6431,4299,27350,5239,18712,20677,9504,3442,3316,9983,6841,4264,5038,8502,2386,5783,3251,5424,3061,8940,1172,16338,7464,8304,4443,9435,5113,7414
27817,10539,6752,15670,13892,6974,20838,8610,39713,0,5303,7389,601,12854,10069,12969,12358,14073,16795,2743,7386,3298,13786,1120,0,14078,0,12945,0,5124,4022,6580,4266,8556,17540,12798,13073,16345,4658,14891,7506,5011,13295,14073,21598,0,13528,13900,6755,0,1703,8743,0,23619,3596,15589,8073,14626,20395,7782,14952,16545,7133,10025,1021,14073,10063,5692,13985,7072,9628,1547,7741,13988,30974,14073,17080,23788,15154,3882,3601,12459,8522,5064,3531,13414,11271,14073,3999,6539,3417,13414,0,15019,4989,13548,3296,13790,13996,4707
29255,18358,8956,30630,22077,23305,28011,18096,47325,14880,9161,13117,14851,16159,15496,23009,15663,22847,2730,19953,26288,16174,1065,15557,15517,0,15240,16250,15702,17511,17890,9504,18468,19379,27432,16103,21465,24989,16938,9619,24011,18820,24215,25679,36329,13798,23043,20245,9270,13752,16417,18557,13913,37461,18398,25203,11927,10055,29283,10924,10333,31210,17149,13872,17005,22585,17676,13874,22691,25828,19384,13957,17206,23334,41963,22333,2764,36212,29488,15920,16315,15764,18351,21479,18484,16719,20466,23005,18174,22668,18118,16719,15752,10357,18798,25444,19111,30101,22263,18516
24177,10539,7306,15592,13892,7212,20838,8610,39191,0,5888,7389,1221,12854,10069,12969,12358,14073,16493,2743,7624,4100,14994,1583,0,13827,0,12945,0,5928,4022,7181,5070,8556,17540,12798,13073,16345,5463,15487,7778,5011,13295,14073,21080,0,13528,13900,7335,0,1703,8743,0,22988,3596,15589,8073,11148,20395,7782,11427,16367,7133,10025,1489,14073,10063,6383,13985,7356,9628,1547,7741,13988,27451,14073,16773,23203,14870,3882,4404,12459,8522,5771,3531,13414,11271,14073,4721,6913,4216,13414,0,11451,4989,13548,3296,13698,13996,4707
28863,15718,8418,29581,21015,24623,26963,17228,46487,12441,8549,17515,15306,1290,7008,22064,794,21882,15601,10833,22887,16809,17413,14593,12441,16348,12441,0,14641,16629,8771,8952,17475,18462,23949,147,22606,24087,16048,28610,23047,9701,23159,24617,35380,12441,24423,19280,8731,12441,14176,17691,12441,33174,9279,26781,17903,22372,28226,17909,22650,30171,16228,4211,14465,21621,16841,9881,21628,22470,18372,12688,8087,20206,37288,21370,15635,35267,25820,15422,16972,896,15824,18560,8968,1850,17605,24294,17238,21707,15516,1850,13328,22674,9679,24463,9992,26360,23474,9397
28335,10539,6541,14242,13892,6871,20838,8610,39923,0,5080,7389,500,12854,10069,12969,12358,14073,15414,2743,7282,2938,13925,1030,0,14246,0,13284,0,4764,4022,6344,3906,8556,17540,12798,13073,14654,4298,16857,7386,5011,13295,14073,24043,0,13528,13900,6531,0,1703,8743,0,23884,3596,14793,8073,13689,20395,7782,15414,16615,7133,10025,944,14073,10063,5408,13985,6947,9628,1547,7741,13988,28376,14073,15674,24032,15274,3882,3241,12459,8522,4745,3531,13414,11271,14073,3674,6374,3058,13414,0,15483,4989,13548,3296,15238,13996,4707
35226,8058,5428,16026,6416,7313,15787,14602,39264,5196,4380,16931,4822,16561,7773,16486,16766,7499,20605,5958,7617,1833,18625,4800,5124,19300,5928,18328,4764,0,7160,4879,859,17213,16337,18062,8450,17251,500,23029,7491,9026,8373,8260,28002,5540,18483,6363,5194,4619,7704,16446,5790,27984,6862,19062,17322,19458,15609,16582,21767,19011,8952,15213,4837,7640,15575,3404,6344,7093,9197,6182,6311,6658,32490,7561,18958,28062,16629,7896,1524,16962,16976,2406,6954,13471,5792,8086,2275,6133,1743,15625,5635,19829,9500,16516,6447,17386,7144,9135
28513,12474,4893,19830,15827,16396,17514,13381,45136,4061,4076,9147,4852,8684,5900,14772,8188,14491,17245,2454,15420,5879,19057,5391,4061,17992,4061,8775,4061,7160,0,5134,6465,12719,18974,8628,13512,19852,6682,12895,17138,1325,13921,16582,29137,4061,18103,15834,5098,4061,4155,13514,4061,30944,681,18185,9535,14004,20315,9541,14282,22641,11151,5856,5298,14284,14834,5304,15919,16493,11562,4309,3572,15923,35768,15478,17279,26384,19161,7054,6030,8289,12685,8344,492,9244,13206,14749,7319,15591,6077,9244,4061,14306,1304,18036,1592,21366,13900,1021
35807,14787,601,23826,14786,15525,19620,17025,44360,6298,1300,15991,6752,8019,3107,19518,8031,15549,13680,5050,17630,5089,8906,7115,6580,9504,7181,8952,6344,4879,5134,0,4802,19366,19805,8819,17557,23795,4667,20324,17546,6373,17694,18116,30073,6807,22641,13459,317,5879,7645,19235,7101,32254,5152,21696,18330,19231,21894,15306,17706,24999,14548,6219,7078,15590,19373,1477,13588,16919,16522,7477,2830,14121,36754,16998,13927,33154,21738,8577,4949,8220,18764,7158,5189,7044,9177,16166,6593,14164,5229,7562,7162,19636,6864,20376,5084,21286,16533,6291
33990,7260,5302,17169,5868,7036,13764,13546,42654,4338,4090,17424,3974,14210,7511,15498,15893,7145,17945,5195,7369,983,16182,3976,4266,16756,5070,15855,3906,859,6465,4802,0,14533,14173,15605,7893,16466,411,21860,7281,8356,7859,7876,24717,4681,15882,5839,5105,3761,6857,13876,4933,27219,6143,18211,17847,18375,15156,15473,20574,18458,8158,9989,4007,7244,15974,3342,5857,6862,8413,5326,5852,6205,31732,7146,18210,27292,16024,7037,670,16075,15759,2372,6238,9551,5149,7689,1858,5936,920,13338,4781,18745,8819,17239,5708,15295,6763,8486
18312,8890,19425,17077,11261,9186,17212,6003,32781,14858,15851,9076,7066,15218,19946,4378,17295,11442,20322,16342,9473,14594,19618,7005,14858,17583,14858,16751,14858,15617,17109,17571,16017,0,13914,18157,10442,12069,16616,12135,9800,17583,10664,11442,15438,14858,8836,11269,17725,14858,13704,5408,14858,18117,17209,11830,8172,11383,16769,10084,11401,16916,7689,19560,6976,11442,4361,16655,11354,9573,7149,12453,16695,11357,20638,11442,18634,15316,15323,10457,13658,17165,6823,15788,17123,14259,9829,11442,14586,9795,14681,14435,14858,11425,17561,8856,17858,16194,11365,13371
26124,11071,20231,3439,11591,4516,3574,12075,27091,17348,18289,16574,8497,24456,24389,11035,22617,11772,25944,16929,4480,13293,27355,8020,17348,24889,17348,26395,17348,14823,17215,21828,15621,13065,0,23653,10772,2133,14620,22017,4815,21042,10994,11772,13202,17348,9082,11599,20127,17348,13534,12208,17348,14728,16637,1951,16228,20159,3131,18856,22492,3278,10712,25920,8084,11772,12692,19998,11684,4937,10255,17224,21049,11687,19632,11772,26180,13213,1685,13780,13597,22599,13031,9057,16740,22954,11803,11772,8928,5792,9961,23426,17348,20393,21299,9102,17683,2556,11695,19532
28695,15422,8291,26542,20692,24304,26637,18674,50929,12294,8392,17369,13599,1143,6861,21753,647,23796,15454,10686,24906,14990,17266,15766,12294,16201,12294,147,12294,16388,8624,8819,17200,16474,26069,0,22280,26227,15804,28463,22759,9554,20717,24294,31817,12294,21871,18988,8602,12294,14029,17407,12294,32900,9132,24008,17756,22225,25314,17762,22503,29844,17562,4064,14176,21328,18256,9726,21306,22182,18048,12542,7940,21949,40802,23230,15488,31715,25524,15275,16688,749,15549,18296,9218,1704,17313,21748,18705,21423,16813,1704,12294,22527,9532,21907,9845,28727,23153,9250
26638,3776,16347,13776,2084,3041,13911,6150,31341,11602,15875,14225,5583,20637,20127,7614,21088,2265,24866,13085,3281,7171,21323,5095,11602,23659,11602,20511,11602,8450,14892,15929,7893,7316,10612,20215,0,9417,8250,19632,3624,17112,1487,2265,15742,11602,6563,2092,17907,11602,10447,6247,11602,16801,13952,8661,15477,17783,13467,16074,19898,13615,5011,21825,5162,2265,7543,14295,2177,3464,4555,11478,16803,2180,21307,2265,25136,14321,12021,8031,7416,19141,7282,6483,13866,17296,3428,2265,6182,3939,7101,17773,11602,19906,15815,6583,14601,12892,2188,17578
22706,9061,21919,6425,9582,6921,6560,10065,22987,14960,22012,15546,9597,24691,25814,9026,25192,9763,28613,16364,6942,15434,27607,9201,15338,27542,15338,26548,13295,19013,18012,21589,18148,11055,3261,23796,8762,0,16956,22996,7290,21552,8985,9763,11192,15338,7072,9589,21871,13949,13936,10198,15338,9599,19254,1730,15054,19041,6117,17896,19260,6264,8702,24233,9243,9763,10682,22144,9674,7359,8246,15214,22420,9678,16834,9763,26179,11203,4338,11770,17397,22796,11021,14664,17554,23347,9793,9763,14261,8138,16938,21516,15338,21189,21688,7092,18682,5541,9685,20019
31372,7671,5192,17583,6221,7291,14179,14090,43119,4715,4058,17939,4378,14429,7472,16036,16117,7431,19976,5463,7613,1390,18010,4386,4658,18668,5463,17688,4298,500,6682,4667,411,15076,16114,17418,8250,18688,0,20233,7510,8556,8203,8174,27752,5070,16399,6184,4976,4136,7210,15893,5326,30535,6377,17009,18376,20717,14111,17550,19087,17143,8569,13298,4417,7545,16573,3192,6189,7099,8823,5721,5918,6525,35507,7454,20266,27805,18138,7423,1075,14797,16355,2500,6470,9724,5529,7991,2143,6157,1331,14958,5180,21125,9026,16156,5957,15682,7058,8672
17273,16139,17953,25300,21353,22798,22990,15301,45402,16001,18984,6165,17220,22104,17714,17739,21608,22050,9071,12434,25684,20677,10883,16145,16413,9818,14051,22195,15295,20894,13771,18440,19833,12471,24267,22048,21638,20864,22300,0,26038,14245,22379,22074,30362,15838,20525,19658,18298,16715,9976,14219,15675,27761,13871,21120,5585,1606,24664,4483,1884,27936,14451,19275,17657,23816,15320,20826,22123,25509,16222,15336,16206,22650,34564,23525,9105,30172,25940,9480,19077,21709,12437,23772,13785,22664,20061,21821,20144,25196,18989,22664,14594,1908,14223,20728,12987,24772,23762,13941
28929,6851,16518,4797,3220,633,4000,8687,29693,7942,16221,20236,6922,23420,19091,8768,21600,1305,25172,14872,360,6965,26121,6388,7506,26465,7778,25402,7386,7491,15549,15920,7281,9800,4815,25084,3624,7290,7510,23624,0,19733,3114,1801,16532,7740,7844,3012,17970,7789,9930,8687,7692,21537,16493,7226,20166,21816,3345,20465,24358,5832,7232,21534,6486,1721,9715,15464,2707,448,7166,7745,18031,2323,26340,1888,28029,16649,5785,9030,7081,23880,13393,5097,16633,21717,4212,1843,5442,1358,6810,20285,7394,24385,20202,7569,15752,4695,1583,18260
25203,11904,5994,21867,13957,18960,19512,12811,46646,5182,5545,8577,6606,9494,6710,15888,8998,16761,18738,3575,19562,7791,20550,7141,5182,19485,5182,9586,5182,9026,1292,6373,8356,12149,19092,9439,15525,19554,8556,13202,17904,0,17626,19007,30669,5182,17790,14163,6257,5182,5237,14919,5182,32209,1442,21765,9490,13434,20566,8971,13712,24779,10581,6666,7044,18203,14264,6861,15980,17326,10992,7061,4382,16626,36929,16267,18772,27751,23150,6484,7938,9100,12115,14961,1357,10055,12636,18682,9230,18254,7990,10055,5182,13736,231,17776,2630,23589,16174,378
24816,3940,18186,13946,617,2548,14081,6320,31256,11766,14566,16430,5812,19220,18519,7784,19623,798,25434,13249,2766,7187,24033,5305,11766,21970,11766,21012,11766,8373,15344,16054,7859,7480,10783,22833,1570,9588,8203,20305,3114,15992,0,798,15791,11766,6734,625,18057,11766,10611,6418,11766,18681,13332,8832,16241,20344,13638,15251,20644,13785,5175,20193,5380,798,7714,14371,710,2981,4719,11642,17118,713,23631,798,23323,15850,11782,8195,7417,19638,7447,6311,14818,17773,3213,798,6098,3528,7103,20131,11766,18740,16301,6754,14766,13063,721,18084
29306,4724,18686,14730,181,1357,14865,7104,31231,12550,16601,16706,6541,22633,19230,8568,20919,0,24429,14033,1440,7351,23076,6007,12550,23299,12550,22335,12550,8260,15045,16436,7876,8206,11567,22042,2354,10372,8174,24329,1801,17246,804,0,14712,12550,7518,173,18508,12550,11395,7202,12550,17572,14453,9616,16564,22303,14422,18749,22608,14569,5959,21236,6094,0,8497,16141,85,1799,5503,12426,16331,82,24247,0,27202,16315,12566,8979,7535,23094,8172,5994,16061,19043,3996,0,6031,2601,7233,21572,12550,22623,19401,7537,15210,13847,77,17640
21689,17194,33530,16358,18683,18008,16493,16395,14517,24350,31381,24970,21214,30491,35197,14886,30957,17388,33854,27390,17807,26198,36498,20675,23805,32962,23234,32100,21814,25406,26437,33146,27243,17016,13194,35067,14282,11349,25180,27547,18221,27826,14328,16216,0,23652,16897,18733,30364,24764,22260,15882,23280,3929,28555,11110,22006,28495,16049,25901,28679,16196,16313,35915,20735,17034,15335,31440,17010,18557,15838,22866,31801,16617,6759,15507,37534,11,14060,22576,26558,30867,16389,24886,25987,32379,19865,16409,22396,19921,23679,29648,20915,28610,30737,16916,25413,15474,17776,31189
27238,10539,6947,15782,13892,7191,20838,8610,39590,0,5517,8311,950,12854,10069,12969,12358,14073,14948,2743,7604,3716,13538,1406,0,15207,0,12945,0,5540,4022,6807,4681,8556,17540,12798,13073,16345,5070,14370,7740,5011,13295,14073,21459,0,13528,13900,6968,0,1703,8743,0,25805,3596,15589,8073,11148,20395,8705,11427,16605,7133,10025,1306,14073,10063,5983,13985,7311,9628,1547,7741,13988,27885,14073,15204,21436,15157,3882,4018,12459,8522,5474,3531,13414,11271,14073,4412,6818,3838,13414,0,11451,4989,13548,3296,15298,13996,4707
18944,6847,20802,11154,7362,7370,11289,5959,27058,13124,20802,14699,8772,20512,24297,4927,23117,7542,26431,16435,7484,16257,23149,8444,13124,25397,13124,22159,13124,16769,16425,20542,17505,8841,7990,24106,6542,6795,18075,18622,7844,19608,6765,7542,16004,13124,0,7369,20793,13124,11969,6056,13124,14412,15907,6039,15885,16806,10845,15491,17021,10993,6488,22548,8469,7542,7647,19178,7454,7817,6032,13000,18968,7458,17893,7542,24193,16015,9399,9556,15129,20897,8807,15952,17614,21337,7579,7542,13860,8453,16226,19651,13124,16984,17864,40,17012,10270,7465,18262
28761,4551,13936,14557,8,2404,14692,6931,34183,12376,9081,14437,4162,19264,17752,8395,19674,173,21388,13860,2807,5179,19991,3626,12376,22313,12376,21250,12376,6363,14627,14834,5839,8032,11393,20928,2181,10198,6184,21666,3012,15610,631,173,16997,12376,7344,0,15209,12376,11221,7028,12376,19575,14726,9442,15889,17859,14248,16102,18146,14396,5785,19931,3715,173,8324,8869,85,2635,5329,12252,17847,89,26535,173,23854,17047,12392,8806,5402,19725,7998,4389,14641,15964,3823,173,4089,2557,5089,16513,12376,18173,14546,7364,15376,13673,96,16032
32514,13640,317,24216,13750,17525,21999,17210,44671,6459,1452,15967,6949,7826,2812,19729,7827,17539,13361,5111,16375,5371,8664,7326,6755,9270,7335,8731,6531,5194,5098,317,5105,19536,22183,8602,16247,24106,4976,20168,16304,6257,16383,16793,33466,6968,22918,13799,0,6058,7711,17641,7259,35840,5143,21982,16620,17343,20227,15262,17597,23026,14762,5956,7285,17576,19546,1790,15359,17340,16762,7628,2717,14473,40796,17388,13606,33471,22065,8678,5238,8019,17161,7465,5175,6876,9419,16521,6887,16039,5514,7388,7331,19517,6742,22740,5107,21636,15362,6158
28686,10539,6061,16400,13892,7288,20838,8610,40649,0,4606,8311,989,12854,10069,12969,12358,14073,14927,2743,7698,2827,14773,1500,0,15157,0,12945,0,4619,4022,5879,3761,8556,17540,12798,13073,15374,4136,15165,7789,5011,13295,14073,22468,0,13528,13900,6058,0,1703,8743,0,24523,3596,14076,8073,14993,13364,8705,13899,17331,7133,10025,1421,14073,10063,4990,13985,7347,9628,1547,7741,13988,31975,14073,16740,22457,14517,3882,3113,12459,8522,4852,3531,13414,11271,14073,3774,6737,2973,13414,0,13967,4989,13548,3296,15946,13996,4707
22495,9342,7590,16422,12695,9342,15478,10250,40529,1669,6379,5508,3422,13736,11855,11772,13240,12876,14804,3153,9750,5954,16616,3838,1669,15551,1669,13827,1669,7704,6394,7645,6857,9588,14917,13680,11876,15360,7210,9256,9930,5877,12098,12876,24535,1669,12331,12702,7711,1669,0,10383,1669,23797,3696,14126,6420,9692,16811,5902,9970,16952,8019,10908,3742,12876,11702,7257,12788,9521,8430,1545,8624,12791,31030,12876,14838,24463,16999,3540,6228,13341,9554,7924,3610,14296,10074,12876,6853,9136,6107,14296,1669,9994,5855,12351,3706,17569,12798,5573
17756,4800,19375,14500,7155,8082,14635,1043,28839,10427,15735,13000,6694,17730,20218,3820,16555,7336,21456,11910,8352,9528,20618,6545,10427,20452,10427,19498,10427,14922,12677,17452,15294,6024,11337,19185,6336,10142,14420,15672,8687,13536,6558,7336,14410,10427,5873,7163,19444,10427,9272,0,10427,15689,12777,9386,13912,16646,14192,13393,16924,14339,3258,20240,6532,7336,1638,18052,7248,8483,2726,10303,16888,7251,22055,7336,19674,15773,12746,6035,9840,18142,5990,14724,12692,15015,5532,7336,9344,8767,9566,15255,10427,16948,14927,5893,13427,13617,7258,15444
24352,10539,7235,15545,13892,7131,20838,8610,39229,0,5810,8311,1082,12854,10069,12969,12358,14073,16592,2743,7543,3961,15076,1458,0,15334,0,12945,0,5790,4022,7101,4933,8556,17540,12798,13073,16345,5326,14222,7692,5011,13295,14073,21122,0,13528,13900,7259,0,1703,8743,0,25408,3596,15589,7606,11148,20395,8705,11427,14823,7133,10025,1362,14073,10063,6283,13985,7268,9628,1547,7741,13988,27520,14073,16872,21096,14859,3882,4266,12459,8522,5633,3531,13414,11271,14073,4582,6812,4076,13414,0,11451,4989,13548,3296,13658,13996,4707
21738,20967,35865,13673,19493,19271,14255,17818,13455,26530,30604,23238,23322,31655,37243,13342,32129,20536,38355,26646,21095,26192,34232,22845,26032,33988,25336,36563,26325,30843,28075,35549,30000,16437,13362,36262,18518,9771,27705,30598,19541,29223,16950,19367,3911,23413,15318,21575,32518,27028,26228,17292,23052,0,27580,9531,24818,26179,16998,26620,29002,12998,19862,37532,25228,20127,18024,30813,19639,19797,17547,22629,33856,19302,3629,20151,34983,3922,13025,22048,29254,32011,17353,27878,27646,33800,22514,17717,27535,20992,26126,30866,22891,26235,32197,15338,27139,14978,18929,32734
25728,12472,4961,19242,15825,15748,18657,13380,44552,3592,4025,9146,4406,9096,6311,15756,8600,15320,17657,1985,16349,5520,19469,4945,3592,18404,3592,9187,3592,6862,681,5152,6143,12718,18337,9040,15006,17469,6377,13770,14965,1690,14694,15930,25908,3592,17532,15833,5143,3592,3743,13513,3592,30398,0,19442,10460,14002,17840,9540,14280,19958,11150,6267,4852,13692,14832,5196,15918,14381,11560,3840,3983,15921,35235,13451,17691,25859,20484,7053,5684,8701,12684,7965,85,9656,13204,14157,6930,14957,5716,9656,3592,14305,1669,17459,1143,18798,14669,1386
22949,9269,22034,5115,9789,6872,5250,10272,25170,13712,22137,15797,9688,24920,25974,8961,25420,9970,28853,18211,6881,17088,25256,9285,15545,27778,15545,24299,13422,17295,20043,23913,16523,11262,1951,26460,8970,585,18747,23278,7226,19747,9192,9970,11127,15545,7279,9796,24227,15515,15570,10406,15545,9535,17639,0,15309,21267,4806,16485,19516,4954,8909,26910,9329,9970,10618,20184,9882,7307,8453,15421,22581,9885,15209,9970,26398,11138,2950,11977,17470,25355,11229,14679,17725,21383,10001,9970,14300,8101,15434,21721,15545,21472,21907,7299,18864,4231,9892,20212
16013,10506,16369,19524,15565,17460,17239,10739,35969,7650,15088,1092,8528,19253,15537,10986,18757,18354,11891,9583,19771,14967,13703,8803,7650,12638,7650,19344,7650,19091,10920,16631,16193,8473,17885,19197,14043,16592,16672,5294,18297,11394,14736,18256,24254,7650,15537,14416,18318,7650,6495,10872,7650,22517,11020,16873,0,4542,18970,2100,4559,19535,9305,15019,8722,17827,11322,16485,16351,17861,9332,7665,14140,16818,29074,15916,11925,24084,17717,6629,15344,18858,8439,19054,10934,19813,13280,17995,17542,19555,16702,19813,7650,4584,11372,15557,10137,18995,17860,11090
16905,14042,17020,23440,19369,23131,23288,14276,39628,11557,16130,5703,15411,22530,17002,14289,22034,22295,9497,12860,23683,19022,11309,14474,13270,10244,11557,22621,15088,21446,14197,17449,20252,12009,22218,22474,19599,20986,18796,1391,24045,14671,18458,20236,25853,11557,18523,19684,19115,13604,10403,14409,11557,28854,14297,19296,3968,0,25136,4909,278,25892,12842,19701,14353,19781,14859,17743,20143,23524,12869,10942,13757,18745,29875,19518,9531,25688,21684,9906,17592,22135,11976,22009,14211,23090,16427,22026,20446,23243,19265,23090,11557,302,14649,18719,13414,22912,19744,14367
29887,13868,22482,2657,14388,3394,884,14871,25271,13353,20409,19224,9130,26248,22703,13708,24213,14569,27680,18121,3132,9926,29084,8601,20144,26569,20144,25610,20144,14162,18432,19864,13751,15861,3072,27901,13569,4929,15552,27184,3345,22667,13791,14569,15875,20144,11878,14395,22293,14730,15252,13678,20144,15423,19662,4748,20908,22806,0,21657,23069,2496,13508,27179,8685,14569,15365,19889,14480,3669,13052,20020,19801,14484,19677,14569,27928,15886,2056,13727,14722,24233,14652,8349,19791,24637,14599,14569,8533,4652,9798,25192,20144,25425,20891,11898,17196,1773,14491,20973
17624,14206,16516,20359,15787,19552,19862,13431,41429,9938,15248,1045,8205,20910,13932,13679,20414,18721,9705,11241,18242,15765,11517,8550,9938,10452,9938,21001,9938,18276,12577,16869,17054,11165,17108,20854,14584,16238,15923,4169,18568,13051,16809,17011,23500,9938,14055,14610,16821,9938,8783,13565,9938,24152,12677,18169,2455,3843,19649,0,4122,20486,11998,18082,8461,18233,14015,16891,15026,18094,13294,9322,15797,17079,30952,17943,9739,23358,18708,8286,16154,20515,11131,16874,12592,21470,14937,16756,15468,19667,14511,21470,9938,4146,13029,14196,11794,21860,18184,12747
16796,14320,17272,26113,17859,21271,23570,14554,43821,11836,16396,4555,15737,22808,17245,14499,22312,22605,9561,13139,23995,19346,11373,16279,13566,10308,11836,22899,13985,19749,14475,19515,18667,12288,20407,22752,18054,21228,21038,1669,22100,14949,18731,20512,26021,11836,18760,20000,19395,15319,10681,14687,11836,26313,14575,21509,3986,278,25426,4113,0,26159,13120,19980,14649,22110,15137,19856,18562,23838,13147,11220,15439,19030,29984,19798,9594,28495,21923,10184,17885,22413,12254,22335,14490,23368,18425,22332,20772,21378,19589,23368,11836,24,14927,17203,13692,23164,20028,14645
28205,14074,25531,1114,14594,5806,2920,15077,24299,17178,23416,19918,15889,25608,27832,13914,26033,14775,29378,18641,5591,17653,28233,15157,15011,28317,14850,27374,15075,17249,20542,22682,16747,16067,3278,27078,13775,5135,18894,25346,5832,22482,13997,14775,16081,15066,12084,14601,25378,15725,18684,13884,16337,14488,21997,4954,21530,23492,2477,22579,23734,0,13714,29582,15263,14775,15571,23068,14687,6125,13258,16111,22263,14690,18076,14775,32641,16092,2198,15282,16276,26020,14961,14202,20065,24229,14806,14775,14307,7100,17493,27190,15991,23715,22732,12104,19349,1040,14697,25259
22635,2474,14728,13322,6511,6600,13457,3183,33979,8442,9704,10172,4388,15992,15772,5145,16484,6692,18166,9926,6938,7200,17156,4218,8442,18901,8442,17886,8442,8952,10693,16034,8158,4040,10159,15934,5692,8964,8569,15927,7232,11167,5914,6692,17980,8442,6147,6519,16270,8442,7288,3316,8442,18021,10793,8208,11084,13818,13014,10565,14096,13161,0,16296,4208,6692,4635,13383,6604,6943,456,8319,13913,6607,24748,6692,20274,17920,11568,4847,7512,16433,4006,7864,10707,14602,4538,6692,7064,7022,7238,14995,8442,14120,11145,6167,11442,12439,6615,10863
29268,17111,5640,26104,17918,23054,26234,19714,47097,11594,6118,16669,9506,6194,5516,20712,5698,22720,12242,9987,23645,9744,14054,13287,11594,12989,11594,6285,11594,13803,7925,6219,9989,17746,23518,6138,19802,26709,14657,18358,23734,8855,22256,23405,32586,11594,24851,18083,5956,11594,11745,18363,11594,34053,8433,24415,13627,18794,24660,17063,19072,26840,17960,0,9953,22539,19632,7368,18368,20942,18481,11842,7241,20897,42268,22284,12276,35842,25463,14576,9782,5799,16901,16195,8519,6754,18120,20940,16544,22047,9939,6754,11594,19096,8833,22515,9146,28289,22067,8550
25586,3305,7320,9823,3587,5956,8136,6264,35102,1458,5848,8549,448,9571,8637,7884,9837,5652,18284,3761,6369,3029,16676,100,1021,15429,1489,15942,944,4837,5298,7078,4007,6976,8084,15624,5162,9243,4417,16020,6486,7044,5380,6094,22854,1306,8469,3715,7285,1421,3742,6532,1362,22890,4852,9329,8722,15819,8685,8461,16145,13848,4208,9953,0,5505,6948,6026,3943,6051,4492,1614,6360,4390,30192,5327,16848,20735,9569,3361,3345,9886,6802,4342,4945,8405,2471,5870,3323,5524,3095,8842,1078,16205,7366,8332,4351,9511,5205,7318
29417,4724,16109,14730,181,1131,14865,7104,29153,12550,14219,16280,5953,21844,18398,8568,20197,0,23723,14033,1390,6712,22345,5416,12550,24893,12550,23830,12550,7640,15743,17183,7244,8206,11567,23507,2354,10372,7545,21608,1721,16515,804,0,15455,12550,7518,173,15947,12550,11395,7202,12550,18262,15091,9616,16174,21802,14422,16543,20061,14569,5959,20450,5505,0,8497,13799,85,1561,5503,12426,15511,82,22709,0,23976,17125,12566,8979,6897,22306,8172,5399,13813,18315,3996,0,5402,2179,6594,20782,12550,20079,16886,7537,15549,13847,77,18629
18393,4559,17637,16056,9245,9102,16191,4793,29649,10528,15857,9103,7044,15302,18134,7252,15776,9426,18536,12011,9387,9977,19715,6976,10528,19482,10528,18562,10528,17166,12778,17577,14493,1994,12893,16564,8426,11698,15037,12313,9715,13252,8648,9426,16902,10528,8881,9253,17734,10528,9373,4926,10528,16353,12878,10942,10015,12749,15748,9496,13027,15895,3359,17812,6948,9426,0,16648,9338,9491,3386,10404,15177,9341,22664,9426,18732,15214,14302,6125,13620,17260,2493,15715,12793,14335,6623,9426,9956,9718,13280,14515,10528,13051,13230,8901,13528,15173,9349,13438
32099,9229,2027,21852,8853,13663,17888,15974,47089,5486,1343,15914,5755,8823,4448,18336,8887,15132,16553,4777,15566,3715,9935,6048,5692,15292,6383,9881,5408,3404,5304,1477,3342,18357,18144,9726,15755,20091,3192,18895,14030,6861,15839,14645,28525,5983,21137,8869,1790,4990,7257,16378,6283,33962,5196,22246,18169,19556,18045,15326,18015,20930,14750,7368,6026,15209,18349,0,8945,13467,15213,6682,3497,9335,35325,15037,15274,28545,20057,8002,3543,9057,17848,5687,5258,7747,7946,14382,5159,9266,3838,8283,6290,18116,7362,20928,4986,21506,9969,6854
29149,4636,14083,14642,93,2106,14777,7016,34119,12461,9202,16374,4390,19641,17983,8480,20047,85,21735,13945,2512,5239,20322,3852,12461,20588,12461,19623,12461,6344,14712,14976,5857,8117,11478,19331,2266,10283,6189,20073,2707,14498,716,85,18748,12461,7429,85,13936,12461,11307,7113,12461,21645,14812,9527,14835,18275,14333,16561,20458,14481,5871,20245,3943,85,8409,8945,0,2323,5414,12337,14791,3,26598,85,24237,17067,12478,8891,5449,20103,8083,4293,14726,16300,3908,85,4071,2248,5139,18578,12461,18590,14890,7449,15461,13758,7,14876
28752,6524,15943,5115,2849,446,4190,8466,30122,7506,14136,19735,6486,22784,18504,8649,23170,1139,24597,9754,537,6529,23118,5953,7072,23434,7356,24766,6947,7093,14965,15350,6862,9573,4937,24449,3464,7359,7099,23144,448,19096,2981,1799,16837,7311,7817,2635,15733,7347,9521,8483,7268,21820,15850,7307,19685,21343,3669,19942,21629,6125,6943,23082,6051,1561,9491,14843,2323,0,6894,7330,17379,1968,26653,1696,27395,16945,5991,8643,6650,21090,9868,4710,15990,21079,3807,1786,5018,983,6376,21723,6970,23867,17755,7546,15108,4988,1305,19486
22438,2453,15179,12866,6055,6537,13001,2727,30354,8421,13288,10150,4691,16484,16244,4689,16979,6236,20497,9904,6862,7462,17603,4498,8421,17587,8421,16669,8421,9197,10671,14990,8413,4018,9702,16375,5236,8507,8823,14718,7166,11146,5458,6236,17456,8421,5691,6063,15208,8421,7266,2860,8421,19340,10771,7751,11063,13796,12558,10544,14075,12705,456,16767,4492,6236,4179,13802,6148,6894,0,8297,13892,6151,21983,6236,20747,15783,11112,5080,7773,15355,3985,8036,10686,15106,3898,6236,7265,7024,7494,14056,8421,14099,11124,5711,11421,11982,6159,10841
23817,10104,7596,15369,13457,7169,20403,8175,35233,1449,6182,7876,1414,12492,9708,12534,11996,13638,16625,2947,7579,4350,13759,1701,1449,15383,1449,12584,1449,6182,4225,7477,5326,8121,17104,12437,12638,15910,5721,13915,7745,5215,12860,13638,20747,1449,13093,13465,7628,1449,1610,8308,1449,24941,3800,15153,7638,10713,19960,8270,10991,14618,6698,9664,1614,13638,9627,6682,13550,7330,9192,0,7380,13553,29856,13638,16903,22832,13232,3447,4658,12098,8087,5942,3735,13053,10836,13638,4904,6924,4460,13053,1449,11016,5193,13113,3500,13488,13561,4910
32192,15756,2466,21382,19109,15804,19180,16382,43325,7355,2157,12430,5937,7993,4694,17558,7497,15605,16554,5747,16327,5639,18366,6431,7355,17301,7355,8084,7355,6311,3685,2830,5852,15148,19097,7937,15246,20342,5918,14703,16360,4615,15531,18000,28853,7355,20906,19116,2717,7355,9090,15323,7355,30718,4193,20488,13744,15162,21824,12823,14008,24538,14433,5165,6360,17096,16728,3497,13420,15768,14844,7603,0,14003,38748,16862,16588,31770,23215,10336,5660,7599,15953,8114,3882,8553,16488,16041,7251,16256,5832,8553,7355,15563,4593,20789,4906,23128,15018,4311
26582,4639,16122,14645,96,1706,14780,7019,33604,12465,9618,16865,4838,20284,16891,8484,20692,82,22317,13948,2104,5622,23046,4299,12465,21171,12465,22271,12465,6658,14715,15564,6205,8121,11482,19915,2270,10287,6525,20551,2323,15084,719,82,18315,12465,7433,89,15952,12465,11310,7117,12465,21274,14815,9531,15259,20660,14337,15496,20974,14484,5874,18960,4390,82,8413,9335,3,1968,5418,12341,15433,0,26214,82,24878,18386,12481,8895,5821,20746,8087,4528,14730,16886,3912,82,4391,2051,5514,19221,12465,21002,15473,7453,15465,13762,5,15464
23285,25880,40814,19683,26451,23670,20544,22579,7664,28546,38684,29907,27820,39482,38223,19489,40006,25419,42804,31074,25913,33845,42284,30144,28102,38073,30256,41097,31275,35809,32452,40509,34973,22747,17812,37020,23484,15274,32216,31360,23898,33506,21441,21999,6646,30734,16234,24076,37014,29011,28154,20010,30332,3900,31969,16763,26379,32927,21687,28083,33047,16401,22454,38350,27393,25029,20563,38934,24132,24182,24229,27088,35156,23784,0,22740,42994,6657,17914,26422,34230,36165,23725,29774,32031,34897,24943,24419,32498,25399,33771,35062,27368,32951,36883,18057,31546,19652,25768,37454
29217,4724,15933,14730,181,1281,14865,7104,32251,12550,15471,17655,5775,21567,18196,8568,19947,0,25867,14033,1567,6594,24354,5239,12550,24615,12550,23553,12550,7561,14043,15422,7146,8206,11567,21076,2354,10372,7454,21345,1888,17928,804,0,17092,12550,7518,173,15776,12550,11395,7202,12550,18283,14825,9616,17542,21512,14422,16279,21821,14569,5959,20218,5327,0,8497,13643,85,1696,5503,12426,15299,82,25063,0,23723,17177,12566,8979,6785,19987,8172,5346,14958,18066,3996,0,5312,2242,6481,18604,12550,19816,16635,7537,15549,13847,77,18357
26754,17946,9965,29119,23614,27243,26738,21184,48361,14922,13533,12367,16273,15409,14746,21973,14913,24246,34,19202,27846,19433,4218,16977,15497,3153,15218,15500,17275,20895,17140,15350,20070,20538,28855,15353,22806,28853,18388,8869,25431,18070,25706,24680,34055,16757,26664,21643,14996,15188,15667,21684,15308,38557,17648,29095,11177,9304,30781,10174,9583,29615,18395,13122,18569,26426,20646,16834,21991,24855,18824,15336,16456,22572,39009,26146,0,33941,28028,15798,19588,15014,17691,23086,17734,15969,19969,24388,19631,24102,19726,15969,17294,9607,18048,24249,18361,31560,26082,17765
23590,17154,33530,16368,18733,18122,16503,16287,14577,22073,31383,24806,23375,33501,31907,14897,34016,17487,33741,27349,17930,23804,36390,22789,21583,32855,21052,31998,21805,25461,29080,30081,24762,16881,13205,34955,15784,11360,25228,27375,18349,30586,14381,14802,11,23626,16907,18788,30369,24752,22195,14311,23251,3940,28500,11121,21852,28312,16060,25744,25853,16207,16259,32519,22853,15537,16768,31461,18811,18677,17395,20716,28825,16682,6770,15585,37408,0,14614,22505,26599,33914,16265,22652,28586,29293,18051,16503,24745,18176,23716,29557,23029,25789,27806,16927,27960,15485,16210,28224
26392,12150,24441,2359,12670,5607,2494,13154,22685,15771,20236,19969,9982,24070,26555,11842,24503,12851,27795,17317,5486,15184,29435,9504,13750,26755,13492,28457,13859,18328,21118,23959,17661,14144,1698,28132,11851,3206,16456,23535,5785,21004,12073,12851,14009,13752,10161,12678,24319,16000,15424,13287,13482,12416,18585,2881,19528,23900,2051,20619,24162,2198,11791,28064,9569,12851,13499,22106,12763,5991,11334,14584,21063,12766,16254,12851,30892,14020,0,13716,17058,26979,14110,15110,18686,25049,12882,12851,15027,6917,16602,23142,18427,21901,21222,10181,19835,1475,12774,21449
21674,5181,8591,16324,9924,8420,16870,6017,38572,4224,7283,6348,3182,16118,14237,8476,15622,10105,14096,5522,8818,6074,16918,3442,4224,15853,4224,16209,4224,7896,7785,8577,7037,5963,13572,16063,9105,12377,7423,9558,9030,8259,9327,10105,20483,4224,9560,9932,8678,4224,3069,6150,4224,24301,7885,11621,6285,9994,15130,6741,10272,16843,4540,13290,3361,10105,7470,8002,10017,8643,4567,3604,11006,10020,29121,10105,14334,20419,15117,0,6375,15724,5929,7702,7800,16679,7302,10105,6671,8368,6195,16679,4224,10296,8238,9580,6075,14318,10028,7955
29953,6612,5403,15149,5411,6785,13257,9586,38161,3685,4083,14973,3304,13718,7474,16179,13950,6833,19296,4688,7138,316,17390,3316,3601,17981,4404,15398,3241,1524,6030,4949,670,15054,14986,15141,7416,15784,1075,21026,7081,7938,7417,7535,24097,4018,16675,5402,5238,3113,6228,9840,4266,26542,5684,15851,16911,19389,13358,14657,19712,17939,7512,9782,3345,6897,15012,3543,5449,6650,7773,4658,5660,5821,31057,6785,17772,24134,15477,6375,0,15543,14787,2455,5781,9170,4621,7339,1665,5762,315,9691,4112,19795,8388,16419,5228,14845,6432,8089
28342,15842,7714,28074,17684,20958,25460,17627,45285,11955,7716,17030,9450,387,6523,20720,98,20498,15115,10348,23701,13942,16927,9983,11955,15862,11955,896,11955,15390,8285,8220,14585,15574,24908,749,21096,25124,16309,28124,21666,9215,21644,20954,34021,11955,23032,17897,8019,11955,12105,16460,11955,35281,8793,23004,17418,21886,26709,17423,22164,28678,14910,3726,9886,20238,15660,9057,18240,23244,16924,12203,7601,18823,39860,22029,15149,30770,24478,14936,14103,0,16157,17242,8879,948,17878,20660,17534,20332,15659,948,11955,22188,9193,20923,9506,27549,19915,8911
16640,4890,17043,13658,9576,9497,16522,5123,33812,10858,16874,9433,6847,14307,19161,6348,14782,9757,17497,12342,9804,9823,18604,6841,10858,16650,10858,17441,10858,15402,13109,17025,14298,969,13223,17137,8757,12028,14839,12644,14762,13583,8979,9757,18064,10858,9212,9583,18915,10858,9704,5256,10858,19126,13208,11272,10345,13079,13294,9827,13357,13575,3689,18627,6802,9757,6331,16193,9668,9868,3716,10734,14474,9672,21526,9757,19498,17927,14632,6455,13416,14660,0,14297,13123,13378,6953,9757,9933,13266,9896,14919,10858,13381,13561,9232,13858,15503,9679,13278
34082,7039,7670,9775,4498,4956,8582,9911,39949,5328,6453,18780,4551,16849,9871,14582,18851,5208,20681,6900,5239,2512,18980,4264,5064,19488,5771,20456,4745,2406,8344,7158,2372,14324,9057,20166,6483,16163,2500,21568,5097,13574,6311,5994,22579,5474,14474,4389,7465,4852,7924,13359,5633,25294,7965,16178,17287,19969,8349,18598,20265,15653,7864,17849,4342,5399,14259,5687,4293,4710,8036,5942,8114,4528,32816,5346,20946,24966,13709,7702,2455,19004,15757,0,8064,16819,4196,5838,1078,3739,2313,15935,5384,20327,14142,14184,7480,9606,4892,15221
25698,12408,4988,19353,15761,14414,17037,13315,44640,3652,4076,9081,4499,9069,6284,15821,8573,15455,17630,2045,16487,5618,19442,5038,3652,18377,3652,9160,3652,6954,679,5189,6238,12653,18450,9013,14941,19348,6470,13706,15091,1776,13444,14572,28642,3652,15981,15768,5175,3652,3802,13448,3652,30471,85,19536,10396,13938,17956,9475,14216,22115,11085,6240,4945,15224,14768,5258,15853,14508,11496,3900,3956,15857,35304,13572,17664,25936,20595,6988,5781,8674,12619,8064,0,9629,13140,14276,7030,13700,5814,9629,3652,14240,1754,17543,1203,20840,13432,1472
25594,21311,6584,26051,17367,20946,21275,16027,48328,12910,6406,17985,7967,547,7477,17368,1053,18562,16070,11302,19550,9043,17882,8502,12910,16817,12910,1850,12910,14848,9240,7044,9551,15716,20826,1704,19063,21183,9724,29079,19704,10170,19588,20988,29378,12910,19359,17596,6876,12910,13060,16549,12910,30667,9748,23567,18372,22841,22353,18378,23119,26704,13248,4680,8405,20187,15799,7747,17966,19125,13705,13158,8556,18612,38463,19912,16104,32286,22727,15891,9170,948,14745,15260,9437,0,14288,18748,13920,20227,9242,0,12910,23143,10148,21341,10461,23167,19813,9866
25567,2985,9499,14809,3813,3628,14944,5583,35513,10811,8034,12657,2917,15802,14589,7106,16174,3994,21728,12294,4038,4357,18315,2386,10811,18569,10811,19403,10811,5792,13061,9177,5149,6525,11645,19081,3425,10451,5529,18201,4212,13535,3216,3994,18024,10811,7634,3821,9419,10811,9656,5716,10811,20427,13161,9695,12773,18105,14501,13051,16717,14648,4220,16441,2471,3994,7036,7946,3906,3807,3764,10687,16281,3909,27491,3994,22009,19896,13055,7240,4621,16221,6492,4196,13076,15748,0,3994,3603,3522,4306,16354,10811,16751,13513,7654,13811,13926,3917,13231
26496,4724,18384,14730,181,1339,14865,7104,31482,12550,16295,16461,6317,22309,20878,8568,22731,0,26601,14033,1486,7152,25109,5783,12550,25355,12550,22042,12550,8086,16256,17818,7689,8206,11567,23970,2354,10372,7991,24050,1843,16950,804,0,14888,12550,7518,173,18209,12550,11395,7202,12550,19527,15603,9616,16327,19985,14422,18468,20262,14569,5959,23080,5870,0,8497,15851,85,1786,5503,12426,17679,82,22156,0,26879,14973,12566,8979,7339,22770,8172,5838,15735,20663,3996,0,5848,2525,7036,21248,12550,22348,19077,7537,14884,13847,77,17344
29785,6206,7060,9917,4148,5180,8573,9136,39998,4252,5748,17250,3501,17096,9130,15152,17390,5292,21345,5852,5518,1617,19498,3251,3999,20030,4721,19000,3674,2275,7319,6593,1858,13234,8928,16971,6182,15718,2143,22202,5442,9230,6098,6031,24684,4412,15276,4089,6887,3774,6853,9344,4582,24982,6930,15761,15916,18551,8533,17048,18847,15769,7064,15011,3323,5402,9956,5159,4071,5018,7265,4904,7251,4391,29486,5312,21637,22451,13634,6671,1665,15908,9933,1078,7030,15343,3603,5848,0,4110,1433,14588,4342,20842,9650,13594,6439,9708,4916,9418
32271,6491,16285,6096,2780,1312,5111,8710,34631,6958,9824,19538,5940,21952,17416,9116,22319,1820,26277,9136,1520,5662,22311,5424,6539,24984,6913,23925,6374,6133,14146,15611,5936,9795,5792,23611,3939,8138,6157,22860,1358,16562,3528,2601,18074,6818,8453,2557,14552,6737,9136,8767,6812,23136,13571,8101,17742,21089,4652,17844,23563,7100,7022,20003,5524,2179,9718,9266,2248,983,7024,6924,14749,2051,27994,2242,26564,20033,6917,8368,5762,22409,14621,3739,15100,18352,3522,2525,4110,0,5500,20895,6511,21412,17022,8191,9744,5963,1743,18622
29657,6340,5671,14751,5097,6502,9708,9316,41604,3534,4328,14802,3084,13818,7699,14293,15499,6537,19433,4691,6859,200,15922,3061,3417,16439,4216,17101,3058,1743,6077,5229,920,13320,9961,15255,7101,15368,1331,20929,6810,7990,7103,7233,26098,3838,14722,5089,5514,2973,6107,9566,4076,28795,5716,17011,15154,17479,9798,15993,17773,15871,7238,9939,3095,6594,14637,3838,5139,6376,7494,4460,5832,5514,30641,6481,17897,26139,15063,6195,315,14207,9896,2313,5814,9242,4306,7036,1433,5500,0,9758,3906,17846,8431,14488,5247,14443,6133,8153
25309,21311,7093,24107,17966,19575,21738,16295,44095,12910,6941,17985,8408,547,7477,19402,1053,19115,16070,11302,20122,9559,17882,8940,12910,16817,12910,1850,12910,14177,9240,7562,14701,15909,21254,1704,19588,23714,13572,29079,22357,10170,18265,19572,32677,12910,21658,18201,7388,12910,13060,16814,12910,34019,9748,23940,19299,22841,22857,18378,23119,24669,13605,4680,8842,18856,15998,8283,16856,19709,15492,13158,8556,17440,38644,20505,16104,32577,25506,15891,9691,948,13536,17563,9437,0,14838,19278,16078,18958,9758,0,12910,23143,10148,19666,10461,23633,20425,9866
24521,10539,7320,15176,13892,6836,20838,8610,38984,0,5879,8311,848,12289,9504,12969,11793,14073,17013,2743,7248,3802,14049,1172,0,14292,0,14689,0,5635,4022,7162,4781,8556,17540,12233,13073,16345,5180,16085,7394,5011,13295,14073,23052,0,13528,13900,7331,0,1703,8743,0,25229,3596,15589,7606,11148,20395,8705,11427,14508,7133,9460,1078,14073,10063,6290,13985,6970,9628,1547,7176,13988,30164,14073,15691,20894,18949,3882,4112,11894,8522,5384,3531,12849,11271,14073,4342,6511,3906,12849,0,14634,4989,13548,3296,13328,13996,4707
18367,14345,19160,26100,17886,23469,23561,14578,43733,14647,16501,4579,14336,22832,17380,15936,22336,20530,9585,13163,21793,19427,11397,14824,13627,10332,11860,22923,14048,21855,14499,17816,20660,12312,22476,22776,18061,19225,19167,1693,22124,14973,20654,20526,25958,11860,18719,20030,17708,15394,10705,14711,11860,28916,14599,19481,4010,302,23068,4138,24,26137,13144,20004,14703,22130,15161,19967,20489,21655,13171,11244,14120,19055,29896,21841,9619,28424,24138,10208,17960,22437,12278,22404,14514,23392,18462,20276,18910,23600,19670,23392,13277,0,14951,18922,13716,23152,22098,14669
27284,11698,6475,24415,15796,17615,21808,12606,46696,4497,6044,8372,6934,9592,6808,15897,9096,17148,18532,3369,20016,8234,20344,7464,4497,19280,4497,9683,4497,9500,1390,6864,8819,11944,19325,9536,17430,19677,9026,12996,18329,350,17967,17602,27888,4497,19689,16032,6742,4497,5032,13544,4497,29213,1540,19876,9284,13228,23025,8765,13506,25054,10376,6764,7366,18612,14058,7362,16411,19569,10786,6855,4480,17053,33464,18334,18566,30647,23391,6279,8388,9197,11910,15586,1454,10152,12430,17308,9650,18761,8431,10152,4497,13530,0,19689,2693,21681,18257,475
19316,6867,22758,11173,7381,7100,11309,5979,24592,13144,18715,13494,8645,22634,21942,4947,23141,7562,24035,14819,7210,16006,25544,8304,13144,23085,13144,22196,13144,18204,16364,22457,15641,8861,8010,24145,6562,6815,17806,18807,7569,19592,6784,7562,16024,13144,19,7389,20632,13144,11989,6076,13144,14431,15840,6059,15905,16984,10865,15646,18960,11012,6508,24815,8332,7562,7667,18988,7474,7546,6051,13020,18862,7477,16383,7562,26727,16035,9419,9576,14897,23061,8827,15633,15917,19363,7599,7562,14983,8191,15968,21676,13144,17168,17864,0,15357,10290,7485,20110
25761,13223,4952,20516,16576,13619,16310,14131,39921,3511,3892,9897,3904,10007,7222,13892,9511,13237,18568,1174,15610,5052,20380,4443,3511,19315,3511,10098,3511,6447,1592,5084,5708,13469,16044,9951,15757,16951,5957,14521,14292,2601,15979,13801,28009,3511,15435,16584,5107,3511,4062,14264,3511,29912,1143,17116,10809,14753,18953,10290,15031,21326,11901,7178,4351,16757,15583,4986,16669,13708,12311,3759,4894,16672,34769,16757,18601,25368,17997,6094,5228,9612,13435,7480,1122,10567,13955,13504,6439,9744,5247,10567,3511,15055,2579,16926,0,20032,16680,2297
26036,13526,21785,1538,14046,4671,2373,14530,25947,15841,21907,21299,9948,24581,26393,13367,24995,14227,31293,17448,4453,14596,27189,9435,15199,27311,15097,29053,13826,15775,19386,23461,16858,15520,2731,26064,13227,4588,17284,27303,4695,21402,13449,14227,15533,13880,11537,14054,23847,14468,15940,13336,15054,13590,20719,4406,20936,25253,1929,19834,25530,1377,13167,25667,9511,14227,15024,19512,14139,4988,12711,14866,20984,14142,17830,14227,28634,15544,1651,15781,16361,24995,15486,9606,18908,25534,14258,14227,9708,5963,15919,26047,14690,25518,23896,11557,18175,0,14150,24058
27084,4647,15532,14653,103,950,14788,7027,32856,12472,13654,16275,5652,21488,17876,8491,21894,77,23409,13955,1318,6256,24246,5113,12472,24537,12472,21298,12472,7144,15320,15000,6763,8128,11489,21007,2277,10294,7058,21559,1583,17827,727,77,16128,12472,7440,96,16931,12472,11317,7124,12472,20863,13309,9538,16204,21762,14344,16499,22074,14492,5881,20021,5205,77,8420,9969,7,1305,5425,12348,16553,5,23379,77,23664,17866,12488,8902,6432,21949,8094,4892,14804,17976,3919,77,4916,1743,6133,18531,12472,20050,16565,7460,15472,13769,0,16552
28181,12148,5885,24567,15809,17567,19939,14919,47168,4893,5523,8822,6877,9310,6525,16364,8814,18890,18982,3286,19963,7954,20794,7414,4893,19729,4893,9401,4893,9135,1108,6291,8486,14737,21528,9254,15949,22065,8672,13446,20125,497,16408,19442,28298,4893,20127,14546,6158,4893,5482,14012,4893,29700,1257,22276,9734,13678,23116,9215,13956,22917,10825,6481,7318,16903,14810,6854,16396,17680,11236,5141,4197,17043,33982,16655,19016,31107,23640,6728,8089,8915,12360,13810,1172,9870,12880,19116,9418,16896,8153,9870,4893,13980,475,18246,2445,21827,18243,0
