0,543,274,313,721,355,735,702,927,910,361,590,813,256,786,906,521,204,528,906,673,339,3,742,165,211,228,958,1594,569,780,372,406,780,282,1595,372,288,386,741,819,339,838,358,401,1579,1574,771,303,827,89,385,127,393,328,284,826,256,385,866,347,897,807,171,1595,349,422,929,477,1180,796,984,337,253,423,253,929,861,836,389,597,909,183,315,739,926,901,465,474,1595,872,818,940,158,197,579,478,510,478,738
479,0,315,340,281,585,985,754,636,716,387,240,1038,410,991,1146,667,343,674,1146,878,229,476,724,351,398,411,1106,1622,468,985,697,120,332,528,1623,697,527,635,725,528,656,1078,365,131,1607,1602,976,542,390,505,396,605,400,218,530,535,433,635,648,664,1137,353,466,1623,446,438,1169,193,1667,1001,689,609,495,103,416,1111,570,545,396,703,1149,294,745,723,635,1141,472,481,1623,1112,342,1122,453,564,798,605,556,605,290
428,435,0,855,629,313,958,840,938,1017,904,474,757,63,784,992,404,44,411,992,1052,457,425,865,52,64,67,823,1764,603,784,94,472,636,330,1765,94,380,434,866,830,424,1037,44,269,1749,1744,793,395,693,287,26,91,236,446,329,837,351,434,948,431,983,628,984,1765,217,171,1015,584,1290,768,980,121,351,455,933,828,872,847,232,436,995,109,403,864,937,987,210,196,1765,958,639,839,971,289,611,333,393,333,594
186,469,160,0,710,482,707,669,972,921,86,507,758,307,726,887,565,93,572,887,613,59,183,682,117,152,160,885,1585,537,720,489,369,670,229,1586,489,235,333,682,864,443,816,262,303,1570,1565,711,250,728,212,293,309,277,48,228,871,132,333,850,450,878,669,166,1586,251,306,910,445,1183,736,1014,454,203,386,115,890,906,881,273,600,890,72,420,680,971,882,350,359,1586,853,680,901,153,307,565,502,434,502,628
489,257,515,531,0,762,938,183,293,124,578,55,976,591,944,1102,819,525,826,1102,831,425,486,475,533,578,592,1274,1242,88,938,802,308,484,481,1243,802,356,588,475,185,712,1031,545,327,1227,1222,929,601,583,515,567,516,596,414,483,192,357,588,92,719,1093,639,568,1243,643,617,1125,470,1287,954,405,783,554,363,369,1279,227,202,592,880,1105,485,809,473,292,1097,665,642,1243,1068,623,1290,555,603,549,780,744,780,442
957,763,172,812,975,0,883,1338,1219,1299,861,805,673,48,704,931,318,253,325,931,966,825,954,1457,240,90,78,734,1689,949,704,355,800,594,434,1690,355,1004,541,1458,1111,333,950,139,596,1674,1669,713,1019,602,314,169,279,236,814,436,1118,907,541,1231,340,922,573,941,1690,544,169,954,1211,1229,687,1260,317,972,783,890,739,1153,1128,232,348,934,764,431,1456,1218,926,208,194,1690,897,584,750,928,239,1321,245,235,245,923
486,809,741,751,908,741,0,1014,1254,1269,574,903,263,815,238,933,809,656,816,933,252,777,483,848,607,648,661,612,1466,882,231,818,713,1153,647,1467,818,584,554,850,1146,641,659,795,853,1451,1446,222,599,1208,531,810,578,835,766,544,1153,552,554,1198,649,924,1221,630,1467,802,861,956,789,1156,249,1370,778,552,730,549,578,1188,1163,831,705,936,635,754,848,1253,928,898,907,1467,899,1232,589,617,517,731,817,792,817,1111
795,284,542,558,55,784,1054,0,320,127,605,258,1090,618,1060,1210,841,552,848,1210,947,452,792,608,560,605,619,1298,1223,129,1054,1110,407,508,786,1224,1110,661,893,580,212,1018,1142,572,354,1208,1203,1045,906,610,821,594,818,623,441,788,219,662,893,95,1025,1201,666,684,1224,668,644,1233,776,1268,1070,430,807,859,390,674,1303,254,229,619,902,1213,512,1124,578,319,1205,690,669,1224,1176,518,1314,671,907,682,802,770,802,466
733,318,576,592,253,807,1235,464,0,458,639,292,1256,641,1252,1395,864,586,871,1395,1136,486,730,805,594,639,650,1324,1493,320,1246,918,441,540,781,1494,918,621,888,806,269,874,1330,622,388,1478,1473,1236,795,595,759,628,701,657,475,783,185,622,888,354,881,1387,651,718,1494,700,678,1418,514,1538,1263,537,841,748,424,668,1329,206,181,653,921,1399,546,972,804,198,1391,720,703,1494,1363,550,1340,705,789,879,825,800,825,498
832,321,561,595,92,810,1091,63,357,0,642,295,1129,644,1099,1249,867,589,874,1249,985,489,829,646,597,642,653,1327,1265,166,1093,1148,444,543,823,1266,1148,698,930,618,249,877,1181,625,391,1250,1245,1084,943,598,858,631,855,660,478,825,256,699,930,49,884,1240,654,721,1266,703,681,1273,814,1310,1109,467,844,896,427,711,1332,291,266,656,924,1252,549,975,616,356,1244,723,706,1266,1215,553,1343,708,944,720,828,803,828,501
120,413,423,412,659,380,639,610,852,870,0,499,691,304,659,824,541,319,548,824,546,439,117,623,269,259,276,833,1536,478,653,423,306,756,160,1537,423,170,264,623,744,380,753,453,523,1521,1516,644,185,816,146,475,240,511,428,159,751,46,264,799,387,815,904,97,1537,471,525,847,385,1120,669,976,388,138,323,29,838,786,761,507,594,827,298,365,621,851,819,583,592,1537,790,766,846,84,241,523,499,663,499,714
526,196,454,470,55,705,975,230,482,171,517,0,1011,530,981,1136,762,464,769,1136,868,364,523,520,472,517,531,1217,1219,28,975,839,319,424,518,1220,839,393,625,520,374,769,1068,484,266,1204,1199,966,638,475,552,506,553,535,353,520,381,394,625,135,776,1127,531,596,1220,582,556,1159,508,1264,991,535,722,591,302,406,1222,416,391,531,824,1139,424,867,518,481,1131,607,581,1220,1102,434,1233,583,684,594,723,685,723,382
569,895,815,831,993,702,267,1099,1340,1355,657,988,0,643,47,995,770,736,777,995,152,857,566,931,690,637,615,673,1517,967,49,780,798,1238,730,1518,780,667,637,933,1232,709,744,787,929,1502,1497,60,682,1293,614,885,661,911,846,627,1239,635,637,1284,716,986,1102,713,1518,878,813,1018,874,1241,27,1457,740,635,815,632,642,1274,1249,907,666,998,714,809,931,1339,990,975,838,1518,961,1113,653,700,628,814,725,772,725,1196
575,484,63,869,677,226,884,959,987,1066,918,522,676,0,703,932,319,93,326,932,967,882,572,975,101,46,34,735,1690,651,703,83,659,803,479,1691,83,530,715,976,879,279,951,34,318,1675,1670,712,545,744,283,53,140,253,871,481,886,498,715,997,286,923,782,998,1691,266,186,955,734,1230,687,1029,286,498,504,947,740,921,896,249,349,935,158,393,974,986,927,225,211,1691,898,793,751,985,184,892,246,454,246,643
634,961,817,892,1059,708,331,1165,1404,1421,723,1054,64,649,0,1056,776,797,783,1056,158,918,631,996,754,643,621,734,1694,1033,55,786,864,1129,796,1695,786,733,701,997,1296,717,817,793,990,1679,1674,66,748,1137,679,810,725,974,907,691,1303,701,701,1350,724,1047,1108,778,1695,939,819,1079,940,1435,39,1525,746,701,881,698,739,1338,1313,970,672,1059,775,815,995,1403,1051,858,844,1695,1022,1119,750,765,634,878,772,778,772,1262
756,868,1002,1013,782,997,727,958,976,993,845,896,579,951,551,0,1066,918,1073,125,439,1082,753,605,875,910,923,703,900,924,545,1095,907,1131,918,901,1095,855,818,577,868,890,434,1057,982,885,880,536,870,1186,806,1071,846,1097,1071,812,875,823,818,922,897,495,1242,899,901,1059,1123,27,1069,314,561,1097,1044,823,924,820,672,910,885,1093,964,4,896,1016,575,975,499,1162,1171,901,470,1141,683,886,781,679,856,952,856,1090
710,869,293,923,1082,165,1045,1105,1324,1407,972,911,849,255,876,1065,0,374,25,1065,1107,936,707,1122,361,299,281,852,1766,1056,876,469,804,798,554,1767,469,673,696,1122,1216,496,1061,259,705,1751,1746,885,688,806,432,290,490,357,925,556,1223,641,696,1336,503,1056,777,1052,1767,654,290,1088,880,1361,860,1359,434,641,889,1001,857,1258,1233,353,150,1068,875,571,1120,1323,1060,329,315,1767,1031,788,868,1039,391,873,421,449,421,947
400,478,44,197,671,369,758,779,981,1060,246,516,816,93,843,956,460,0,467,956,679,500,397,792,24,59,67,881,1702,645,843,139,480,679,302,1703,139,352,406,793,873,408,1060,166,312,1687,1682,777,367,738,263,56,63,286,489,301,880,323,406,991,415,947,678,326,1703,260,222,979,555,1254,827,1023,93,323,498,320,886,915,890,282,492,959,81,493,791,980,951,261,247,1703,922,689,897,313,265,583,388,443,388,637
1363,1566,1023,1398,1630,914,1569,1904,1632,1864,1447,1663,1344,1252,1373,1367,1187,1084,0,1367,1504,1411,1363,1709,1236,1151,1068,1188,2139,1742,1373,1243,1597,1344,1528,2140,1243,1466,1416,1711,1745,1175,1426,999,1406,2124,2119,1381,1481,1434,1189,1015,1458,1233,1398,1412,1595,1431,1414,1753,1180,1357,1321,1508,2138,1355,1023,1388,1671,1663,1355,1368,1189,1431,1611,1428,1191,1616,1591,1229,1101,1369,1348,1280,1707,1608,1361,1194,1215,2138,1333,1332,1202,1495,1091,1591,787,993,787,1449
756,869,1002,1013,783,997,727,960,977,994,845,897,579,951,551,125,1066,918,1073,0,439,1083,753,605,875,910,923,703,900,925,545,1095,908,1132,918,901,1095,855,818,577,869,890,434,1057,983,885,880,536,870,1187,806,1071,846,1096,1072,812,876,823,818,923,897,495,1243,899,901,1059,1123,27,1070,314,561,1098,1044,823,925,820,672,911,886,1092,964,4,896,1016,575,976,499,1161,1170,901,470,1142,683,886,781,679,853,952,853,1090
616,943,624,875,1041,559,315,1147,1386,1403,705,1036,149,493,117,1039,617,612,624,1039,0,901,613,978,629,487,465,811,1627,1015,110,619,846,974,778,1628,619,715,684,980,1278,580,800,659,1061,1612,1607,101,730,982,582,685,708,865,890,674,1285,683,684,1332,587,1030,953,761,1629,1011,694,1062,922,1370,128,1507,584,683,863,680,816,1320,1295,861,513,1042,758,655,978,1385,1034,733,719,1629,1005,964,827,748,475,861,345,624,345,1122
234,545,199,59,743,475,742,714,1034,1113,134,583,803,300,771,931,557,125,564,931,658,0,231,725,149,288,301,994,1632,717,765,537,415,746,277,1633,537,284,381,726,926,486,860,255,378,1617,1612,756,299,811,260,286,356,262,9,276,933,180,381,1043,493,922,654,214,1633,326,328,954,490,1229,781,1074,502,252,432,163,999,968,943,258,593,934,177,561,724,1033,926,335,344,1633,897,665,1010,201,355,613,495,419,495,704
3,509,261,289,746,323,730,707,940,957,336,596,791,246,759,919,488,194,495,919,646,315,0,718,144,201,218,917,1625,575,753,378,408,766,264,1626,378,275,368,719,832,322,848,349,398,1610,1605,744,290,831,87,377,115,389,304,263,839,243,368,886,329,910,780,166,1626,346,418,942,483,1217,769,1094,347,243,425,240,922,874,849,385,536,922,173,315,717,939,914,461,470,1626,885,791,933,153,183,545,449,545,449,724
508,628,695,706,776,729,692,737,970,987,455,626,744,769,712,872,799,611,806,872,599,732,505,0,562,649,644,873,1521,605,706,819,487,972,473,1522,819,408,576,320,862,657,801,750,754,1506,1501,697,618,1029,532,765,533,791,721,566,869,409,576,916,665,863,1085,585,1522,758,816,895,562,1170,722,1091,779,571,504,421,878,904,879,787,695,875,590,839,318,969,867,854,863,1522,838,982,889,572,657,128,531,934,531,930
382,463,52,182,656,377,749,763,966,1045,327,501,825,101,778,938,468,24,475,938,665,485,379,775,0,61,75,890,1685,630,772,130,464,664,284,1686,130,336,388,776,858,358,867,96,297,1670,1665,763,351,723,220,64,45,271,474,283,865,305,388,976,365,929,663,311,1686,245,230,961,539,1236,788,1008,75,305,483,302,895,900,875,267,500,941,66,343,774,965,933,344,255,1686,904,674,906,298,219,565,396,428,396,622
499,483,62,886,676,213,832,882,986,1065,935,521,730,46,757,968,381,59,388,968,744,899,496,898,61,0,22,793,1614,650,757,100,583,684,402,1615,100,454,509,899,878,273,1005,51,317,1599,1594,766,469,744,194,52,93,270,888,404,885,422,509,996,280,959,676,1015,1615,265,203,991,658,1266,741,1027,197,422,600,419,798,920,895,266,406,971,118,358,897,985,963,242,228,1615,934,687,809,1002,178,775,303,441,303,642
526,488,67,871,681,191,810,909,991,1070,920,526,742,34,769,982,361,67,368,982,725,884,523,925,70,22,0,807,1590,655,769,85,610,689,430,1591,85,481,537,926,883,251,1019,38,322,1575,1570,778,496,749,234,57,102,255,873,432,890,449,537,1001,258,973,681,504,1591,270,188,1005,685,1280,753,1032,237,449,627,446,812,925,900,251,420,985,127,365,924,990,977,227,213,1591,948,692,823,491,156,800,317,446,317,647
501,827,750,766,924,754,986,1030,1271,1286,589,919,846,701,814,718,825,671,832,718,701,792,498,863,622,660,673,0,1524,898,808,833,729,1171,662,1525,833,599,569,865,1163,653,635,805,864,1509,1504,799,614,1226,546,820,593,846,781,559,1170,567,569,1215,660,708,1230,645,1524,813,871,740,805,1013,824,1387,793,567,746,564,976,1205,1180,842,721,720,649,769,863,1270,712,909,918,1524,683,1241,987,632,532,746,556,802,556,1129
587,878,833,846,773,840,563,950,967,984,675,887,415,776,387,347,911,751,918,347,275,872,584,595,708,735,748,553,0,915,381,912,816,1122,748,2580,912,685,655,567,859,727,270,888,944,25,20,372,700,1177,632,903,679,926,861,645,866,653,655,913,734,338,1233,731,4513,893,954,370,892,200,397,1088,872,653,833,650,519,901,876,922,807,350,729,855,565,966,342,990,999,2433,313,1132,530,718,618,669,729,829,729,1080
504,316,637,653,190,856,952,503,930,768,702,187,989,694,959,1114,913,609,920,1114,846,547,501,504,560,697,703,1116,1461,0,953,817,325,647,496,1462,817,371,603,504,822,726,1046,675,449,1446,1441,944,616,701,530,689,531,710,536,498,829,372,603,697,734,1105,758,583,1462,760,740,1137,486,1506,969,972,777,569,342,384,1121,864,839,706,970,1117,607,825,502,929,1109,773,782,1462,1080,657,1132,570,618,578,874,853,874,605
621,948,772,879,1046,663,320,1152,1391,1408,710,1041,44,597,7,1044,721,784,728,1044,103,905,618,984,741,591,569,711,1639,1020,0,731,851,1080,783,1640,731,720,689,985,1283,671,805,748,976,1624,1619,11,735,1088,666,765,712,959,894,679,1290,688,689,1337,678,1035,1059,765,1640,926,774,1067,927,1381,19,1512,691,688,868,685,716,1325,1300,955,617,1047,762,760,982,1390,1039,813,799,1640,1010,1070,727,752,579,866,760,729,760,1249
900,776,59,825,988,329,974,1351,1232,1312,874,818,774,154,801,1001,420,103,428,959,1014,838,967,1313,111,88,93,839,1786,962,772,0,830,853,1018,1787,180,920,1063,1471,1124,422,1037,55,626,1833,1828,781,937,1055,401,86,150,202,743,957,1123,839,1063,1218,430,950,852,882,1849,570,135,983,1100,1235,756,1292,403,884,813,822,807,1158,1133,198,460,963,694,515,1312,1223,955,174,160,1849,925,863,818,869,333,1181,361,591,361,950
597,280,339,344,288,605,1004,423,745,679,392,283,1064,433,1034,1149,690,367,697,1149,922,259,594,392,375,420,434,1190,1356,262,1028,877,0,455,566,1357,877,472,674,392,637,828,1082,387,161,1341,1336,1019,712,513,623,408,600,478,248,568,644,473,674,617,836,1140,568,651,1357,487,459,1173,73,1411,1044,826,844,659,17,485,1195,679,654,474,737,1153,298,919,390,744,1145,557,566,1357,1115,465,1206,638,708,466,638,603,638,413
647,321,442,498,562,401,1140,920,823,905,546,407,1027,463,1177,1289,532,452,539,1289,1064,514,644,813,460,464,464,1057,1680,536,1089,736,444,0,703,1681,736,671,811,814,715,708,1224,436,532,1665,1660,1162,688,32,672,405,780,213,503,705,722,592,811,814,716,1281,21,633,1681,476,296,1313,851,1564,1071,757,621,635,427,575,1062,757,732,209,588,1293,452,799,812,822,1285,246,268,1681,1257,10,1073,620,616,944,666,267,666,42
321,670,603,604,856,614,552,817,1070,1058,409,712,606,664,578,708,703,497,710,708,468,631,318,492,447,495,514,771,1522,691,572,626,530,980,0,1523,626,423,183,493,962,398,637,645,700,1507,1502,563,440,1039,376,653,418,696,620,80,969,387,183,996,406,699,1069,469,1523,647,705,732,600,982,588,1146,602,385,547,384,776,1004,979,692,599,712,476,521,491,1069,704,764,773,1523,674,990,787,456,280,369,426,806,426,938
374,389,636,657,364,569,561,478,753,737,405,359,615,500,587,716,637,550,644,716,477,569,371,405,500,494,472,779,996,338,581,608,293,698,451,0,608,358,435,406,645,504,646,691,474,981,976,572,493,753,429,705,471,789,558,435,652,359,435,675,512,707,808,522,997,789,757,740,471,1057,597,838,584,438,310,371,784,687,662,785,533,720,529,647,404,752,712,857,866,997,682,708,795,509,465,238,359,612,359,656
902,796,59,743,1070,321,933,1329,1227,1313,794,900,709,150,768,952,417,103,424,952,1010,755,898,1314,111,88,93,798,1844,1044,768,180,833,874,956,1845,0,921,1064,1315,1119,418,1033,55,629,1829,1824,777,938,1058,397,86,150,198,744,958,1126,840,1065,1221,426,943,853,884,1845,573,131,976,1101,1228,752,1295,399,885,816,824,803,1161,1136,194,456,956,696,511,1313,1226,948,170,156,1845,918,864,814,871,329,1182,357,592,357,953
324,341,513,517,386,588,737,500,775,759,63,381,815,589,783,911,737,410,744,911,671,522,321,477,360,469,488,941,1417,360,777,600,171,650,291,1418,600,0,393,477,667,551,842,543,427,1402,1397,768,50,705,350,564,331,616,511,288,674,17,393,697,559,902,760,170,1418,560,615,935,250,1472,793,858,576,387,188,29,946,709,684,612,773,915,389,644,475,774,907,688,697,1418,877,660,957,157,438,316,635,728,635,608
223,584,509,513,766,458,386,728,980,968,318,624,438,383,410,541,526,406,533,541,298,540,220,567,356,394,355,631,1456,603,404,527,442,895,386,1457,527,334,0,568,872,335,471,539,612,1441,1436,395,351,954,279,560,327,612,529,268,879,296,257,906,343,532,780,376,1457,556,611,565,512,815,420,1056,503,293,459,293,597,914,889,608,422,545,385,458,566,979,537,684,693,1457,507,791,608,363,216,442,241,498,241,853
375,461,639,659,581,570,562,531,802,787,463,427,616,501,588,717,638,551,645,717,478,642,372,62,501,495,473,781,1347,406,582,609,371,770,536,1348,609,477,436,0,694,505,647,672,547,1332,1327,573,494,827,430,708,472,745,631,436,701,441,436,725,513,708,882,523,1348,698,760,741,549,991,598,881,585,439,388,438,786,736,711,741,534,720,530,648,4049,801,712,813,815,1348,682,780,796,510,466,136,360,613,360,728
1095,718,876,937,827,828,1581,1096,859,1080,988,870,1456,885,1605,1707,972,886,979,1707,1491,891,1092,1228,894,902,894,1462,2078,940,1517,1163,842,542,1150,2079,1163,1061,1258,1228,0,1121,1646,866,791,2063,2058,1590,1130,498,1123,847,1000,668,880,1152,824,1034,1258,990,1129,1698,553,1077,2079,901,739,1730,915,2133,1501,563,1055,1078,825,1017,1467,845,820,664,1021,1710,889,1222,1226,837,1703,690,711,2079,1675,538,1478,1064,1031,1302,1078,756,1078,514
235,596,521,525,780,473,372,741,994,982,330,636,423,398,395,526,541,418,548,526,283,552,232,579,368,408,370,616,1443,615,389,539,454,907,399,1444,539,346,269,580,886,0,456,551,624,1428,1423,380,363,966,291,572,339,624,541,280,893,308,269,920,355,517,796,388,1444,568,623,550,524,801,405,1070,515,305,471,305,582,928,903,620,437,530,397,545,578,993,522,696,705,1444,492,807,593,375,228,454,256,514,256,865
609,1018,863,887,909,859,586,1088,1125,1111,696,1035,422,805,394,339,940,778,947,339,282,913,606,719,732,764,777,615,1293,1063,388,915,817,1245,771,1294,915,709,676,692,1017,744,0,918,976,1278,1273,379,726,1353,660,932,703,971,902,670,1024,674,676,1049,752,329,1164,756,1294,922,984,365,889,622,404,1202,882,673,834,671,581,1059,1034,967,836,343,756,863,690,1124,335,1041,1050,1294,302,1255,592,743,626,793,762,869,762,1203
903,795,44,745,1069,239,858,1328,1226,1312,796,899,626,34,685,886,337,88,344,886,926,757,900,1315,96,50,38,708,1756,1043,685,77,832,875,958,1757,77,922,726,1316,1118,343,949,0,628,1741,1736,694,939,1057,267,88,135,204,746,960,1125,842,726,1220,351,877,854,885,1757,572,137,910,1102,1162,669,1293,270,886,815,825,713,1160,1135,200,374,890,697,436,1314,1225,882,176,162,1757,852,865,724,872,247,1183,275,593,275,952
414,230,257,265,319,530,908,826,725,811,313,278,928,358,938,1058,615,285,622,1058,826,173,411,783,293,346,359,1018,1647,504,932,620,267,438,470,1648,620,440,579,784,617,600,991,313,0,1632,1627,923,457,496,440,340,551,378,162,472,624,359,579,720,608,1049,551,400,1648,400,386,1082,340,1702,948,809,556,402,250,342,1023,659,634,374,661,1062,219,694,782,724,1054,457,466,1648,1024,448,1034,387,511,711,564,503,564,396
614,910,868,892,802,864,591,981,1016,1004,701,922,427,811,399,359,945,783,952,359,287,918,611,614,737,770,783,564,15,950,393,921,822,1137,776,16,921,714,681,586,908,749,284,923,980,0,35,384,731,1244,666,936,708,976,907,675,915,679,681,942,757,350,1167,761,16,927,989,383,894,206,409,1092,888,678,839,676,530,950,925,972,841,363,761,867,584,1015,355,1046,1055,16,325,1147,541,748,631,688,739,872,739,1095
619,920,873,897,812,868,596,991,1026,1014,706,932,432,816,404,364,949,788,956,364,292,923,616,619,742,775,788,569,20,960,398,926,827,1147,781,21,926,719,686,591,918,754,289,928,985,5,0,389,736,1253,671,941,713,981,912,680,925,684,686,952,762,355,1172,766,21,932,994,388,899,211,414,1102,893,683,844,681,535,960,935,977,845,368,766,872,589,1025,360,1051,1060,21,330,1157,546,753,636,693,744,877,744,1105
674,1025,589,952,1222,545,906,1176,1438,1425,761,1067,684,476,743,935,613,579,620,935,824,978,671,1044,553,470,448,770,1765,1046,743,584,882,911,836,1766,584,774,735,1045,1330,530,1006,647,1039,1750,1745,0,791,919,558,579,768,851,967,732,1337,739,735,1363,538,926,890,821,1766,986,689,959,954,1211,728,1509,560,738,899,736,776,1372,1347,847,509,939,821,623,1043,1437,931,728,714,1766,901,901,787,808,441,920,332,610,332,1066
187,277,389,385,340,443,616,458,731,715,72,335,685,371,653,780,604,278,611,780,542,412,184,431,225,326,343,844,1379,314,647,461,125,606,158,1380,461,25,258,431,623,433,711,419,384,1364,1359,638,0,661,213,440,196,487,401,155,630,26,258,653,441,771,716,245,1380,430,491,804,204,1054,663,820,437,255,142,38,849,665,640,483,655,784,257,420,429,730,776,566,575,1380,746,616,860,232,308,266,501,613,501,564
642,335,436,493,561,396,1133,935,838,920,541,406,1021,458,1083,1284,527,446,534,1284,1060,509,639,814,454,459,459,1055,1680,535,1083,731,458,39,698,1681,731,667,806,815,730,703,1220,431,526,1665,1660,1158,684,0,668,400,775,209,498,700,737,587,806,829,711,1276,46,628,1681,470,291,1308,847,1559,1066,751,616,630,441,570,1060,772,747,205,583,1288,447,794,813,837,1280,241,263,1681,1252,35,1071,615,611,940,660,310,660,58
378,595,162,486,779,270,743,740,993,981,329,635,759,197,789,917,442,134,449,917,677,513,375,735,116,152,169,850,1634,614,783,325,453,906,296,1635,325,345,399,736,885,276,848,207,588,1619,1614,774,362,965,0,320,127,585,502,293,892,307,399,919,284,908,968,348,1635,532,415,941,523,1193,799,1069,71,304,470,304,855,927,902,581,506,921,358,267,734,992,913,454,440,1635,883,916,866,335,134,616,407,706,407,864
583,463,26,790,724,377,928,1052,954,1036,841,564,763,79,822,998,466,56,473,998,846,478,580,938,64,100,83,854,1794,698,822,82,500,683,502,1795,82,544,611,938,846,425,1031,75,293,1779,1774,831,561,722,288,0,103,262,467,504,853,508,611,945,433,989,662,930,1795,238,185,1022,723,1274,806,1025,291,506,483,870,859,888,863,258,509,1002,122,403,936,953,994,224,210,1795,964,673,870,917,291,818,411,388,411,621
355,488,94,205,749,486,843,785,978,1060,253,589,919,313,889,1011,571,75,578,1011,777,232,352,780,44,96,105,972,1680,723,883,632,498,688,405,1681,632,391,514,781,870,582,942,268,318,1665,1660,874,408,747,381,298,0,300,221,407,877,299,514,969,590,1002,700,340,1681,263,333,1035,568,1287,899,1049,607,353,515,282,977,912,887,296,617,1015,77,676,779,977,1007,380,389,1681,977,711,988,327,469,662,520,426,520,646
413,492,222,264,753,367,907,834,982,1064,312,593,892,323,937,1057,498,250,505,1057,825,280,410,828,258,311,324,979,1731,727,931,585,546,541,469,1732,585,439,578,829,874,565,990,278,322,1716,1711,922,456,549,439,308,550,0,269,471,881,358,578,973,573,1048,520,399,1732,267,157,1081,616,1331,947,1053,524,401,512,341,984,916,891,2,626,1061,218,659,827,981,1053,87,213,1732,1023,531,995,386,476,710,529,258,529,650
227,552,186,48,823,460,729,679,1024,1107,125,653,798,287,766,894,545,115,552,894,654,8,224,677,139,275,288,943,1571,797,760,501,393,752,274,1572,501,276,376,678,916,461,825,242,381,1556,1551,751,295,811,253,272,364,276,0,271,923,171,376,1015,469,885,676,212,1572,325,315,918,463,1170,776,1095,477,234,410,154,948,958,933,272,591,898,155,554,676,1023,890,356,365,1572,860,687,959,199,348,549,494,402,494,710
251,566,406,405,748,582,512,710,962,950,299,606,553,513,525,654,650,298,657,654,415,432,248,440,245,321,485,739,1473,585,519,456,424,877,62,1474,456,316,130,441,856,392,584,436,506,1458,1453,510,333,936,208,457,216,506,421,0,863,277,130,890,400,645,912,265,1474,450,508,678,494,928,535,1040,432,274,441,274,744,898,873,502,546,658,277,661,439,963,650,585,594,1474,620,887,755,252,478,315,373,618,373,835
869,530,768,785,307,1002,1270,359,123,296,836,468,1402,842,1318,1415,1057,796,1064,1415,1197,697,866,805,804,845,851,1503,1429,496,1311,1117,653,682,836,1430,1117,746,944,778,27,1076,1353,823,599,1414,1409,1301,978,737,895,837,867,919,686,838,0,747,944,367,1084,1407,792,925,1430,919,889,1439,867,1484,1330,152,1044,926,636,865,1508,51,26,915,1122,1419,737,1177,776,46,1411,988,997,1430,1383,692,1519,912,986,879,1033,1029,1033,640
168,351,491,495,547,424,669,496,770,753,46,392,737,352,705,834,585,388,592,834,594,522,165,490,337,307,324,867,1413,371,699,442,182,660,211,1414,442,17,311,490,662,423,765,521,436,1398,1393,690,61,715,194,542,308,594,511,208,669,0,311,691,431,825,770,153,1414,539,593,858,261,1468,715,853,418,185,199,14,872,704,679,590,643,838,367,401,488,769,830,668,677,1414,800,670,883,140,289,327,554,709,554,618
216,577,502,506,761,452,392,722,975,963,311,617,442,377,414,546,520,399,527,546,304,533,213,560,349,389,349,637,1462,596,408,520,435,888,380,1463,520,327,250,561,867,329,476,532,605,1447,1442,399,344,947,272,553,320,605,522,261,874,289,0,901,337,537,775,369,1463,549,604,570,505,820,424,1051,496,286,452,286,603,909,884,601,416,550,378,525,559,974,542,677,686,1463,512,786,614,356,209,435,235,493,235,846
690,291,541,536,143,782,1178,115,275,47,584,228,1174,617,1220,1328,842,551,849,1328,1106,456,686,547,559,648,618,1267,1157,256,1213,882,414,453,744,1158,882,516,852,519,202,859,1266,571,361,1142,1137,1204,725,506,715,592,821,683,445,746,209,517,852,0,867,1320,561,671,1158,680,643,1352,487,1212,1218,421,804,672,397,614,1269,244,219,681,906,1333,491,946,517,274,1325,753,762,1158,1297,463,1280,659,763,621,808,795,808,411
573,924,469,851,1122,429,811,1076,1339,1325,660,967,579,354,640,824,497,459,504,824,745,877,570,949,433,348,326,669,1666,946,640,464,782,767,734,1667,464,673,640,950,1231,419,893,533,890,1651,1646,649,690,775,438,459,667,705,866,634,1238,638,640,1263,0,815,746,720,1667,837,573,848,854,1100,624,1240,440,637,799,635,674,1273,1248,701,393,828,720,512,948,1338,820,645,666,1667,790,757,685,707,330,825,211,464,211,925
780,916,1032,1058,808,1020,741,987,1022,1010,867,928,584,953,556,10,1090,949,1097,10,446,1157,777,615,903,940,925,703,953,956,550,1102,925,1143,942,954,1102,880,839,587,914,907,440,1087,1059,938,933,541,897,1248,836,1100,874,1144,1146,838,921,845,839,948,915,0,1302,927,954,1091,1153,34,1105,299,566,1098,1059,844,942,842,708,956,931,1140,992,14,927,1033,585,1021,5,1214,1169,955,477,1153,719,914,790,689,857,953,857,1101
623,341,417,474,566,380,1114,941,844,926,522,411,1016,442,1154,1265,511,427,518,1265,1041,490,620,819,435,443,443,1046,1685,540,1148,713,715,21,679,1686,713,649,787,820,736,687,1201,415,507,1670,1665,1139,666,46,649,384,756,192,479,681,743,568,787,835,695,1257,0,609,1686,451,275,1289,829,1540,1061,776,600,611,698,551,1051,778,753,188,567,1269,428,778,818,843,1261,225,247,1686,1233,11,1062,596,595,922,646,246,646,63
115,451,246,283,645,373,613,596,859,847,159,492,682,385,650,776,534,176,541,776,539,310,112,599,123,235,271,836,1498,471,644,399,301,759,155,1499,399,176,255,599,751,378,707,339,388,1483,1478,635,195,818,141,360,94,384,299,152,758,137,255,785,386,767,772,0,1499,332,416,800,380,1050,660,939,372,134,318,134,841,793,768,380,689,780,155,359,597,858,772,463,472,1499,742,783,852,13,236,459,498,507,498,717
1830,1877,2098,2114,1856,1706,1730,1957,2197,2187,1916,1851,1526,1808,1543,1464,2155,2008,2162,1464,1623,2064,1827,1621,1958,1985,1943,1644,1742,1830,1537,2142,1784,2199,1993,1743,2142,1928,1874,1593,2089,1937,1401,1790,1962,1727,1722,1528,1945,2255,1883,2172,1929,2202,2053,1880,2096,1894,1874,2125,1944,1456,2220,1980,0,2133,1814,1488,1968,1479,1553,2243,2085,1893,1801,1891,1611,2131,2106,2198,2042,1468,1987,2045,1591,2196,1460,2269,1839,1743,1432,2209,1622,1967,1824,1750,1622,2058,1622,2157
341,225,180,192,321,454,835,820,719,805,240,280,847,281,881,1003,539,208,546,1003,769,95,338,775,216,269,282,937,1639,496,875,544,262,433,397,1640,544,371,506,776,611,524,934,236,55,1624,1619,866,388,491,367,266,478,291,84,399,618,286,506,714,532,994,546,327,1640,0,309,1027,335,1279,891,804,487,332,245,269,942,653,628,287,585,1007,146,617,774,718,999,371,380,1640,969,443,953,314,435,642,488,417,488,391
462,533,138,313,800,356,956,884,1022,1105,361,634,741,183,800,977,445,219,452,977,874,329,459,878,206,204,184,832,1785,774,800,453,595,453,518,1786,453,488,626,879,914,435,1010,156,362,1770,1765,809,505,461,381,135,245,146,318,520,921,407,626,1013,443,968,432,448,1786,306,0,1001,665,1253,784,1093,383,450,553,390,837,956,931,142,488,981,267,528,877,1021,973,25,40,1786,943,443,848,435,346,759,390,177,390,691
744,869,996,1022,760,984,713,939,974,962,831,880,548,916,520,475,928,913,935,475,410,1109,741,579,867,904,888,668,927,908,514,1066,878,1095,906,928,1066,844,803,551,866,872,404,1051,1011,912,907,505,861,1202,800,1064,838,1108,1098,802,873,809,803,900,880,466,1256,891,928,1055,1117,0,1058,263,530,1050,1023,808,895,806,673,908,883,1104,955,479,891,994,549,973,471,1178,1187,928,441,1105,684,878,754,653,823,920,823,1053
713,266,537,531,251,778,826,397,670,654,579,246,902,611,872,994,836,547,843,994,760,452,710,365,555,643,614,1027,1330,225,866,1000,73,577,682,1331,1000,590,790,365,562,942,925,567,357,1315,1310,857,827,631,739,588,711,680,441,684,569,591,790,592,950,985,686,667,1331,676,639,1018,0,1385,882,763,799,774,90,603,1032,604,579,676,903,998,485,1042,363,669,990,748,757,1331,960,587,1043,654,825,439,805,790,805,535
406,433,683,691,555,607,600,503,778,761,494,399,657,538,625,753,675,582,682,753,515,613,403,444,532,532,510,817,1048,378,619,648,340,742,497,1049,648,405,474,445,670,541,684,738,518,1033,1028,610,525,799,458,752,503,834,602,467,677,406,474,699,549,744,854,554,1049,834,804,777,518,0,635,860,622,470,357,418,822,712,687,830,571,757,561,686,443,777,749,902,911,1049,719,752,833,541,503,277,398,636,398,700
582,933,737,859,1131,675,292,1085,1348,1334,669,976,25,614,18,967,751,750,758,967,118,885,579,958,704,608,586,720,1606,955,19,732,791,1051,743,1607,732,682,649,959,1240,670,779,762,947,1591,1586,29,699,1301,634,779,675,942,874,643,1247,647,649,1272,678,958,1030,728,1607,894,788,991,863,1299,0,1419,699,646,808,644,725,1282,1257,938,647,971,728,762,957,1347,963,827,813,1607,933,1041,736,715,579,834,770,735,770,1202
812,472,706,725,363,940,1213,596,99,580,776,410,1336,780,1259,1359,995,734,1002,1359,1140,636,809,852,742,783,789,1437,1609,438,1252,1052,595,492,779,1610,1052,689,887,853,137,1015,1297,761,541,1594,1589,1242,919,448,838,775,810,857,625,781,151,690,887,488,1023,1351,503,865,1610,857,827,1383,810,1664,1271,0,984,866,578,805,1442,73,100,853,1060,1363,677,1116,851,77,1355,925,934,1610,1327,488,1453,852,925,926,969,966,969,582
308,532,119,417,715,574,682,675,929,917,258,571,751,168,719,847,725,91,732,847,607,444,305,674,71,121,130,880,1567,550,713,586,389,843,225,1568,586,275,326,675,821,537,778,163,518,1552,1547,704,294,902,336,131,70,518,433,222,828,236,326,855,545,838,904,277,1568,462,519,871,459,1123,729,1006,0,233,406,233,885,863,838,514,759,851,289,631,673,928,843,597,606,1568,813,853,896,264,424,548,569,644,569,801
384,385,572,573,573,647,789,523,794,779,74,419,870,638,838,960,783,466,790,960,726,565,381,526,416,529,548,993,1438,398,832,664,221,694,351,1439,664,91,460,526,686,611,891,619,470,1423,1418,823,110,749,410,622,387,672,554,353,693,52,460,717,619,951,804,438,1439,616,674,984,300,1493,848,873,636,0,238,49,998,728,703,668,834,964,445,705,524,793,956,740,749,1439,926,704,1009,425,498,376,699,782,699,652
615,287,322,327,305,588,1021,427,728,814,375,264,1082,416,1052,1166,673,350,680,1166,939,242,612,409,358,403,417,1082,1356,279,1046,897,17,438,583,1357,897,489,691,409,620,660,1099,370,144,1341,1336,1037,729,496,641,391,616,460,231,585,627,490,691,623,668,1157,551,462,1357,470,442,1190,90,1411,1062,812,607,676,0,404,1087,662,637,456,720,1170,281,752,407,727,1162,539,548,1357,1132,448,1098,449,569,483,622,586,622,396
151,363,474,478,552,407,652,500,775,758,29,396,720,335,688,817,568,371,575,817,577,505,148,502,320,290,307,856,1417,375,682,426,194,672,194,1418,426,29,294,502,667,398,748,504,578,1402,1397,673,73,727,177,525,291,577,494,191,674,14,294,696,406,808,782,136,1418,522,576,841,273,1093,698,857,402,168,211,0,861,709,684,573,628,821,350,384,500,774,813,656,665,1418,783,682,872,124,272,339,547,698,537,626
866,1405,869,1439,1666,758,550,1367,1809,1907,1424,1503,301,864,368,1195,913,932,952,1187,454,1385,826,1209,940,885,873,26,1774,1577,362,1074,1063,1368,1029,1694,1074,929,906,1211,1750,1000,1121,902,1283,1678,1673,377,946,1339,1033,888,950,995,1440,914,1757,928,905,1808,1028,1178,1347,998,1694,1234,928,1210,1136,1437,346,1859,1037,927,1080,925,0,1743,1767,991,841,1190,1391,1127,1209,1857,1182,967,953,1694,1153,1358,11,985,935,1085,696,1033,696,1613
1281,1358,1514,1541,1472,1438,1395,1561,1586,1343,1367,1496,1483,1394,1451,1543,1529,1433,1536,1543,1328,1740,1278,995,1404,1406,1366,1637,1448,1524,1444,1507,1269,1552,1444,1449,1507,1372,1317,967,1513,1372,1482,1545,1639,1433,1428,1434,1384,1509,1307,1586,1366,1683,1729,1325,1520,1346,1316,1401,1380,1534,1563,1414,1449,1559,1767,1565,1429,1495,1463,1539,1460,1344,1286,1343,1602,0,1530,1679,1425,1546,1412,1546,965,1585,1538,1718,1742,1449,1511,1551,1613,1401,1362,1069,1258,1746,1258,1529
1228,1310,1463,1489,1408,1388,1343,1496,1546,1303,1315,1456,1439,1344,1407,1499,1479,1380,1486,1499,1284,1702,1225,946,1351,1356,1316,1593,1399,1484,1400,1456,1218,1509,1391,1400,1456,1319,1268,918,1473,1319,1437,1495,1601,1384,1379,1390,1331,1466,1258,1536,1313,1640,1691,1274,1480,1293,1267,1361,1327,1491,1520,1361,1400,1505,1724,1522,1378,1446,1419,1498,1410,1291,1235,1290,1558,1515,0,1636,1375,1503,1359,1499,916,1545,1495,1672,1696,1400,1467,1505,1569,1348,1312,1020,1209,1700,1209,1483
402,488,211,262,637,340,870,815,973,1054,310,493,860,312,937,1051,527,239,534,1051,824,276,399,852,247,300,313,954,1713,611,931,553,518,547,446,1714,553,410,550,851,865,570,985,267,326,1698,1693,922,420,555,434,298,349,3,265,448,872,356,549,989,578,1042,526,398,1714,274,149,1074,589,1323,908,1019,518,388,505,339,925,907,882,0,650,1054,214,669,849,972,1046,83,202,1714,1017,537,936,385,486,694,531,244,531,663
658,945,358,937,1106,250,845,1089,1396,1490,988,950,788,385,852,1031,160,426,167,1031,799,949,655,996,434,398,386,884,1714,1080,852,476,789,931,643,1715,476,678,692,997,1288,428,965,358,786,1699,1694,861,689,939,456,352,518,457,938,706,1295,655,691,1411,436,1022,910,1077,1715,735,390,1054,861,1305,836,1440,460,654,962,1017,855,1330,1305,453,0,1034,889,525,995,1395,1026,429,415,1715,997,921,866,1064,344,871,466,598,466,1121
778,900,1022,1041,809,1000,746,899,1013,998,862,932,559,938,534,485,1075,932,1082,485,423,1179,775,585,900,907,910,700,951,960,528,1069,906,1188,941,952,1069,863,818,557,905,882,415,1061,1079,936,931,519,874,1195,806,1076,862,1108,1168,826,912,840,817,954,890,476,1249,910,952,1069,1124,22,1065,283,544,1074,1032,839,923,837,671,947,922,1104,977,0,910,1017,555,1012,480,1173,1182,952,451,1234,682,897,916,659,839,954,839,1146
193,394,91,48,555,419,687,643,881,962,96,411,762,239,735,863,459,119,466,863,622,74,190,682,127,227,240,877,1533,529,729,475,347,611,234,1534,475,224,335,681,773,446,795,194,233,1518,1513,720,239,657,225,230,347,206,63,233,780,142,334,897,454,854,625,184,1534,181,235,886,418,1137,745,929,459,193,411,125,848,815,790,202,579,866,0,438,679,880,858,279,288,1534,829,636,859,171,333,516,459,326,459,569
211,555,467,488,731,513,541,714,935,920,301,602,603,540,578,709,711,379,718,709,467,514,208,482,342,368,387,789,1505,581,572,492,418,874,375,1506,492,310,177,483,827,558,637,494,574,1490,1485,563,320,913,241,521,304,565,503,256,835,279,176,877,566,700,975,348,1506,522,566,732,490,980,588,996,476,276,436,276,760,870,845,561,607,712,358,0,481,935,704,637,646,1506,675,885,771,335,350,356,434,683,434,833
1857,1923,2105,2125,1907,1753,1719,2013,2221,2207,1947,1902,1528,1879,1607,1464,2171,2020,2178,1464,1642,2114,1854,1591,1984,1975,1981,1667,1732,1881,1601,2147,1835,2245,2021,1733,2147,1954,1890,1563,2114,1948,1401,1857,2012,1717,1712,1592,1968,2279,1876,1841,1946,2200,2103,1902,2121,1925,1889,2163,1955,1456,2266,1992,1733,2139,1879,1487,1997,1504,1617,2254,2080,1922,1852,1922,1632,2156,2131,2196,2060,1468,1999,2069,0,2221,1460,2265,1904,1733,1432,2255,1643,1979,1869,1803,1658,2083,1658,2203
951,578,827,809,323,1056,1327,419,27,359,860,502,1440,886,1394,1487,1064,840,1071,1487,1271,750,948,886,848,885,893,1557,1502,530,1387,1149,693,756,910,1503,1149,817,1012,858,66,1138,1425,865,648,1487,1482,1377,979,532,983,881,949,918,739,912,103,818,1011,301,1146,1479,588,949,1503,966,928,1510,921,1541,1406,109,1089,943,676,889,1522,18,29,914,1191,1491,761,1242,856,0,1483,982,991,1503,1455,766,1533,936,1053,960,1093,1025,1093,714
784,917,1028,1047,825,1008,754,914,1031,1014,868,948,567,946,542,5,1083,938,1090,5,431,1193,781,592,906,912,918,708,953,976,536,1075,923,1202,947,954,1075,869,824,565,923,886,423,1067,1093,938,933,527,880,1211,812,1082,868,1114,1182,832,930,846,823,970,894,484,1265,916,954,1075,1130,30,1082,291,552,1090,1038,845,940,843,679,965,940,1110,985,9,916,1023,563,1030,0,1179,1188,954,459,1250,690,903,924,666,847,962,847,1160
942,817,204,800,984,269,1126,1374,1265,1346,851,826,791,249,855,1039,458,285,465,1039,1069,812,939,1408,272,270,250,983,1936,958,855,496,851,434,988,1937,496,959,1090,1407,1157,510,1082,222,658,1921,1916,864,970,442,433,201,311,91,801,990,1164,897,1089,1283,518,1030,413,940,1937,606,29,1062,1143,1311,839,894,437,934,834,880,988,1199,1174,87,533,1042,752,608,1405,1264,1034,0,15,1937,1005,424,999,927,426,1243,469,143,469,610
929,803,190,787,971,255,1112,1361,1251,1332,838,812,777,235,841,1025,446,271,453,1025,1054,799,926,1395,258,256,236,969,1926,944,841,483,837,429,975,1927,483,946,1077,1394,1143,497,1070,208,644,1911,1906,850,957,437,419,187,297,106,788,977,1150,884,1076,1269,505,1016,408,927,1927,592,71,1048,1130,1299,825,888,423,921,820,867,974,1185,1160,102,520,1028,739,595,1392,1250,1020,15,0,1923,991,419,985,914,413,1230,455,137,455,604
385,366,620,649,342,560,536,453,692,673,376,337,598,490,573,704,634,540,641,704,462,552,382,396,504,513,462,784,939,316,567,593,269,684,424,940,593,329,426,397,584,491,632,656,454,924,919,558,524,725,415,673,466,722,541,433,591,330,425,629,499,695,782,512,940,767,719,727,426,987,583,764,577,492,286,342,755,626,601,718,530,707,519,640,395,691,699,785,794,0,670,694,766,499,457,229,356,602,356,642
852,995,1096,1115,904,1072,810,993,1112,1093,936,1029,637,1014,610,72,1037,1006,1044,72,499,1274,849,660,974,977,986,764,1015,1057,604,1142,999,1283,1015,1016,1142,937,892,633,1004,953,490,1135,1174,1000,995,595,948,1288,880,1150,936,1182,1263,900,1011,914,891,1049,961,62,1342,984,1016,1143,1198,98,1158,359,620,1171,1105,913,1016,911,735,1046,1021,1178,1049,76,984,1092,631,1111,68,1247,1235,1016,0,1327,746,971,990,734,894,1010,894,1241
602,331,382,462,555,379,1066,790,813,894,510,411,999,455,1119,1232,572,396,579,1232,1005,476,599,856,404,465,456,1088,1689,529,1113,705,721,10,646,1690,705,610,748,855,705,722,1168,409,521,1674,1669,1104,621,35,634,406,515,208,465,648,712,556,747,829,730,1223,11,598,1690,469,298,1255,793,1503,1047,745,626,588,700,539,1093,747,722,204,647,1235,414,820,853,812,1227,246,270,1690,1199,0,1104,585,633,907,669,267,669,52
851,1456,913,1457,1619,810,536,1351,1877,1958,1504,1462,295,940,359,1200,959,973,966,1200,451,1469,849,1195,981,959,947,22,1684,1593,359,1091,1048,1384,1015,1685,1091,937,892,1197,1769,1037,1135,919,1301,1669,1664,368,948,1392,1050,905,936,1013,1458,900,1776,914,891,1516,1045,1191,1363,983,1685,1252,946,1223,1120,1428,343,1901,1054,912,1064,910,15,1811,1786,1009,858,1203,1409,1144,1194,1876,1195,985,971,1685,1167,1374,0,970,952,1070,712,1050,712,1631
105,417,233,272,604,549,604,576,812,796,136,464,669,370,642,767,589,163,596,767,530,298,102,615,124,222,276,846,1502,443,636,399,270,742,140,1503,399,142,240,614,704,375,699,324,363,1487,1482,627,157,789,137,351,86,351,287,139,711,114,239,752,383,758,765,12,1503,311,380,790,349,1040,652,873,378,111,287,111,817,746,721,347,709,770,142,351,612,811,762,423,432,1498,733,776,828,0,245,443,497,468,497,700
370,695,345,641,873,391,742,856,1081,1062,452,743,843,325,807,926,558,332,565,926,694,667,367,715,293,172,297,936,1739,722,801,340,559,950,533,1740,340,451,411,717,973,139,858,335,903,1724,1719,792,461,1052,294,335,458,589,656,418,980,430,410,1018,147,917,929,504,1740,853,522,949,630,1200,817,1140,298,429,576,427,941,1015,990,585,635,929,511,169,715,1080,921,561,547,1740,892,940,952,491,0,590,514,614,514,971
424,595,620,639,700,629,577,676,903,889,362,564,641,564,614,740,708,530,715,740,503,788,421,234,494,587,536,819,1471,543,608,673,389,914,420,1472,673,315,467,235,795,529,672,656,686,1456,1451,599,514,953,489,673,456,707,777,472,802,316,466,845,537,731,935,502,1472,669,719,763,460,1012,624,964,651,482,406,328,790,837,812,703,604,743,509,716,233,902,735,770,779,1472,706,924,801,489,531,0,431,680,431,872
632,964,876,895,1150,847,982,1128,1361,1342,716,1013,820,786,793,655,931,786,938,655,680,921,629,967,754,763,758,965,1524,992,787,895,828,1284,795,1525,895,717,663,968,1253,727,724,914,972,1509,1504,778,728,1319,662,929,716,959,910,673,1260,694,662,1298,735,646,1178,764,1525,922,977,678,900,926,803,1418,867,693,845,691,936,1295,1270,955,830,658,764,857,966,1360,650,1024,1033,1525,621,1189,947,751,662,842,0,867,5,1242
597,678,377,457,843,284,1061,1014,1128,1209,505,683,994,450,1115,1227,472,391,479,1227,1001,471,594,1047,399,359,451,997,1918,817,1109,700,715,309,641,1919,700,605,743,1045,1020,717,1163,404,516,1903,1898,1100,615,317,629,300,510,291,460,643,1027,551,742,1146,725,1218,288,593,1919,464,243,1250,787,1498,1042,940,520,583,695,534,1002,1062,1037,287,547,1230,409,815,1043,1127,1222,206,163,1919,1194,299,1013,580,628,901,664,0,664,351
633,965,877,896,1151,847,982,1129,1362,1343,717,1014,820,786,793,655,931,787,938,655,680,922,630,967,755,766,758,965,1524,993,787,896,829,1285,796,1525,896,718,663,968,1254,727,724,915,973,1510,1505,778,729,1320,665,930,717,960,911,677,1261,695,662,1299,735,646,1178,765,1526,923,978,678,901,926,803,1419,867,694,846,692,936,1296,1271,956,830,658,765,857,966,1361,650,1025,1034,1526,621,1189,947,752,662,842,5,867,0,1243
655,280,431,515,374,451,1121,889,762,843,564,333,1048,504,1182,1289,641,445,648,1289,1064,452,652,832,453,535,505,1122,1660,504,1175,754,397,42,701,1661,754,623,803,831,654,771,1227,458,354,1645,1640,1166,682,58,687,476,564,283,441,703,661,610,802,781,779,1281,63,653,1661,522,302,1312,725,1699,1096,818,695,647,380,593,1127,696,671,279,713,1293,467,869,829,761,1285,316,340,1661,1257,52,1138,640,682,906,717,346,717,0
