0,2468,1429,1043,2937,1590,4060,2750,3756,3454,1215,2488,4758,1350,4566,4813,2032,1009,2088,4821,3997,1354,28,2948,840,1127,1110,6217,6577,2309,4523,1448,1587,3531,650,6587,1448,979,1504,2772,3577,1847,4738,1801,1876,6451,6415,4471,1032,4044,499,1758,589,1789,1257,845,3629,881,1489,3291,1900,4776,3152,435,6587,1586,1834,4938,1936,6069,4623,4196,982,673,1728,842,6118,3928,3717,1752,1895,4821,815,1309,2758,3748,4799,1973,2069,6587,4680,3234,6213,326,1121,2277,3358,2215,3358,3188
2427,0,1640,1683,1158,2612,5691,1576,1565,2073,1855,795,6094,2170,6197,6444,3054,1861,3110,6452,5628,1305,2398,2417,1941,2148,2216,6090,6039,1229,6154,3659,784,1698,2281,6049,3659,2610,3134,2241,1385,3726,6369,1867,726,5913,5877,6102,2663,2211,2626,1824,2612,1854,1208,2475,1437,2249,3120,1450,3780,6407,1869,2065,6049,1652,1969,6569,1387,6189,6254,2005,2636,2304,643,2096,6131,1737,1526,1817,2917,6452,1439,3563,2227,1556,6430,2038,2134,6049,6311,1787,6226,1956,3109,2853,4380,2281,4380,1355
1369,1785,0,1279,2747,1272,5733,3520,2872,3380,1450,2170,4755,529,4957,6436,1714,359,1771,6445,5617,1898,1340,3724,439,540,563,4751,7346,2536,4953,351,2034,2975,1223,7356,351,1593,2076,3548,2692,2387,5293,351,1319,7220,7184,5005,1646,3488,1035,221,760,1232,1802,1417,2744,1495,2062,2757,2440,6399,2596,1661,7356,1030,616,6561,2549,7692,4853,3312,803,1287,1893,1692,4792,3044,2833,1195,1578,6445,733,1538,3534,2863,6422,945,833,7356,6303,2678,4887,1552,1351,3426,3041,1659,3041,2632
921,1799,887,0,3062,2004,4185,2875,2886,3578,349,2184,4883,1562,4691,4937,2446,467,2503,4946,4121,509,892,3073,670,947,1014,6342,6702,2434,4648,2069,1712,2989,775,6712,2069,1103,1628,2896,2707,2468,4863,1259,1334,6575,6540,4595,1157,3502,1120,1216,1106,1247,412,969,2759,743,1614,3415,2521,4900,2610,559,6712,1044,1292,5062,2060,6193,4748,3326,1603,798,1853,590,6383,3058,2847,1210,2310,4946,273,1930,2883,2877,4924,1431,1527,6712,4804,2692,6478,450,1742,2401,3773,1673,3773,2646
2327,1403,2735,2700,0,3629,5577,580,1231,617,2872,460,6275,3187,6083,6330,4071,2878,4127,6339,5514,2322,2298,2104,2958,3165,3233,7107,4891,728,6040,3475,1429,2574,2168,4901,3475,1720,3021,1928,1051,3874,6255,2884,1743,4764,4729,5988,2604,3167,2526,2841,2512,2871,2225,2362,1103,1724,3006,609,3927,6293,3545,2358,4901,2669,2986,6455,1777,5041,6140,1671,3653,2245,1868,1822,7148,1402,1192,2834,3934,6339,2456,3711,1914,1222,6316,3055,3204,4901,6197,3459,7243,2249,3148,2540,5397,3298,5397,2232
2287,2267,826,1544,3229,0,5182,3365,3354,3862,1715,2652,4204,279,4406,5885,1163,1203,1220,5894,5066,1852,2258,4439,1281,618,520,4199,8513,3018,4402,1768,2516,2786,1721,8524,1768,2470,2574,4263,3174,1836,4742,488,1802,8387,8351,4454,2523,2850,1346,735,1599,1419,1755,1915,3226,2109,2559,3239,1889,5848,2617,1926,8524,1512,880,6010,3427,7141,4302,3794,1302,2164,2375,1957,4241,3526,3315,1382,1026,5894,1299,1673,4249,3345,5871,1210,1098,8524,5752,2700,4336,1817,1218,3768,2490,1511,2490,3114
3536,5444,4964,4433,5559,5147,0,5789,6795,6493,4095,5527,1398,5494,1276,4227,5082,4399,5139,4235,1402,4744,3516,5675,4230,4621,4604,4069,7551,5348,1233,4942,4626,7013,3648,7562,4942,4018,3535,5499,6616,4241,3087,5314,5266,7425,7390,1181,4071,7525,3993,5148,3979,5179,4647,3353,6668,3920,3521,6329,4294,4190,6542,3825,7562,4976,5294,4352,4974,5219,1333,7235,4476,3712,4767,3881,3970,6967,6756,5142,4818,4235,4205,4372,5485,6786,4213,5363,5459,7562,4094,6624,4065,3716,3898,4885,4661,7131,4661,6670
2663,1308,2640,2605,317,3534,7000,0,1136,392,2777,1007,7699,3092,7507,7753,3976,2783,4032,7762,6937,2227,2635,2694,2863,3070,3138,7012,4796,932,7464,3812,1914,2479,2504,4806,3812,2056,3357,2493,956,4211,7679,2789,1648,4669,4634,7411,2941,3072,2863,2746,2848,2776,2130,2698,1008,2061,3343,384,4264,7716,3450,2987,4806,2574,2891,7878,2114,4946,7564,1575,3558,2582,1773,2158,7053,1307,1097,2739,3839,7762,2361,4047,2479,1127,7740,2960,3109,4806,7620,2569,7148,2878,3485,3130,5302,3203,5302,2136
3369,1328,2660,2625,1073,3554,6633,1167,0,1204,2797,1027,7036,3112,7139,7386,3996,2803,4052,7394,6570,2247,3340,3219,2883,3090,3158,7032,5478,1269,7096,4601,1934,2499,3223,5488,4601,2834,4076,3042,976,4668,7311,2932,1668,5351,5316,7044,3605,3012,3568,2766,2887,2796,2150,3417,748,2839,4062,1041,4722,7349,3390,3007,5488,2594,2911,7511,2537,5628,7196,1595,3578,3246,1793,3038,7073,918,707,2759,3859,7394,2381,4505,3028,850,7372,2980,3129,5488,7253,2589,7168,2898,4051,3655,5322,3223,5322,2156
2964,1609,2862,2906,617,3834,7301,468,1436,0,3078,1307,7999,3393,7807,8054,4277,3084,4333,8063,7238,2527,2935,2995,3164,3371,3439,7313,5097,1233,7764,4113,2215,2780,2805,5107,4113,2357,3658,2794,1257,4949,7979,3213,1949,4970,4935,7712,3241,3293,3164,3046,3149,3077,2431,2999,1309,2362,3644,361,5002,8017,3671,3288,5107,2875,3192,8179,2415,5246,7865,1876,3859,2883,2074,2459,7354,1608,1397,3040,4140,8063,2661,4786,2780,1428,8040,3261,3410,5107,7921,2869,7449,3179,3786,3431,5603,3503,5603,2437
589,2198,1839,1229,2731,1880,3853,2544,3550,3247,0,2281,4552,1640,4360,4606,2322,1195,2378,4615,3790,1540,561,2741,1026,1417,1400,6011,6370,2103,4316,1738,1380,3767,444,6381,1738,772,1297,2565,3370,2137,4531,1987,2062,6244,6209,4264,826,4280,789,1944,775,1975,1443,638,3422,394,1282,3084,2190,4569,3338,228,6381,1772,2090,4731,1729,5862,4417,3990,1272,467,1521,241,6052,3722,3511,1938,2651,4615,1001,1599,2551,3541,4592,2159,2255,6381,4473,3857,6147,119,1411,1976,4454,2401,4454,3424
2179,896,2228,2193,460,3121,5429,982,1259,1019,2365,0,6127,2679,5935,6182,3563,2371,3620,6190,5366,1814,2150,1956,2451,2658,2726,6600,5270,242,5892,3327,1502,2067,2019,5280,3327,1572,2873,1780,1079,4236,6107,2376,1235,5144,5108,5840,2456,2580,2378,2333,2364,2364,1717,2214,1131,1576,2858,886,4289,6145,2958,2575,5280,2161,2479,6307,1629,5420,5992,1699,3145,2097,1361,1674,6641,1431,1220,2327,3427,6190,1948,4073,1766,1250,6168,2548,2696,5280,6049,2156,6736,2466,3619,2392,4890,2790,4890,1724
4019,5927,5447,4916,6042,4136,1382,6272,7278,6976,4579,6010,0,4011,239,4710,4071,4883,4128,4719,710,5227,4000,6158,4713,3948,3770,2847,8035,5831,235,4239,5109,7496,4131,8045,4239,4501,4019,5982,7099,4724,3570,4335,5749,7908,7873,287,4554,8009,4476,5631,4462,5662,5130,3837,7151,4403,4004,6813,4777,4673,7226,4308,8045,5460,4727,4835,5458,5702,135,7718,3773,4195,5250,4364,2748,7450,7239,5625,3807,4719,4689,3918,5968,7270,4696,5846,4945,8045,4577,7309,2843,4199,3464,5368,4117,6120,4117,7153
1630,2199,529,1537,3161,711,5172,3626,3286,3794,1709,2584,4194,0,4396,5875,1153,773,1210,5884,5056,1845,1602,3823,853,381,282,4190,8504,2950,4392,478,2462,3497,1485,8514,478,1854,3134,3647,3106,1678,4732,280,1733,8377,8342,4444,1907,3902,1108,446,1174,1413,1749,1679,3158,1756,3120,3171,1731,5838,3329,1919,8514,1444,874,6000,2811,7131,4292,3726,1065,1549,2307,1950,4231,3457,3247,1376,1017,5884,1147,1514,3633,3277,5861,1203,1092,8514,5742,3411,4326,1810,1060,4484,2480,2222,2480,3046
4258,6166,4481,5155,6281,3944,1621,6511,7517,7215,4817,6249,239,3819,0,4949,3879,5121,3936,4958,518,5466,4238,6397,4952,3756,3578,3086,8028,6070,43,4047,5348,7203,4370,8038,4047,4740,4258,6221,7338,3889,3809,4143,5988,7902,7866,95,4793,7267,4715,4390,4701,5901,5369,4076,7390,4642,4243,7051,3942,4912,7034,4547,8038,5698,4535,5074,5696,5696,104,7957,3581,4434,5489,4603,3127,7689,7478,5864,3615,4958,4928,3726,6207,7509,4935,4865,4753,8038,4816,7117,3222,4438,3272,5607,4355,5928,4355,7392
6679,5614,8108,7577,4866,8291,5773,4679,5685,5383,7239,5556,5212,7988,5020,0,8226,7543,8282,0,4451,6776,6660,4064,7373,7765,7747,6660,3739,5799,4977,8086,5475,7029,6792,3749,8086,7161,6679,3864,5506,7384,2854,8458,6197,3612,3577,4925,7214,7542,7137,8292,7122,8322,6680,6497,5558,7063,6664,5220,7437,2892,7920,6968,3749,8120,8437,116,5824,1247,5077,6125,7620,6856,5616,7024,6561,5857,5646,8285,7962,17,7349,7516,3850,5677,2915,8506,8603,3749,2796,7118,6656,6859,7042,4501,10173,10861,10173,6686
2309,3105,1664,2382,4067,1127,6088,4304,4192,4700,2553,3490,4646,1209,4848,6327,0,2041,208,6336,5508,2690,2280,4502,2119,1651,1279,4426,9535,3856,4844,2210,3141,3449,2163,9545,2210,2533,2706,4325,4012,2205,5184,1326,2640,9409,9373,4896,2586,3513,1788,1573,2236,2257,2593,2357,4064,2435,2691,4077,2258,6290,3280,2764,9545,2350,1718,6452,3489,7583,4744,4632,1744,2227,3213,2795,4467,4364,4153,2220,548,6336,2137,2041,4312,4183,6313,2047,1936,9545,6194,3362,4562,2655,1587,4055,2932,2174,2932,4462
1132,2022,359,724,2985,1618,4396,3128,3109,3618,896,2407,5101,773,5303,5149,2060,0,2117,5158,4333,2136,1104,3326,203,480,547,5097,6955,2774,5299,597,1965,3212,987,6965,597,1356,1840,3149,2930,2029,5639,728,1557,6828,6793,4807,1410,3725,988,465,524,1470,2039,1181,2982,1259,1825,2994,2082,5112,2833,1106,6965,1267,976,5274,2313,6405,5199,3549,567,1051,2131,1220,5138,3281,3070,1433,1924,5158,497,1865,3136,3101,5135,1305,1193,6965,5016,2915,5233,997,1303,3190,3387,1896,3387,2870
13615,12695,12038,11971,13386,11501,13114,15869,13356,13517,12143,13340,12136,11759,12338,13616,11115,12416,0,13625,12797,12280,13596,15755,13215,12914,12802,10798,17364,13446,12334,13271,14705,12180,13727,17374,13271,14097,13615,15578,13289,13113,12474,11700,12229,17238,17202,12386,14150,12766,12848,11947,14058,11406,12183,13433,13061,13999,13600,13354,13166,13580,12011,13904,17374,11940,12093,13742,15054,14872,12234,12301,12805,13792,14846,13960,10839,13231,13020,11368,12497,13625,11727,12950,15565,13163,13603,11087,11093,17374,13484,12093,10934,13795,12495,14965,10221,10905,10221,12921
6679,5614,8108,7577,4866,8291,5773,4679,5685,5383,7239,5556,5212,7988,5020,0,8226,7543,8282,0,4451,6776,6660,4064,7373,7765,7747,6660,3739,5799,4977,8086,5475,7029,6792,3749,8086,7161,6679,3864,5506,7384,2854,8458,6197,3612,3577,4925,7214,7542,7137,8292,7122,8322,6680,6497,5558,7063,6664,5220,7437,2892,7920,6968,3749,8120,8437,116,5824,1247,5077,6125,7620,6856,5616,7024,6561,5857,5646,8285,7962,17,7349,7516,3850,5677,2915,8506,8603,3749,2796,7118,6656,6859,7042,4501,10173,10861,10173,6686
3960,5868,3580,4857,5983,3426,1322,6213,7219,6917,4519,5951,761,3301,569,4651,3361,3533,3418,4659,0,5168,3940,6099,3474,3238,3060,3608,8059,5772,526,3529,5050,6685,4072,8069,3529,4442,3959,5923,7040,3371,3511,3625,4939,7932,7897,474,4495,6749,3107,3872,4403,5911,5071,3777,7092,4344,3945,6753,3424,4614,6517,4249,8069,4649,4018,4776,5398,5726,626,7659,3063,4136,5191,4305,3649,7391,7180,5874,3097,4659,4630,3208,5909,7210,4637,4347,4236,8069,4518,6599,3744,4140,2754,5309,3720,5410,3720,7699
1352,1894,1127,509,2857,2099,4616,3306,2981,3490,780,2279,5314,1658,5122,5369,2541,750,2598,5377,4553,0,1323,3504,953,1636,1704,5578,7133,2646,5079,2500,2143,3084,1206,7143,2500,1535,2059,3327,2802,2899,5294,1355,1429,7006,6971,5027,1588,3597,1551,1311,1537,1342,97,1400,2854,1174,2045,2867,2952,5332,2705,990,7143,1139,1457,5494,2491,6624,5179,3421,2034,1229,2284,1021,5619,3153,2942,1305,2405,5377,926,2736,3314,2973,5355,1526,1622,7143,5236,2787,5714,881,2173,2833,3868,1768,3868,2742
28,2386,1410,1024,2918,1561,4041,2731,3737,3435,1195,2469,4739,1322,4547,4794,2003,990,2060,4802,3978,1335,0,2929,821,1098,1081,6198,6558,2290,4504,1419,1568,3512,631,6568,1419,960,1484,2753,3558,1818,4719,1782,1857,6431,6396,4452,1013,4025,470,1739,569,1770,1238,825,3610,862,1470,3271,1871,4757,3133,415,6568,1567,1815,4919,1916,6050,4604,3849,953,654,1709,823,6239,3909,3698,1732,2333,4802,796,1280,2739,3728,4780,1953,2050,6568,4661,3215,6335,306,1093,2834,3330,2196,3330,3169
3226,3129,3783,3252,3661,4708,4524,3474,4480,4178,2404,3212,5223,4313,5031,5277,4643,3218,4700,5286,4461,3563,3207,0,3049,3440,4342,6682,6202,3033,4988,3761,2255,4698,2046,6213,3761,2006,3226,1645,4301,3931,5203,4133,3866,6076,6041,4935,2890,5211,2812,3967,2798,3998,3466,3044,4353,2010,3211,4014,3984,5240,5588,2644,6213,3795,4113,5402,2604,6533,5088,4920,3295,2531,2396,2108,6723,4652,4441,3961,4379,5286,3024,4490,1632,4472,5264,4182,4278,6213,5144,4787,6818,2535,4036,646,5003,4424,5003,4355
987,1892,439,594,2854,1698,4251,2983,2979,3487,1289,2277,5181,853,4757,5004,2140,203,2197,5012,4188,2006,958,3180,0,523,627,5176,6809,2643,4714,674,1819,3082,841,6819,674,1211,1695,3004,2799,1887,4929,783,1427,6683,6647,4662,1264,3595,846,545,378,1340,1909,1036,2851,1113,1680,2864,1941,4967,2703,976,6819,1137,1055,5129,2168,6260,4814,3419,422,906,2000,1074,5218,3151,2940,1302,2003,5012,366,1349,2990,2970,4990,1523,1273,6819,4871,2785,5313,867,1162,3044,3467,1766,3467,2739
1278,2198,528,1536,3160,1014,4732,3274,3285,3793,1707,2583,4647,381,4848,6328,1457,480,1513,6336,4668,1844,1250,3471,523,0,178,4642,8178,2949,4845,477,2110,3388,1133,8189,477,1502,1986,3295,3105,1615,5185,422,1732,8052,8017,4897,1556,3900,756,445,780,1411,1747,1327,3157,1404,1971,3170,1668,6291,3008,1918,8189,1443,872,6453,2459,7584,4744,3724,713,1197,2251,1366,4683,3456,3246,1374,1469,6336,816,1240,3281,3276,6314,1201,1090,8189,6195,3091,4779,1808,997,2800,2932,2071,2932,3045
1388,2232,563,1570,3194,837,4554,3383,3319,3827,1742,2617,4320,282,4521,6001,1279,547,1335,6009,4491,1879,1359,3581,592,178,0,4315,8001,2983,4517,511,2220,3422,1242,8011,511,1612,2095,3405,3139,1437,4858,313,1766,7874,7839,4570,1665,3935,866,479,850,1446,1782,1436,3191,1514,2081,3204,1490,5964,3043,1393,8011,1477,907,6126,2568,7257,4417,3759,822,1306,2361,1475,4356,3491,3280,1409,1142,6009,886,1274,3391,3310,5987,1236,1125,8011,5868,3125,4451,1284,820,2910,2605,2106,2605,3079
3156,5065,4585,4054,5180,4768,3813,5410,6416,6113,3716,5148,3252,4465,3060,3310,4703,4020,4760,3318,2490,4365,3137,5296,3851,4242,4225,0,7057,4969,3017,4563,4247,6633,3269,7067,4563,3639,3156,5120,6236,3862,2167,4935,4887,6931,6895,2965,3692,7146,3614,4769,3600,4800,4268,2974,6289,3541,3142,5950,3915,3273,6163,3446,7067,4597,4915,3435,4595,4565,3117,6856,4097,3333,4388,3502,4752,6588,6377,4763,4439,3318,3826,3993,5106,6407,3296,4984,5080,7067,3177,6245,4847,3337,3519,4506,5063,6752,5063,6291
6144,6365,7572,7041,5554,7755,5238,5367,6373,6070,6703,6244,4677,7453,4485,2393,7690,7008,7747,2402,3916,7352,6125,4752,6838,7229,7212,6124,0,6486,4442,7550,7234,7717,6256,10,7550,6626,6144,4552,6193,6849,2319,7923,7874,261,226,4390,6679,8230,6601,7756,6587,7787,7255,5962,6246,6528,6129,5907,6902,2356,8608,6433,10,7585,7902,2518,7583,1194,4542,6813,7084,6320,7375,6489,6025,6545,6334,7750,7426,2402,6814,6980,4538,6364,2380,7971,8067,10,2260,7806,6120,6324,6507,5188,9637,10326,9637,7374
1992,753,2483,2448,792,3376,5242,1565,2189,2268,2620,770,5941,2935,5749,5995,3818,2598,3875,6004,5179,2069,1963,1769,2428,2913,2981,7400,5392,0,5705,3140,1094,2322,1833,5402,3140,1385,2686,1593,2009,3539,5920,2754,1490,5265,5230,5653,2269,2835,2192,2588,2177,2619,1972,2027,2062,1390,2671,2105,3593,5958,3213,2023,5402,2416,2734,6120,1443,5541,5806,2629,2675,1911,1235,1487,7441,2361,2150,2582,3682,6004,2203,3376,1579,2180,5981,2803,2899,5402,5862,2411,7536,1914,2814,2205,5145,3045,5145,1979
3886,5794,4438,4783,5909,3901,1249,6139,7145,6843,4445,5877,235,3776,43,4577,3836,4750,3893,4586,475,5094,3867,6025,4580,3713,3535,3082,7985,5698,0,4004,4976,7160,3998,7995,4004,4368,3886,5849,6966,3846,3437,4100,5616,7859,7823,52,4421,7224,4343,4347,4329,5529,4997,3704,7018,4270,3871,6680,3899,4540,6991,4175,7995,5327,4492,4702,5325,5653,100,7585,3538,4062,5117,4231,3123,7317,7106,5492,3572,4586,4556,3683,5835,7137,4563,4821,4710,7995,4444,7074,3218,4066,3229,5235,4352,5885,4352,7020
1904,1884,267,1161,2846,1140,5601,2983,2971,3480,1333,2269,4623,699,4825,6304,1582,620,1639,6313,5485,1469,1876,4056,700,514,547,4619,8933,2636,4821,0,2133,2864,1759,8943,0,2087,2612,3880,2791,2255,5161,233,1419,8806,8771,4873,2140,3587,1765,499,1018,1036,1372,1953,2844,1726,2597,2856,2308,6267,2695,1543,8943,1129,498,6429,3044,7560,4721,3411,1722,1782,1993,1574,4660,3143,2932,999,1446,6313,916,2092,3866,2962,6290,827,716,8943,6171,2777,4755,1434,1638,3385,2909,1758,2909,2731
2042,1391,1976,2020,1443,2948,5292,1674,2166,2377,2192,1411,5990,2506,5798,6045,3390,2198,3447,6053,5229,1641,2013,1871,2278,2485,2553,7450,5500,1232,5755,3190,0,2270,1883,5510,3190,1435,2736,1695,1987,3589,5970,2203,1062,5374,5338,5703,2319,2782,2241,2160,2227,2191,1544,2077,2039,1439,2721,2214,3642,6008,3160,2073,5510,1988,2306,6170,603,5650,5855,2606,2724,1960,141,1537,7491,2338,2127,2154,3254,6053,1775,3426,1681,2158,6031,2375,2471,5510,5912,2359,7586,1964,2863,2307,4717,2617,4717,1927
2714,1694,2005,1970,2607,1968,5978,2743,2732,2780,2142,2030,5976,2052,6484,6730,2671,2148,2727,6739,5914,2278,2685,3584,2228,2053,2098,5823,7206,2396,6174,3540,2299,0,2568,7216,3540,2896,3421,3408,2552,3608,6656,1871,2228,7080,7044,6388,2950,274,2913,1705,2899,1119,2182,2762,2604,2536,3407,2617,3661,6693,169,2352,7216,1939,1324,6855,3853,7986,6074,3572,2518,2591,2159,2383,5864,2903,2693,1082,2853,6739,1725,3445,3394,2723,6717,1142,1148,7216,6597,86,5959,2243,2991,4194,4262,1347,4262,343
1009,2980,2516,1906,3449,2557,3565,3262,4268,3966,1568,3000,4263,2967,4071,4318,3805,1872,3862,4326,3502,2217,989,2322,1703,2094,2077,5722,7102,2821,4028,2415,2099,4486,0,7113,2415,1491,1008,2146,4089,1714,4243,2787,2739,6976,6941,3976,1544,4998,1466,2621,1452,2652,2120,349,4141,1393,994,3802,1767,4281,4015,1298,7113,2449,2767,4443,2447,5574,4128,4708,1949,1185,2240,1354,5763,4440,4229,2615,3541,4326,1678,1845,2132,4259,4304,2836,2932,7113,4185,4575,5859,1189,1371,1532,4165,3078,4165,4143
3929,2590,4177,4826,2641,5410,5227,2872,3878,3575,3053,2609,5925,5285,5733,5980,5345,4792,5402,5988,5164,3842,3909,3622,4623,5222,5044,7385,8346,2431,5690,5513,2363,4095,3102,0,5513,2655,3928,3446,3698,4634,5905,4528,3263,8219,8184,5638,4464,4608,4386,4361,4372,4392,3746,3746,3750,2659,3914,3412,4687,5943,4986,4218,8356,4190,4507,6105,2712,8495,5790,4318,5047,4105,2504,2757,7426,4050,3839,4355,5081,5988,4599,5192,3432,3869,5966,4576,4672,8356,5847,4184,7521,4109,4738,2701,5705,7563,5705,3752
1904,1884,267,1161,2846,1140,5601,2983,2971,3020,1333,2269,4623,699,4825,6304,1582,620,1639,6313,5485,1469,1876,4056,700,514,547,4619,8933,2636,4821,0,2133,2864,1759,8943,0,2087,2612,3880,2791,2255,5161,233,1419,8806,8771,4873,2140,3587,1765,499,1018,1036,1372,1953,2844,1726,2597,2856,2308,6267,2695,1543,8943,1129,498,6429,3044,7560,4721,3411,1722,1782,1993,1574,4660,3143,2932,999,1446,6313,916,2092,3866,2962,6290,827,716,8943,6171,2777,4755,1434,1638,3385,2909,1758,2909,2731
1095,1619,2344,1734,1670,2385,4345,1901,2907,2604,535,1638,5043,2795,4851,5098,2827,1700,2883,5106,4282,2872,1066,2099,1531,1922,1905,6502,5727,1460,4808,2243,738,3124,935,5738,2243,0,1789,1922,2727,2642,5023,2492,2293,5601,5566,4756,183,3637,1294,2449,1280,2480,2775,1130,2780,141,1774,2441,2695,5061,4015,763,5738,2277,2595,5223,1086,5877,4908,3347,1777,1013,878,239,6544,3079,2868,2443,3156,5106,1506,2479,1908,2898,5084,2664,2760,5738,4965,3214,6639,654,1916,1427,4945,2906,4945,2781
1217,3189,2725,2115,3658,2829,2365,3471,4477,4174,1777,3209,3063,2704,2871,3118,2764,2081,2821,3126,2302,2426,1198,3357,1912,2303,2463,4522,6865,3030,2828,2624,2308,4694,1330,6875,2624,1699,0,3181,4297,1923,3043,2873,2948,6739,6703,2776,1753,5207,1675,2830,1660,2861,2329,1035,4350,1602,1203,4011,1976,3081,5919,1507,6875,2658,2976,3243,2656,4374,2928,4917,2158,1394,2449,1563,4423,4649,4438,2823,2500,3126,1887,2054,3167,4468,3104,3044,3141,6875,2985,6001,4518,1398,1580,2567,3124,4982,3124,4352
3324,1925,4753,4221,2394,4806,4622,2207,3213,2911,3884,1945,5321,4680,5129,5375,4741,4188,4797,5384,4559,3178,3305,311,4018,4617,4440,6780,4930,1766,5086,4908,1699,3431,3436,4940,4908,3806,3324,0,3034,4029,5301,5005,2599,4803,4768,5033,3859,3943,3782,4937,3767,4967,3081,3142,3086,3708,3309,2747,4082,5338,4321,3613,4940,4765,5082,5500,2047,6631,5186,3653,4443,3501,1840,3669,6821,3385,3174,4930,4476,5384,3994,4587,14,3204,5362,5151,6978,4940,5242,3520,6916,3504,4133,747,5101,6959,5101,3088
5429,3549,4721,4686,3464,4684,8693,3558,3434,3595,4858,3418,8692,4767,9199,9446,5386,4864,5443,9455,8630,4467,5401,5439,4944,4769,4814,8539,7869,4251,8890,6256,4154,3194,5284,7879,6256,5055,6137,5262,0,6324,9371,4587,3888,7742,7707,9104,5665,2871,5629,4421,4947,3835,4370,5478,3140,5252,6122,3432,6377,9409,3249,5068,7879,4654,4040,9571,4758,8019,8790,2379,5233,5307,4014,5099,8580,3309,3098,3798,5569,9455,4441,6161,5249,3241,9432,3857,3863,7879,9313,3163,8675,4959,5706,5875,6978,3814,6978,3026
1433,3404,2940,2330,3873,3044,2150,3686,4692,4390,1992,3424,2848,2919,2656,2903,2979,2296,3036,2911,2087,2641,1413,3572,2127,2518,2678,4307,6650,3245,2613,2839,2523,4910,1545,6660,2839,1915,1432,3396,4513,0,2828,3088,3163,6524,6488,2561,1968,5422,1890,3045,1876,3076,2544,1250,4565,1817,1418,4226,2191,2866,6134,1722,6660,2873,3191,3028,2871,4158,2713,5132,2373,1609,2664,1778,4208,4864,4653,3039,2715,2911,2103,2826,3382,4683,2889,3260,3356,6660,2770,6216,4303,1613,1795,2782,3339,5197,3339,4567
4510,6197,5938,5407,5386,6121,3604,5199,6205,5902,5069,6076,3043,5819,2851,1178,6056,5373,6113,1186,2281,5718,4491,4584,5204,5595,5578,4502,4925,6318,2808,5916,5600,7548,4622,4935,5916,4992,4510,4383,6025,5215,0,6288,6240,4799,4763,2756,5045,8141,4967,6122,4953,6153,5621,4328,6077,4894,4495,5739,5268,1141,9211,4799,4935,5950,6268,1303,5949,2433,2908,6645,5450,4686,5741,4855,4403,6376,6166,6116,5792,1186,5180,5346,4369,6196,1164,6337,6433,4935,1045,7638,4498,4690,4873,5020,8015,8105,8015,7206
1988,1968,351,1244,2930,839,5300,3066,3055,3103,1416,2353,4322,280,4524,6003,1281,704,1338,6012,5184,1552,1959,4140,783,412,313,4317,8631,2719,4520,431,2217,2947,1842,8642,431,2171,3262,3963,2875,1954,4860,0,1502,8505,8470,4572,2224,3670,1179,260,1104,1120,1456,2036,2927,1810,3248,2940,2007,5966,2778,1626,8642,1213,581,6128,3127,7259,4420,3494,1136,1865,2076,1657,4359,3226,3016,1083,1145,6012,999,1791,3950,3046,5989,910,799,8642,5870,2861,4454,1517,1336,3468,2608,1841,2608,2815
2049,813,1261,1305,1493,2234,5313,1911,1900,1949,1477,1130,5716,1792,5819,6065,2676,1483,2732,6074,5250,927,2020,2752,1563,1770,1838,5712,6374,1564,5776,3281,1062,2003,1903,6385,3281,2232,2756,2576,1720,3348,5991,1489,0,6248,6212,5724,2285,2516,2248,1446,2234,1476,830,2097,1772,1871,2742,1785,3402,6028,2894,1687,6385,1274,1591,6191,1665,6524,5876,2340,2258,1926,921,1718,5753,2072,1861,1439,2539,6074,1060,3185,2562,1891,6052,1660,1756,6385,5932,2092,5848,1578,2731,3529,4002,1902,4002,1660
6270,6491,7699,7168,5680,7882,5364,5493,6499,6197,6830,6370,4803,7579,4611,2520,7817,7134,7873,2528,4042,7478,6251,4878,6964,7356,7338,6251,126,6613,4568,7677,7360,7843,6383,137,7677,6752,6270,4678,6320,6975,2445,8049,8001,0,352,4516,6805,8436,6728,7883,6713,7913,7382,6088,6372,6654,6255,6034,7028,2483,10972,6559,137,7711,8028,2645,7709,1321,4668,6939,7211,6447,7501,6615,6152,6671,6461,7876,7553,2528,6940,7107,4664,6491,2506,8097,8194,137,2387,7932,6247,6450,6633,5315,9764,9865,9764,7500
6306,6527,7734,7203,5716,7917,5400,5529,6535,6232,6865,6406,4839,7614,4647,2555,7852,7169,7909,2564,4077,7514,6286,4914,7000,7391,7374,6286,162,6648,4604,7712,7396,7879,6418,172,7712,6788,6305,4713,6355,7011,2480,8084,8036,35,0,4551,6841,8471,6763,7918,6749,7949,7417,6123,6407,6690,6291,6069,7064,2518,11007,6595,172,7746,8064,2680,7744,1356,4704,6975,7246,6482,7537,6651,6187,6707,6496,7912,7588,2564,6975,7142,4700,6526,2541,8133,8229,172,2422,7968,6282,6486,6668,5350,9799,9901,9799,7536
3678,5649,3382,4575,6118,3228,5600,5931,6937,6635,4238,5669,5236,3102,5437,6917,3163,3334,3220,6925,5537,4886,3659,5817,3193,3040,2862,5231,9047,5490,5434,3331,4768,6487,3790,9057,3331,4160,3678,5641,6758,3173,5774,3427,5408,8921,8885,0,4213,6551,2908,3299,4121,5713,4789,3496,6810,4062,3663,6472,3226,6880,6318,3967,9057,5119,3819,7042,5117,8173,5333,7377,2865,3854,4909,4023,5272,7109,6898,5676,2899,6925,4348,3010,5627,6929,6903,4148,4037,9057,6784,6401,5368,3858,2555,5027,3521,5381,3521,7500
854,1373,2103,1493,1488,2144,4104,1718,2724,2422,604,1456,4802,1904,4610,4857,2586,1459,2642,4865,4041,1804,825,1916,1290,1681,1664,6261,5545,1277,4567,2002,555,2942,694,5555,2002,206,1548,1740,2545,2401,4782,2252,2110,5418,5383,4515,0,3455,1053,2208,1039,2239,1707,889,2597,211,1533,2258,2454,4820,3832,885,5555,2036,2354,4982,904,6113,4667,3164,1536,772,696,308,6303,2896,2685,2202,2915,4865,1266,1863,1726,2716,4843,2423,2519,5555,4724,3031,6398,776,1675,1245,4704,2665,4704,2599
2791,1803,2083,2048,2716,2046,6055,2853,2841,2890,2220,2139,6054,2129,6256,6808,2748,2226,2805,6817,5992,2356,2763,3693,2306,2131,2176,5901,7315,2506,6252,3618,2409,327,2646,7326,3618,2974,3499,3517,2661,3686,6733,1949,2306,7189,7154,6466,3028,0,2991,1783,2977,1197,2259,2840,2714,2614,3484,2726,3739,6771,378,2430,7326,2016,1402,6933,3931,8064,6152,3523,2595,2669,2268,2461,5942,3013,2802,1160,2931,6817,1803,3523,3503,2832,6794,1219,1226,7326,6675,296,6037,2321,3069,4272,4340,1176,4340,482
687,2400,913,1300,2869,1255,3951,2682,3688,3386,988,2420,4738,1016,4457,4703,1697,677,1754,4712,3887,1611,658,2880,531,793,775,4734,6509,2241,4414,1114,1519,3906,541,6519,1114,911,1394,2704,3509,1512,4629,1089,2133,6382,6347,4361,964,4418,0,1081,613,2046,1514,735,3561,813,1380,3222,1566,4666,3409,692,6519,1844,1509,4828,1867,5959,4514,4128,121,605,1660,774,4775,3860,3649,2009,2027,4712,1073,974,2690,3679,4690,1838,1727,6519,4570,3995,4870,583,787,2209,3024,2473,3024,3563
1452,1891,221,1326,2853,1306,5087,2989,2978,3026,1498,2276,4789,424,4990,6470,1748,465,1805,6478,5024,2004,1423,3645,545,422,457,4784,8534,2642,4987,267,2140,2870,1306,8545,267,1676,2159,3469,2798,1971,5327,376,1425,8408,8372,5039,1729,3594,930,0,866,1338,1908,1500,2850,1578,2145,2863,2024,6433,2701,1709,8545,1136,663,6595,2632,7726,4886,3418,886,1370,1999,1740,4825,3149,2939,1301,1611,6478,839,1433,3455,2969,6456,992,881,8545,6337,2784,4921,1599,1245,2974,3074,1765,3074,2738
1362,1917,760,618,2879,2121,4626,3316,3004,3052,790,2302,5324,1680,5132,5378,2564,372,2620,5387,4562,929,1333,3514,342,780,850,5600,7143,2668,5089,2510,2153,3107,1216,7153,2510,1545,2069,3337,2824,2909,5304,1377,1451,7016,6981,5037,1598,3619,1561,1333,0,1364,832,1410,2876,1184,2055,2889,2962,5341,2727,1000,7153,1162,1409,5503,2501,6634,5189,3443,2044,1239,2294,1031,5641,3175,2965,1327,2427,5387,391,2746,3324,2995,5365,1548,1644,7153,5245,2810,5736,891,2183,2842,3890,1790,3890,2764
1962,1942,1174,1218,2904,1938,5225,3916,3028,3077,1390,2326,5629,1705,5732,5978,2641,1396,2697,5987,5162,1526,1933,4114,1476,1683,1751,5625,7742,2693,5689,3193,2753,2184,1816,7753,3193,2144,2669,3937,2849,3261,5904,1402,1476,7616,7581,5636,2198,2248,2161,1358,2147,0,1429,2010,2901,1784,2655,2914,3314,5941,2016,1600,7753,1187,698,6103,3101,7234,5789,3468,2171,1839,2050,1631,5666,3200,2989,37,2452,5987,973,3098,3923,3020,5965,715,932,7753,5845,2098,5761,1491,2644,3442,3915,1079,3915,2789
1255,1798,1030,412,2760,2002,4519,3209,2885,2933,683,2183,5217,1561,5025,5272,2445,653,2501,5280,4456,97,1226,3407,856,1539,1607,5481,7036,2549,4982,2403,2046,2988,1109,7046,2403,1438,1963,3231,2705,2802,5197,1258,1332,6909,6874,4930,1491,3500,1454,1214,1440,1245,0,1304,2757,1077,1948,2770,2855,5235,2608,894,7046,1043,1360,5397,2394,6528,5082,3324,1938,1132,2187,925,5522,3056,2846,1208,2308,5280,829,2639,3217,2876,5258,1429,1525,7046,5139,2691,5617,784,2077,2736,3771,1671,3771,2645
1007,2820,2355,1746,3289,3587,3282,3102,4108,3805,1408,2839,3980,3462,3788,4035,3522,1712,3579,4043,3219,2057,988,2865,1542,1934,3221,5440,6820,2661,3745,2255,1938,4325,271,6830,2255,1330,726,2689,3928,1712,3960,2504,2579,6693,6658,3693,1384,4838,1306,2461,1291,2492,1960,0,3980,1232,711,3642,1765,3998,6677,1137,6830,2289,2606,4160,2287,5291,3845,4548,1789,1025,2079,1194,5481,4280,4069,2454,3258,4043,1518,3369,2675,4099,4021,2675,2772,6830,3902,4414,5576,1028,2915,2075,3882,5571,3882,3982
4582,2469,3723,3766,1088,4695,7833,1634,548,1166,3938,2168,8178,4253,8339,8586,5137,3944,5193,8594,7770,3388,4554,3335,4024,4231,4299,8173,5437,2410,8296,5742,3075,3640,4423,5447,5742,3975,5276,3134,230,5810,8511,4073,2809,5311,5275,8244,4746,4153,4782,3907,4767,3937,3291,4617,0,3980,5262,1530,5863,8549,4531,4149,5447,3735,4052,8711,4033,5587,8396,891,4719,4387,2934,4180,8214,435,224,3900,5000,8594,3522,5646,3121,392,8572,4121,4217,5447,8453,3730,8309,4039,5192,3771,6463,4364,6463,3298
983,1714,2233,1623,2183,2273,4247,1996,3002,2699,394,1734,4945,2034,4753,5000,2716,1589,2772,5009,4184,1934,955,2194,1420,1811,1794,6405,5822,1555,4710,2132,833,3219,838,5833,2132,141,1691,2017,2822,2531,4925,2381,2388,5696,5661,4658,278,3732,1183,2338,1168,2369,1837,1032,2875,0,1676,2536,2584,4963,4110,622,5833,2166,2483,5125,1181,5972,4810,3442,1666,861,973,110,6446,3174,2963,2331,3045,5009,1395,1993,2003,2993,4986,2552,2649,5833,4867,3309,6541,513,1805,1522,4847,2795,4847,2877
1141,3112,2648,2038,3581,2752,2442,3394,4400,4098,1700,3132,3140,2627,2948,3194,2687,2004,2744,3203,2378,2349,1121,3280,1835,2226,2386,4599,6942,2953,2905,2547,2231,4618,1253,6952,2547,1623,1141,3104,4221,1846,3120,2797,2871,6816,6780,2853,1676,5130,1598,2753,1584,2784,2252,959,4273,1525,0,3934,1899,3157,5842,1430,6952,2581,2899,3319,2579,4450,3005,4840,2081,1317,2372,1486,4500,4572,4361,2747,2423,3203,1811,2534,3090,4391,3181,2968,3064,6952,3061,5925,4595,1321,1503,2490,3047,4905,3047,4275
3441,1400,2732,2697,693,3626,6705,544,875,172,2869,1099,7108,3184,7211,7458,4068,2875,4124,7466,6642,2319,3412,3040,2955,3186,3230,7104,5142,1341,7168,4673,2006,2571,3295,5152,4673,2403,4148,2839,696,4740,7383,2881,1740,5016,4980,7116,3677,3084,3640,2838,3626,2868,2222,3489,748,2407,4134,0,4794,7421,3462,3079,5152,2666,2983,7583,2609,5292,7206,1667,3650,3318,1865,3110,7145,1047,836,2831,3931,7466,2452,4577,2826,866,7444,3052,3148,5152,7325,2661,7240,2970,4123,3476,5394,3294,5394,2228
3123,5094,2827,4020,5564,2673,5045,5377,6383,6080,3683,5114,4682,2548,4884,6363,2608,2779,2665,6372,4982,4331,3104,5263,2638,2485,2307,4678,8492,4935,4880,2776,4213,5932,3235,8502,2776,3605,3123,5086,6203,2618,5220,2872,5981,8366,8330,4932,3658,5996,2353,2744,3566,5158,4234,2941,6255,3507,3108,5917,0,6326,5763,3412,8502,5692,3264,6488,4562,7619,4780,8378,2310,3300,4354,3468,4719,6554,6344,5120,2344,6372,3793,2455,5073,6374,6350,4839,4845,8502,6230,5845,4814,3303,2001,4472,2968,4826,2968,6945
6702,5700,8130,7599,4889,8313,5796,4702,5708,5405,7261,5579,5235,8188,5043,14,8248,7565,8305,22,4473,6799,6682,4087,7396,7787,7947,6682,3761,5821,5000,8108,5498,7052,6814,3772,8108,7184,6701,3886,5528,7407,2876,8480,6220,3635,3599,4947,7237,7644,7159,8314,7145,8345,6702,6520,5580,7086,6687,5242,7460,0,8022,6991,3772,8142,8460,139,5846,1270,5100,6148,7642,6878,5639,7047,6723,5880,5669,8308,7984,22,7372,7538,3872,5699,6199,8529,11072,3772,2818,7141,6818,6882,7064,4523,10195,10883,10195,6709
2545,1865,1836,1802,2778,1799,5809,2915,2903,2952,1973,2201,5807,1883,6315,6562,2502,1979,2559,6570,5746,2110,2516,3755,2059,1885,1929,5654,7378,2568,6272,3372,2774,169,2399,7388,3372,2728,3253,3579,2723,3439,6487,1703,2060,7251,7216,6220,2781,378,2744,1537,2730,951,2013,2594,2776,2367,3238,2788,3493,6525,0,2184,7388,1770,1155,6687,3685,7818,5905,3743,2349,2422,2633,2215,5696,3075,2864,913,2685,6570,1557,3276,3565,2894,6548,973,979,7388,6429,82,5791,2075,2822,4026,4093,1178,4093,514
612,2284,1244,858,2753,1902,3875,2566,3572,3269,872,2303,4574,1920,4382,4628,2344,825,2400,4637,3812,1169,583,2763,655,1305,1422,6033,6392,2125,4338,1760,1402,3347,466,6403,1760,794,1319,2587,3392,2159,4553,1617,1691,6266,6231,4286,848,3859,811,1574,404,1604,1072,660,3444,696,1304,3106,2212,4591,2967,0,6403,1402,1650,4753,1751,5884,4439,4012,1294,489,1543,658,6074,3744,3533,1567,2667,4637,631,1621,2573,3563,4614,1788,1884,6403,4495,3050,6169,111,1433,2092,4476,2031,4476,3004
12291,14678,13720,13188,14730,14993,10518,14960,15967,15664,12851,14698,10674,15372,10551,10248,13838,13155,13894,10257,10613,15931,12272,11909,12985,13377,13537,12832,11152,14519,10508,13697,14452,16184,12403,11162,13697,12773,12291,11708,15787,12996,10173,15191,15352,11025,10990,10456,12826,16697,12749,13904,12734,13934,15834,12109,15839,12675,12276,15501,13049,10211,16355,12580,0,13732,15584,10373,14801,9579,10609,16406,13232,12468,14593,12636,12733,16138,15928,13897,13573,10257,12961,13128,11694,15958,10234,14118,15802,11162,10115,16273,12828,12471,12654,14790,13873,15886,13873,15841
1759,755,972,1016,1435,1944,5023,1853,1842,1891,1187,1072,5427,1502,5529,5776,2386,1194,2443,5784,4960,637,1730,2694,1273,1480,1549,5422,6316,1506,5486,2991,1004,1945,1613,6327,2991,1942,2467,2518,1662,3059,5701,1199,290,6190,6155,5434,1995,2458,1959,1156,1944,1187,540,1808,1714,1581,2452,1727,3112,5739,2836,1398,6327,0,1301,5901,1607,7032,5586,2282,1968,1636,863,1429,5464,2014,1803,1149,2249,5784,771,2895,2504,1833,5762,1370,1467,6327,5643,2034,5559,1289,2441,3240,3712,1613,3712,1602
2007,1987,616,1264,2949,1312,5271,3961,3074,3122,1435,2372,4795,871,4997,6476,1755,993,1811,6485,5208,1572,1978,4159,1070,872,917,4791,7788,2738,4993,2359,2798,1936,1861,7798,2359,2190,2715,3983,2894,2427,5334,691,1521,7661,7626,5045,2243,2000,1380,524,1388,698,1475,2056,2946,1829,2700,2959,2480,6439,1768,1646,7798,1232,0,6601,3146,7732,4893,3514,1337,1884,2095,1677,4832,3246,3035,660,1618,6485,1019,2264,3969,3065,6463,212,330,7798,6343,1850,4927,1536,1810,3488,3081,831,3081,2834
6563,5561,7991,7460,4750,8174,5657,4563,5569,5266,7122,5440,5096,8049,4904,2812,9881,7427,9938,2821,4335,6660,6544,3948,7257,7648,7808,6543,3622,5682,4861,7969,5359,6913,6675,3633,7969,7045,6563,3747,5389,7268,2738,8341,6081,3496,3461,4809,7098,7506,7020,8175,7006,8206,6563,6381,5442,6947,6548,5103,7321,2775,7884,6852,3633,8004,8321,0,5707,1131,4961,6009,7503,6739,5500,6908,6585,5741,5530,8169,7845,2821,7233,7399,3734,5560,2799,8390,8486,3633,2679,7002,6680,6743,6926,4384,10056,10745,10056,6570
3127,1399,3065,3031,1451,3959,6190,1681,2687,2385,3202,1419,6888,3517,6696,6943,4401,3208,4458,6951,6127,2652,3099,1879,3288,3519,3564,8347,5508,1240,6653,4276,603,2905,2968,5518,4276,2520,3821,1702,2508,4675,6868,3214,2073,5381,5346,6601,3405,3417,3327,3171,3312,3201,2555,3162,2560,2525,3807,2221,4728,6906,3795,3413,5518,2999,3316,7068,0,5658,6753,3127,3983,3046,744,2622,8389,2859,2648,3164,4264,6951,2786,4511,1689,2678,6929,3385,3482,5518,6810,2994,8484,3304,3949,2315,5727,3628,5727,2562
4582,3243,4831,5480,3713,6064,5881,3526,4532,4229,5142,3263,6579,5939,6387,6634,5999,5446,6056,6642,5818,4496,4563,4276,5277,5876,5698,8038,8999,3084,6344,6167,3017,4749,3756,9010,6167,3308,4582,4099,4352,5288,6559,5181,3917,8873,8838,6292,5118,5262,5040,5015,5025,5046,4399,4400,4404,3313,4568,4066,5341,6597,5640,4872,9010,4843,5161,6759,3366,0,6444,4971,5701,4759,3158,3410,8080,4703,4493,5009,5735,6642,5252,5846,4086,4523,6620,5230,5326,9010,6501,4838,8175,4762,5392,3355,6359,8048,6359,4406
4154,6125,4155,5051,6594,4001,1517,6407,7413,7111,4713,6145,135,3876,104,4845,3936,5018,3993,4854,575,5362,4135,6293,4848,3813,3635,2982,8085,5966,100,4104,5244,7260,4266,8095,4104,4636,4154,6117,7234,3946,3705,4200,5884,7959,7923,152,4689,8144,4611,4447,4597,5797,5265,3972,7286,4538,4139,6947,3999,4808,7092,4443,8095,5595,4593,4970,5593,5753,0,7853,3638,4330,5385,4499,3023,7585,7374,5760,3672,4854,4824,3783,6103,7405,4831,4922,4810,8095,4712,7174,3118,4334,3329,5503,4252,5985,4252,7288
3642,1529,2782,2826,1273,3754,6892,1367,516,1405,2997,1227,7237,3312,7398,7645,4196,3004,4253,7653,6829,2447,3613,3419,3083,3290,3359,7232,5678,1469,7355,4801,2135,2601,3482,5688,4801,3035,4336,3243,986,4869,7570,3132,1868,5552,5516,7303,3805,2279,3841,2966,3827,2997,2350,3677,775,3039,4321,1241,4922,7608,2657,3208,5688,2794,3111,7770,3092,5828,7455,0,3778,3446,1994,3239,7274,437,667,2959,4059,7653,2581,4705,3229,433,7631,3180,3277,5688,7512,2570,7369,3099,4251,3855,5523,3423,5523,2357
565,2279,910,1179,2748,1856,3829,2561,3567,3264,867,2299,4527,1324,4335,4582,2298,674,2354,4591,3766,1490,537,2759,506,931,1000,5987,6387,2120,4292,1714,1398,3784,420,6398,1714,789,1273,2582,3387,2113,4507,1255,2012,6261,6226,4240,843,4297,765,1016,486,1925,1393,614,3440,692,1258,3101,2166,4545,3288,571,6398,1723,2040,4707,1746,5838,4393,4007,0,484,1538,653,6028,3739,3528,1888,2627,4591,952,1949,2568,3558,4568,2109,2205,6398,4449,3874,6123,462,1387,2087,4429,2351,4429,3441
1364,1888,2614,2004,2358,2654,4615,2171,3177,2874,477,1908,5313,3065,5121,5367,3097,1970,3153,5376,4552,3141,1336,2368,1801,2192,2175,6772,5997,1729,5078,2513,1007,3394,1205,6007,2513,399,2058,2192,2997,2912,5293,2885,2562,5871,5835,5026,452,3907,1564,2719,1549,2750,3045,1399,3049,301,2044,2711,2965,5331,4285,1396,6007,2547,2864,5493,1356,6147,5178,3617,2047,0,1148,262,6813,3348,3138,2712,3426,5376,1776,2748,2178,3168,5354,2933,3030,6007,5235,3483,6908,1286,2186,1697,5215,3176,5215,3051
2183,988,1835,1879,1584,2807,5433,1815,2026,2074,2051,1256,6131,2365,5939,6186,3249,2057,3306,6194,5370,1500,2154,2012,2137,2344,2412,6286,5641,1373,5896,3331,141,2129,2023,5651,3331,1576,2877,1836,1846,3922,6111,2062,921,5515,5479,5844,2460,2641,2382,2019,2368,2050,1403,2218,1898,1580,2862,2355,3975,6149,3019,2261,5651,1847,2165,6311,744,5791,5996,2465,2832,2101,0,2292,6327,2197,1987,2013,3113,6194,1634,3759,1822,2017,6172,2234,2330,5651,6053,2218,6422,2152,3305,2448,4576,2476,4576,1786
831,1811,2080,1470,2280,2121,4095,2093,3100,2797,241,1831,4793,1882,4601,4848,2563,1437,2620,4856,4032,1781,802,2291,1267,1658,1641,6252,5920,1652,4558,1979,930,3317,685,5930,1979,239,1538,2115,2920,2378,4773,2229,2303,5794,5758,4506,375,3830,1030,2185,1016,2216,1684,880,2972,110,1524,2634,2431,4811,4208,470,5930,2014,2331,4973,1279,6104,4658,3539,1513,708,1071,0,6293,3271,3061,2179,2893,4856,1243,1840,2101,3091,4834,2400,2496,5930,4715,3406,6389,360,1653,1620,4695,2642,4695,2974
5785,6150,4709,5426,7112,4172,3148,8039,7237,7285,5598,6535,2170,4551,2372,6448,4576,5086,4171,6457,2843,5735,5766,7925,5166,4696,4597,219,9532,6901,2368,5259,6876,7719,5898,9542,5259,6268,5785,7749,7057,5101,6373,4371,5684,9405,9370,2420,6321,7783,4837,4618,6229,5302,5638,5603,7109,6170,5771,7122,5154,6411,7551,6075,9542,5395,4763,6573,7224,7199,2268,7677,4793,5962,7017,6131,0,7408,7198,5265,3851,6457,5182,4938,7735,7228,6434,5092,4981,9542,6315,7633,95,5966,4484,7135,3053,6444,3053,6997
10822,9428,12251,11720,8769,12304,12121,8582,7979,7201,11382,8202,12819,12178,12627,12873,12239,11686,12295,12882,12057,9422,10803,7814,11516,12050,11938,14278,8926,8445,12584,12407,9201,10439,10935,8936,12407,11304,10822,7613,7799,11527,12799,12503,8843,8799,8764,12532,11357,10117,11281,12435,11265,11080,9325,10640,7852,11206,10807,7564,11580,12836,10494,11111,8936,12263,11285,12998,9550,9076,12684,9624,11941,10999,9342,11167,14179,0,7940,11043,11975,12882,11492,12086,7600,7970,12860,11102,11109,8936,12740,10408,14274,11002,11631,8250,12599,11059,12599,10271
10600,9205,12028,11497,8547,12081,11898,8360,7756,6978,11159,7980,12596,11956,12404,12651,12016,11463,12073,12659,11835,9200,10580,7591,11294,11828,11715,14056,8703,8222,12361,12184,8979,10217,10712,8713,12184,11082,10599,7391,7577,11305,12576,12280,8621,8577,8541,12309,11135,9894,11058,12212,11043,10858,9103,10417,7629,10984,10585,7342,11358,12614,10272,10889,8713,12040,11062,12776,9327,8853,12461,9402,11718,10776,9120,10945,13957,7928,0,10820,11752,12659,11270,11863,7377,7748,12637,10880,10886,8713,12518,10186,14052,10780,11409,8027,12376,10836,12376,10049
1924,1904,1137,1181,2866,1901,5188,3879,2991,3500,1353,2289,5592,1667,5694,5941,2604,1359,2660,5950,5125,1489,1896,4076,1439,1646,1714,5588,7705,2656,5651,3156,2715,2147,1779,7716,3156,2107,2632,3900,2812,3224,5866,1364,1439,7579,7543,5599,2160,2211,2125,1321,1442,37,1392,1973,2864,1747,2617,2876,3277,5904,1978,1563,7716,1149,660,6066,3064,7197,5690,3431,2133,1802,2013,1594,5489,3163,2952,0,2415,5950,936,3061,3886,2982,5927,678,895,7716,5808,2061,5584,1454,2607,3405,3878,1041,3878,2751
2849,2985,1544,2262,3947,1007,4772,4192,4072,4120,2433,3370,4474,1386,4676,5525,548,1921,605,5533,4709,2570,2830,4989,2001,1531,1433,4469,8219,3736,4672,2098,3029,3631,2051,8229,2098,2421,2849,4813,3892,1940,5450,1206,2520,8092,8057,4724,2474,3695,1676,1453,2118,2137,2473,2667,3944,2323,2835,3957,1993,5488,3462,2644,8229,2230,1598,5650,3377,6780,4572,4512,1632,2115,3093,2675,4370,4244,4033,2100,0,5533,2017,1777,4799,4063,5511,1927,1816,8229,5392,3545,4466,2535,1323,4199,2760,2526,2760,3832
6662,5660,8169,7559,4849,8273,5756,4662,5668,5365,7221,5539,5195,8148,5003,2911,8208,7526,8265,2920,4433,6759,6643,4047,7356,7748,7907,6642,3721,5781,4960,8069,5458,7012,6774,3732,8069,7144,6662,3846,5488,7367,2837,8440,6180,3595,3560,4908,7197,7605,7120,8274,7105,8305,6662,6480,5541,7046,6647,5202,7420,2874,7982,6951,3732,8102,8420,99,5806,1230,5060,6108,7604,6838,5599,7007,6543,5840,5629,8268,7944,0,7332,7498,3833,5659,2898,8489,8585,3732,2778,7896,6638,6842,7601,4483,10155,10844,10155,6669
988,1526,613,245,2488,1731,4252,2943,2613,3121,417,1911,4950,1289,4758,5005,2173,835,2229,5014,4189,556,960,3140,915,1267,1335,5209,6769,2277,4715,2138,1779,2716,843,6779,2138,1171,1696,2964,2433,2537,4930,986,1060,6643,6607,4663,1224,3229,1189,943,1173,973,459,1037,2485,810,1681,2498,2590,4968,2337,627,6779,771,1019,5130,2128,6261,4815,3053,1672,866,1634,658,5110,2784,2574,936,2036,5014,0,1999,2950,2604,4991,1157,1253,6779,4872,2419,5205,518,1811,2469,3499,1400,3499,2373
770,2742,2278,1668,3211,2320,3327,3024,4030,3727,1330,2762,4025,2729,3833,4079,3567,1634,3624,4088,3264,1979,751,2910,1465,1857,1840,5484,6864,2583,3790,2178,1861,4247,883,6874,2178,1252,770,2734,3850,1953,4005,2426,2501,6738,6702,3738,1306,4760,1229,2383,1213,2414,1882,588,3903,1155,756,3564,2006,4042,3777,1060,6874,2211,2529,4205,2209,5335,3890,4470,1712,947,2002,1116,5385,4202,3991,2376,3303,4088,1440,0,2720,4021,4066,2597,2694,6874,3946,4337,5480,951,1851,2120,3927,2840,3927,3905
12381,14768,13809,13278,14820,15082,10607,15050,16056,15753,12940,14788,10764,15461,10641,10338,13927,13244,13984,10346,10703,16021,12361,11998,13075,13466,13626,12921,11241,14609,10598,13787,14542,16273,12493,11252,13787,12863,12380,11798,15876,13086,10263,15281,15442,11115,11080,10546,12916,16786,12838,15528,12824,14024,15924,12199,15929,12765,12366,15590,13139,10301,16445,12670,11252,13821,15674,10463,14890,9668,10698,16496,13321,12557,14682,12726,12822,16228,16017,13987,13663,10346,13051,13217,0,16047,10324,14208,15891,11252,10205,16363,12918,12561,12711,14879,13963,15976,13963,15931
4889,2848,4180,4145,1189,5073,8211,1228,231,1545,4317,2546,8556,4632,8718,8964,5516,4323,5572,8973,8148,3766,4860,3436,4403,4610,4678,8552,5538,2789,8675,6120,3454,4019,4802,5548,6120,4354,5655,3236,562,6188,8889,4452,3187,5412,5376,8622,5125,2676,5089,4285,5146,4316,3670,4996,501,4359,5641,1101,6241,8927,3054,4527,5548,4114,4431,9089,4412,5688,8775,522,5098,4766,3313,4558,8453,155,243,4279,5379,8973,3900,6025,3222,0,8950,4500,4596,5548,8831,4108,8548,4418,5571,3872,6842,4742,6842,3676
6702,5700,8209,7599,4889,8313,5796,4702,5708,5405,7261,5579,5235,8188,5043,14,8248,7565,8305,22,4473,6799,6682,4087,7396,7788,7947,6682,3761,5821,5000,8109,5498,7052,6814,3772,8109,7184,6701,3886,5528,7407,2876,8480,6220,3635,3599,4947,7237,7644,7160,8314,7145,8345,6702,6520,5580,7086,6687,5242,7460,2914,8022,6991,3772,8142,8460,139,5846,1270,5100,6148,7643,6878,5639,7047,6583,5880,5669,8308,7984,22,7372,7538,3872,5699,0,8529,8625,3772,2818,7936,6678,6882,7641,4523,10195,10883,10195,6709
2406,2385,945,1662,3348,1249,6766,4360,3472,3981,1834,2770,5124,1200,5326,6805,1952,1322,2008,6814,6703,1970,2377,4557,1399,1201,1246,5104,10213,3137,5322,2688,2635,1779,2260,10223,2688,2588,3113,4381,3293,2756,5663,1020,1920,10087,10051,5374,2642,1843,1709,853,1717,715,1873,2454,3345,2228,3098,3357,2809,6768,1610,2044,10223,1630,212,6931,3545,8061,5222,4225,1666,2283,2494,2075,5145,3644,3433,678,2134,6814,1417,2593,4367,3464,6792,0,117,10223,6672,1693,5240,1935,2139,3886,3410,673,3410,2792
2294,2274,833,1551,3236,1138,6655,4249,3361,3869,1723,2659,5013,1088,5215,6694,1840,1211,1897,6703,6592,1859,2266,4446,1288,1090,1135,4993,10102,3026,5211,2577,2523,1844,2149,10112,2577,2477,3002,4270,3181,2645,5551,908,1809,9975,9940,5263,2530,1908,1598,742,1606,832,1762,2343,3234,2116,2987,3246,2698,6657,1675,1933,10112,1519,361,6819,3434,7950,5111,4290,1554,2172,2382,1964,5034,3533,3322,795,2023,6703,1306,2482,4256,3352,6680,117,0,10112,6561,1757,5129,1824,2028,3775,3299,738,3299,2857
3792,2453,4119,3764,2504,5273,5090,2735,3741,3438,2916,2472,5788,5148,5596,5843,5208,3730,5265,5852,5027,3706,3773,3485,3561,5247,4907,7248,8209,2294,5553,5376,2226,3958,2965,8219,5376,2518,3792,3309,3561,4497,5768,4391,3127,8082,8047,5501,3402,4471,4250,4225,3310,4255,3609,3610,3614,2522,3777,3275,4550,5806,4849,3156,8219,4053,4370,5968,2575,8359,5653,4181,4910,3043,2367,2620,7149,3913,3702,4218,4944,5852,3537,5055,3295,3732,5829,4439,4535,0,5710,4048,7244,3047,4601,2564,5568,7426,5568,3615
6937,5935,8445,7835,5124,8549,6032,4938,5944,5641,7497,5815,5470,8423,5278,250,10256,7801,10313,258,4709,7035,6918,4323,7632,8024,8183,6918,3997,6057,5235,8345,5733,7287,7050,4007,8345,7419,6937,4122,5764,7642,3112,8716,6456,3871,3835,5183,7473,7880,7396,8550,7380,8581,6938,6755,5816,7321,6923,5478,7696,213,8258,7227,4007,8378,8695,375,6082,1505,5335,6383,7879,7114,5874,7283,6819,6115,5905,8543,8220,258,7607,7774,4108,5935,236,8764,11308,4007,0,8172,6914,7117,7877,4759,10431,11119,10431,6944
2627,1783,1919,1884,2696,1881,5891,3469,2821,3329,2056,2119,6295,2370,6397,6644,2584,2062,2641,6653,5828,2192,2599,3673,2142,1967,2417,5737,7295,2485,6354,3859,3418,86,2482,7305,3859,2810,3335,3497,2641,3927,6569,2067,2142,7169,7133,6302,2863,296,2828,1619,2145,1033,2095,2676,2693,2449,3320,2706,3980,6607,82,2266,7305,1852,1238,6769,3767,7900,6393,3661,2431,2505,2716,2297,5778,2993,2782,996,2767,6653,1639,3764,3483,2812,6630,1055,1061,7305,6511,0,5873,2157,3310,4108,4581,1260,4581,432
5690,6055,4614,5331,7017,4077,3053,7944,7142,7650,5503,6440,2075,4456,2277,6353,4020,4991,4076,6361,2748,5640,5671,7830,5071,4600,4502,194,9437,6806,2273,5164,6780,7624,5803,9447,5164,6172,5690,7654,6962,5006,6278,4276,5589,9310,9275,2325,6226,7688,4742,4523,6133,5207,5543,5508,7014,6075,5676,8484,5059,6316,7456,5980,9447,5300,4668,6478,7129,7104,2173,7581,4698,5867,6921,6036,133,7313,7103,5170,3755,6361,5086,4843,7640,7133,6339,4997,4886,9447,6220,7538,0,5870,4389,7040,2957,6349,2957,6902
498,2171,1131,745,2640,2249,3762,2453,3459,3156,759,2190,4460,1807,4268,4515,2691,712,2747,4524,3699,1056,470,2650,542,1192,1310,5920,6279,2012,4225,1648,1289,3234,353,6290,1648,681,1206,2474,3279,2047,4440,1504,1578,6153,6118,4173,735,3746,699,1460,291,1491,959,547,3331,583,1191,2993,2100,4478,2854,107,6290,1289,1536,4640,1638,5771,4326,3899,1182,376,1430,545,5821,3631,3420,1454,2554,4524,518,1509,2460,3450,4501,1675,1771,6290,4382,2937,5916,0,1321,1979,4363,1917,4363,2891
1912,3884,1376,2810,4353,1213,4468,4166,5172,4869,2472,3903,4696,1205,4975,5221,1655,1329,1712,5230,4405,3121,1893,4052,1187,1004,965,4691,7771,3725,4932,1325,3002,3999,2025,7781,1325,2394,1912,3876,4992,855,5147,1278,2726,7645,7609,4879,2448,5902,903,1293,2355,2343,3024,1730,5044,2297,1898,4706,909,5184,3830,2202,7781,2436,1805,5346,3351,6477,5032,5612,859,2089,3143,2258,4733,5344,5133,2306,1722,5230,2582,553,3862,5163,5208,2134,2022,7781,5088,3913,4828,2092,0,3262,2982,2724,2982,5046
2712,2678,3348,2738,3147,4194,4010,2960,3966,3664,1890,2698,4708,4068,4516,4763,4129,2704,4185,4772,3947,3931,2693,1307,2535,4167,3828,6168,5688,2519,4473,4297,1741,4184,1532,5698,4297,1491,2712,1131,3786,3417,4688,3619,3352,5562,5526,4421,2376,4696,2299,3453,2283,3484,3834,2530,3839,1496,2697,3500,3470,4726,4355,2129,5698,3281,3598,4888,2090,6019,4573,4406,3831,2017,1882,1593,6069,4138,3927,3446,3865,4772,2510,3975,1117,3957,4749,3667,3764,5698,4630,4273,6164,2020,3521,0,4489,6177,4489,3841
3428,5399,4935,4325,5868,5039,4084,5681,6687,6385,3987,5419,3523,4914,3331,3581,4974,4291,5031,3589,2762,4636,3408,5567,4122,4514,4673,4982,7328,5240,3288,5142,4518,6905,3540,7338,5142,3910,3427,5391,6508,4133,2438,5206,5158,7202,7166,3236,3963,7417,3886,5040,3871,5071,4539,3245,6560,3812,3413,6221,4186,3544,8129,3717,7338,4868,5186,3706,4866,4837,3388,7127,4676,3604,4659,3773,4883,6859,6648,5034,4710,3589,4097,4264,5377,6678,3567,5255,5351,7338,3448,8211,4978,3608,3758,4777,0,7023,0,6562
2388,2368,1679,1644,3330,1458,5652,4342,3455,3963,1816,2753,6056,2131,6158,6405,2161,1822,2218,6413,5589,1953,2359,4540,1902,1544,2177,5313,8169,3119,6115,3620,3179,1423,2242,8179,3620,2571,3096,4364,3275,3688,6330,1828,1902,8042,8007,6063,2624,1487,2589,1196,1906,1079,1856,2437,3327,2210,3081,3340,3741,6368,1255,2027,8179,1613,831,6530,3527,7661,6153,4288,2008,2265,2476,2058,5355,3627,3416,1041,2344,6413,1400,3524,4350,3446,6391,816,638,8179,6272,1337,5450,1917,3070,3869,4341,0,4341,1769
3428,5399,4935,4325,5868,5039,4084,5681,6687,6385,3987,5419,3523,4914,3331,3581,4974,4291,5031,3589,2762,4636,3408,5567,4122,4514,4673,4982,7328,5240,3288,5142,4518,6905,3540,7338,5142,3910,3427,5391,6508,4133,2438,5206,5158,7202,7166,3236,3963,7417,3886,5040,3871,5071,4539,3245,6560,3812,3413,6221,4186,3544,8129,3717,7338,4868,5186,3706,4866,4837,3388,7127,4676,3604,4659,3773,4883,6859,6648,5034,4710,3589,4097,4264,5377,6678,3567,5255,5351,7338,3448,8211,4978,3608,3758,4777,0,7023,0,6562
3274,1351,2565,2531,1982,2528,6538,2400,2389,2897,2702,1619,6942,3017,7044,7291,3231,2708,3288,7299,6475,2269,3245,3241,2788,2614,3064,6383,6863,2053,7001,4506,1957,343,3128,6873,4506,2857,3982,3065,2209,4574,7216,2714,1690,6737,6701,6949,3510,482,3475,2266,2792,1680,2172,3323,2261,3096,3967,2274,4627,7254,514,2913,6873,2499,1717,7416,2914,7013,7039,2829,3078,3151,1816,2944,6425,2560,2350,1642,3414,7299,2286,4410,3051,2380,7277,1702,1708,6873,7158,432,6520,2804,3956,3677,5227,1658,5227,0
