0,28011,25879,25111,21746,24243,24051,23874,14214,23551,28225,27683,25231,25693,27319,26303,24555,28012,21554,24003,27705,27322,24291,24688,28520,26554,28992,25522,27032,24446,27953,28620,25437,25417,28315,23568,23721,23607,24307,25620,28451,23563,24381,28662,25115,22594,28393,27116,24901,23777,27235,26337,24670,27656,28422,24054,23304,23755,27016,28446,25783,24852,24457,27365,23599,28368,25845,23565,28160,27075,22045,26697,22748,28318,22902,27836,28281,23419,25628,25718,24182,28700,26351,28873,26762,26479,23289,26809,26374,25890,16934,26405,26115,24848,24839,24577,24720,25356,22724,22777
25414,0,16061,3335,8902,5416,6426,8296,16596,6367,14630,2883,5863,15795,4212,5505,6426,4853,8762,6090,5520,5905,8192,251,257,5535,16287,5100,1910,14696,5511,267,5241,5262,257,13982,5860,14657,1638,6013,267,14195,8221,17710,15125,6201,15014,1555,7324,15339,1703,6048,251,3266,267,6578,14453,9196,5905,5536,5361,14890,6195,6195,5017,5536,6013,14233,251,6195,8305,5501,8665,15399,14973,3329,5536,6660,251,6013,6426,15292,15243,16446,5905,5184,6389,3433,287,257,16642,6292,14074,4075,5863,6195,4125,15764,7142,6874
28523,17702,0,14195,14781,15716,14360,13042,20102,14627,7742,17126,14823,6896,13943,18062,14360,17410,14819,15051,15396,14865,14071,18975,17978,14900,5791,17657,18072,7874,18068,18270,17798,17819,16856,10062,14962,9744,19340,16021,16850,10190,14442,80,8198,15091,7606,17643,13187,8651,17906,15458,17495,14598,17120,14659,10447,15075,14865,18093,15829,7594,14590,14590,15396,18093,16285,10227,18140,14590,12754,14923,14270,6821,10968,16230,18093,14594,16320,14383,14360,6712,9250,5949,14865,15251,14641,15474,17973,16713,16761,14493,10031,15068,14823,14590,15075,7591,13918,13561
27676,1726,15646,0,6115,2630,3640,5510,13810,3580,11695,1096,3077,12363,1426,2719,3640,2067,5976,3304,2734,3119,5406,1983,1989,2749,13352,2313,3179,12017,2725,1998,2455,2476,1989,11047,3074,11722,2831,3227,1998,11260,5434,14201,12447,3415,12079,2820,4537,12661,2999,3262,1983,525,1998,3791,11518,6410,3119,2750,2575,12211,3409,3409,2231,2750,3227,11298,1983,3409,5519,2714,5879,14916,12038,588,2750,3874,1983,3227,3640,14793,12308,13511,3119,2398,3602,481,2018,1989,13590,3506,11139,1288,3077,3409,1338,11858,4356,4088
23967,6744,15325,5567,0,3621,3058,2667,10769,2532,9001,6115,3522,9669,5327,6005,3058,5353,1431,3749,3725,3564,708,7001,7007,2805,11034,5600,5144,9322,6012,7017,5742,5763,7007,8352,2867,9027,4746,3486,7017,8566,1107,15245,9752,1592,9362,4875,1886,9935,5072,3521,7001,5933,7017,3357,8823,279,3564,6036,2357,9517,3288,3288,3301,6036,3486,8603,7001,3288,2079,3621,1463,13109,9344,5995,6036,3292,7001,3486,3058,13000,9963,11193,3564,3156,2546,6100,7037,7007,10550,3191,8444,5190,3522,3288,5240,9164,2561,1614
26719,5338,15424,4161,3795,0,1044,2915,12669,1259,9100,4709,481,9768,3921,4599,1044,3947,3655,709,1934,523,3085,5595,5601,1533,11134,4194,5174,9422,4606,5611,4336,4357,5601,8451,1230,9127,4787,3507,5611,8665,3113,15344,9852,2848,9461,4834,2216,10066,5030,3542,5595,4527,5611,1196,8923,4089,523,4630,2097,9616,814,814,1664,4630,3507,8703,5595,814,2923,119,3284,13208,9443,4589,4630,1278,5595,3507,1044,13099,9713,11293,523,1983,1282,4694,5631,5601,12449,911,8544,3784,481,814,3834,9263,1761,1767
26508,4816,14755,3640,3125,1722,0,2245,11999,1617,8431,4187,839,9099,3400,4077,0,3426,2986,336,1412,598,2415,5074,5079,1812,10465,3672,6345,8753,4084,5089,3814,3835,5079,7782,1587,8458,5953,3844,5089,7996,2444,14675,9182,3205,8792,6011,2574,9396,6208,3879,5074,4005,5089,824,8253,3420,598,4109,2454,8947,230,230,2022,4109,3844,8033,5074,230,2254,939,2615,12539,8774,4068,4109,234,5074,3844,0,12430,9044,10623,598,1461,1639,4172,5109,5079,11780,134,7874,3262,839,230,3312,8594,1091,2125
21661,6687,13585,5510,2667,3602,2245,0,10558,2513,7262,6057,2709,7929,5270,5948,2245,5296,2527,2936,3282,2751,1957,6944,6950,2786,9295,5542,6431,7583,5954,6960,5684,5705,6950,6613,2848,7288,6032,5125,6960,6827,1985,13506,8013,2977,7623,6151,1073,9290,6350,5160,6944,5875,6960,2545,7084,2961,2751,5979,3715,7777,2476,2476,3282,5979,5125,6864,6944,2476,640,2809,2156,11369,7604,5938,5979,2479,6944,5125,2245,11260,7874,9454,2751,3137,2526,6042,6979,6950,10338,2379,6705,5132,2709,2476,5182,7424,1806,1447
13201,16638,18239,15461,11362,13544,12196,10745,0,12331,17001,16008,14589,17508,15221,14030,12196,15247,9931,12887,13233,12702,10653,16895,16901,12604,17086,14593,8618,14526,13367,16911,13294,13310,16901,15527,12666,13505,8453,11549,16911,15741,10724,18332,16709,12228,15668,8676,10891,13895,8756,11584,16895,15826,16911,12496,15998,11657,12702,15103,11659,16459,12427,13258,13100,15187,11549,15778,16895,12427,10458,12760,11974,17773,16519,15889,14978,12430,16895,11549,12196,19806,14007,17055,12702,12955,12344,15993,14717,16901,3252,12330,15619,15083,12660,12427,15133,15257,11105,11265
25957,4420,15192,3243,3115,1297,1270,2534,12165,0,8868,3791,707,9536,3004,3681,1270,3029,2975,934,1401,749,2405,4677,4683,482,10902,3276,5270,9190,3688,4693,3418,3439,4683,8220,521,8895,4874,2798,4693,8434,2434,15113,9620,2139,9230,4945,1537,10897,5144,2833,4677,3609,4693,543,8691,3410,749,3712,1387,9384,1040,1040,955,3712,2798,8471,4677,1040,2543,807,2764,12976,9211,3672,3712,1504,4677,2798,1270,12867,9481,11061,749,833,602,3776,4713,4683,11945,1137,8312,2866,707,1040,2916,9031,1795,1087
25609,13020,8274,11843,9000,9936,8579,7261,15425,8846,0,12391,9042,1157,11603,12281,8579,11629,9038,9270,9616,9085,8290,13277,13283,9120,2404,11876,9547,1408,12287,13293,12018,12038,13283,2829,9181,2584,9161,11458,13293,3736,8661,8195,1733,9310,1852,9206,7406,2202,9400,11493,13277,12208,13293,8878,3993,9295,9085,12312,10048,1129,8809,8809,9615,12312,11458,3773,13277,8809,6973,9142,8489,7897,4514,12271,12312,8813,13277,11458,8579,7788,2090,2563,9085,9471,8860,12376,13313,13283,14826,8712,4250,11466,9042,8809,11516,149,8137,7780
25117,746,15539,1123,6690,3205,4214,6085,14385,4155,12419,0,3651,13087,2001,3293,4214,2642,6551,3878,3309,3693,5980,1003,1009,3323,14075,2888,2164,12740,3300,1019,3030,3051,1009,11770,3648,12445,1844,3801,1019,11984,6009,15547,13170,3990,12802,1803,5112,13384,1973,3836,1003,1055,1019,4366,12241,6985,3693,3324,3149,12935,3984,3984,2806,3324,3801,12021,1003,3984,6093,3289,6454,14877,12762,1118,3324,4448,1003,3801,4214,16284,13031,14234,3693,2972,4177,1222,1039,1009,14165,4081,11862,1863,3651,3984,1913,12581,4931,4663
27809,4253,15219,3077,3589,1159,839,2709,13237,1054,8895,3624,0,9563,2837,3514,839,2862,3449,503,849,318,2879,4510,4516,1249,10928,3109,5707,9216,3521,4526,3251,3272,4516,8246,1024,8921,5337,3281,4526,8460,2908,15139,9646,2642,9256,5355,2011,9860,5543,3316,4510,3442,4526,991,8717,3884,318,3545,1891,9411,608,608,1458,3545,3281,8497,4510,608,2718,375,3078,13003,9238,3505,3545,1073,4510,3281,839,12894,9507,11087,318,898,1076,3609,4546,4516,12244,705,8338,2699,0,608,2749,9057,1555,1561
28318,13065,8020,11888,9045,9980,8623,7305,15885,8890,2187,12435,9087,0,11648,12325,8623,11674,9083,9314,9660,9129,8335,13322,13328,9164,2589,11920,13533,2319,12332,13337,12062,12083,13328,3739,9226,3494,9838,11503,13337,4416,8705,7941,2643,9355,805,9886,7451,3113,14705,11538,13322,12253,13337,8923,4674,9339,9129,12357,10093,2039,8854,8854,9660,12357,11503,4454,13322,8854,7018,9187,8534,5805,5194,12316,12357,8857,13322,11503,8623,5695,3001,2748,9129,9515,8904,12420,13357,13328,13985,8757,4294,11510,9087,8854,11560,2036,8182,7825
24787,2482,15367,1306,5896,2410,3420,5290,13590,3361,11476,1853,2857,12144,0,2499,3420,1847,5756,3084,2514,2899,5186,2740,2745,2529,13132,2094,3273,11797,2505,2755,2236,2256,2745,10827,2854,11502,2909,3007,2755,11041,5215,15376,12227,3196,11859,2919,4318,12441,3105,3042,2740,1671,2755,3572,11298,6190,2899,2530,2355,11992,3190,3190,2012,2530,3007,11078,2740,3190,5299,2495,5660,13281,11819,1734,2530,3654,2740,3007,3420,15475,12089,13291,2899,2178,3383,1838,2775,2745,13371,3286,10919,238,2857,3190,88,11639,4136,3868
28990,3914,18458,2737,6554,3069,4079,5949,15464,4019,12134,3284,3515,12802,2497,0,4079,651,6415,3743,3173,3558,5845,4171,4177,3187,13791,420,5302,12456,548,4186,278,299,4177,11486,3512,12161,4966,3729,4186,11699,5873,18378,12886,3918,12518,4942,4976,13100,5114,3765,4171,3102,4186,4230,11957,6849,3558,573,3077,12650,3848,3848,2734,573,3729,11737,4171,3848,5957,3153,6318,16242,12477,3165,573,4313,4171,3729,4079,16133,12747,13950,3558,2836,4041,3269,4206,4177,14093,3945,11578,2359,3515,3848,2409,12297,4795,4527
27064,4816,14755,3640,3125,1722,0,2245,11999,1617,8431,4187,839,9099,3400,4077,0,3426,2986,336,1412,598,2415,5074,5079,1812,10465,3672,6632,8753,4084,5089,3814,3835,5079,7782,1587,8458,6245,3844,5089,7996,2444,14675,9182,3205,8792,6291,2574,9396,6486,3879,5074,4005,5089,824,8253,3420,598,4109,2454,8947,230,230,2022,4109,3844,8033,5074,230,2254,939,2615,12539,8774,4068,4109,234,5074,3844,0,12430,9044,10623,598,1461,1639,4172,5109,5079,11780,134,7874,3262,839,230,3312,8594,1091,2125
25415,3262,17807,2085,5903,2418,3427,5298,13662,3368,11483,2633,2864,12151,1846,652,3427,0,5763,3091,2522,2906,5193,3519,3525,2536,13139,247,4880,11805,658,3535,388,409,3525,10834,2861,11510,4521,3078,3535,11048,5222,17727,12234,3267,11866,4523,4325,12448,4706,3113,3519,2451,3535,3579,11306,6198,2906,683,2426,11999,3197,3197,2083,683,3078,11086,3519,3197,5306,2502,5667,15591,11826,2514,683,3661,3519,3078,3427,15482,12096,13298,2906,2185,3390,2618,3555,3525,13442,3294,10926,1708,2864,3197,1758,11646,4144,3876
23756,6552,14866,5375,1431,3429,2727,2727,9695,2340,8542,5923,3190,10487,5135,5813,2727,5161,0,3418,3764,3233,721,6809,6815,2613,10607,5408,6240,9124,5820,6825,5550,5571,6815,7893,2675,8569,5841,4985,6825,8107,811,14786,9554,1883,8903,5964,1554,8504,6163,5020,6809,5741,6825,3026,8364,1726,3233,5844,3542,9318,2957,2957,3109,5844,4985,8144,6809,2957,674,3290,1497,12650,8885,5803,5844,2961,6809,4985,2727,12541,8532,10766,3233,2964,2354,5908,6845,6815,9741,2860,7985,4998,3190,2957,5048,8705,2230,1696
26455,4481,15446,3304,3816,1387,336,2936,12690,1281,9122,3851,503,9790,3064,3741,336,3090,3677,0,1076,262,3106,4738,4744,1476,11156,3336,5736,9444,3748,4753,3478,3499,4744,8473,1251,9149,5345,3508,4753,8687,3135,15366,9873,2870,9483,5402,2238,10087,5599,3543,4738,3669,4753,1218,8944,4111,262,3773,2118,9638,105,105,1686,3773,3508,8724,4738,105,2945,603,3306,13230,9465,3732,3773,570,4738,3508,336,13121,9735,11314,262,1125,1303,3836,4773,4744,12471,202,8565,2926,503,105,2976,9285,1782,1789
25137,3911,15792,2734,4162,403,1412,3282,12913,1627,9468,3282,849,10136,2495,3172,1412,2520,4023,1076,0,891,3453,4168,4174,907,11502,2767,5484,9790,3179,4184,2909,2930,4174,8819,1232,9495,5113,2938,4184,9033,3481,15712,10219,2453,9829,5132,2584,10433,5321,2973,4168,3100,4184,1564,9291,4457,891,3203,1702,9984,1182,1182,1269,3203,2938,9070,4168,1182,3291,487,3652,13576,9811,3163,3203,1646,4168,2938,1412,13467,10081,11660,891,556,1649,3267,4204,4174,12694,1279,8911,2357,849,1182,2407,9631,2128,2135
24789,4296,15261,3119,3631,1201,598,2751,12382,1096,8937,3666,318,9605,2879,3556,598,2905,3491,262,891,0,2921,4553,4558,1291,10970,3151,5890,9258,3563,4568,3293,3314,4558,8288,1066,8964,5510,3323,4568,8502,2950,15181,9688,2684,9298,5544,2053,9902,5736,3358,4553,3484,4568,1033,8759,3926,0,3588,1933,9453,367,367,1501,3588,3323,8539,4553,367,2760,418,3121,13045,9280,3547,3588,832,4553,3323,598,12936,9550,11129,0,940,1118,3651,4588,4558,12162,464,8380,2741,318,367,2791,9100,1597,1604
22039,5982,14615,4805,708,2859,2348,1957,10060,1770,8291,5352,2812,8959,4565,5243,2348,4591,721,3039,2963,2854,0,6239,6245,2043,10325,4838,5618,8613,5249,6255,4979,5000,6245,7642,2105,8318,5218,3053,6255,7856,397,14535,9042,1160,8652,5333,1176,9225,5532,3088,6239,5170,6255,2648,8114,1003,2854,5274,2972,8807,2578,2578,2539,5274,3053,7894,6239,2578,1369,2912,927,12399,8634,5233,5274,2582,6239,3053,2348,12290,9254,10484,2854,2394,1783,5337,6275,6245,9840,2482,7734,4428,2812,2578,4478,8454,1851,852
27210,3262,17216,3084,8651,5165,6175,8045,16550,6116,14379,2632,5612,15544,3961,5254,6175,4602,8511,5839,5269,5654,7941,0,6,5284,14276,4849,721,14444,5260,16,4990,5011,6,13731,5609,14406,446,5762,16,13944,7969,18992,14874,5950,14763,361,7073,15088,539,5797,6,3015,16,6327,14202,8945,5654,5285,5110,14639,5944,5944,4766,5285,5762,13982,0,5944,8054,5250,8414,16558,14722,3078,5285,6409,0,5762,6175,16479,14992,15845,5654,4933,6138,3182,36,6,16126,6041,13823,3824,5612,5944,3874,15513,6891,6623
25876,3256,16312,3078,8645,5159,6169,8039,16544,6110,14373,2626,5606,15538,3955,5248,6169,4596,8505,5833,5263,5648,7935,3513,0,5278,16030,4843,1998,14439,5254,10,4985,5005,0,13725,5603,14400,1785,5756,10,13938,7964,17982,14868,5945,14757,1662,7067,15082,1779,5791,0,3009,10,6321,14196,8939,5648,5279,5104,14633,5939,5939,4761,5279,5756,13976,3513,5939,8048,5244,8408,17248,14716,3072,5279,6403,3513,5756,6169,17118,14986,13337,5648,4927,6132,3177,30,10,16120,6035,13817,3818,5606,5939,3868,15507,6885,6617
24092,3939,15444,2762,3367,816,1825,2786,12417,832,9120,3309,1262,9788,2522,3200,1825,2548,3227,1490,920,1304,2657,4196,4202,0,11154,2794,5247,9442,3206,4212,2936,2957,4202,8472,802,9147,4858,2909,4212,8685,2686,15365,9872,2365,9481,4911,1789,11149,5107,2945,4196,3127,4212,455,8943,3662,1304,3231,1614,9636,1595,1595,1181,3231,2909,8723,4196,1595,2795,900,3016,13228,9463,3190,3231,2060,4196,2909,1825,13119,9733,11313,1304,351,854,3294,4231,4202,12197,1692,8564,2384,1262,1595,2434,9283,1706,1339
26304,14349,5834,13172,10329,11265,9908,8590,18831,10175,2404,13720,10372,1558,12933,13610,9908,12958,10367,10599,10945,10414,9619,15734,14612,10449,0,13205,16722,2536,13617,14861,13347,13368,15207,3956,10510,3711,14658,12787,15187,5738,9990,5754,2860,10640,2258,16227,8736,2979,14981,12822,14564,13538,15497,10207,5996,10624,10414,13641,11377,2256,10138,10138,10945,13641,12787,5776,13404,10138,8302,10471,9818,4813,6516,13601,13641,10142,14608,12787,9908,4704,3218,271,10414,10800,10189,13705,14642,15023,15288,10041,5579,12795,10372,10138,12845,2252,9466,9109
28130,3509,18053,2332,6150,2664,3674,5544,13241,3615,11730,2879,3111,12397,2092,420,3674,247,6010,3338,2768,3153,5440,3766,3772,2783,13386,0,5013,12051,412,3782,142,163,3772,11081,3108,11756,4656,3325,3782,11295,5468,17974,12481,3513,12113,4656,4572,12695,4838,3360,3766,2697,3782,3826,11552,6444,3153,436,2673,12246,3443,3443,2329,436,3325,11332,3766,3443,5553,2748,5913,15838,12073,2760,436,3908,3766,3325,3674,15728,12342,13545,3153,2432,3637,2864,3802,3772,13689,3540,11173,1955,3111,3443,2005,11892,4390,4122
24526,1910,19918,3179,5144,5174,6345,6431,8618,5270,9547,2164,5707,14915,3273,5302,6632,4880,6240,5736,5484,5890,5618,721,1998,5247,15172,5013,0,9551,5745,1884,5376,5468,1524,8275,5089,8971,401,2705,1610,8076,5914,18091,9744,4809,9767,361,6314,9381,223,3064,500,2867,1429,5442,8253,5455,5929,5595,4237,9703,6316,6589,4463,5956,2506,8175,1701,6535,6515,5271,5313,19195,7730,2831,5642,6063,1842,2807,6366,19119,9393,16830,5684,4932,5243,1995,2329,1746,6987,6030,7990,3496,5604,6438,3458,9594,6318,5918
26944,11874,8992,10698,7854,8790,7433,6115,16010,7700,1483,11245,7897,1363,10458,11135,7433,10484,9299,8124,8470,7939,7145,12132,12137,7974,3853,10730,9551,0,11142,12147,10872,10893,12137,1683,8036,1438,9156,10313,12147,2590,7515,8912,692,8165,3195,9222,6261,1057,9420,10348,12132,11063,12147,7732,2848,8149,7939,11166,8902,457,7663,7663,8470,11166,10313,2628,12132,7663,5828,7997,7344,8216,3368,11126,11166,7667,12132,10313,7433,8088,945,4012,7939,8325,7714,11230,12167,12137,14953,7567,3104,10320,7897,7663,10370,1331,6991,6635
25362,3921,18465,2744,6561,3076,4086,5956,14733,4026,12141,3291,3522,12809,2504,548,4086,658,6422,3750,3180,3565,5852,4178,4184,3194,13798,412,5745,12463,0,4193,270,249,4184,11493,3519,12168,5376,3736,4193,11706,5880,18385,12893,3925,12525,5391,4983,13107,5578,3772,4178,3109,4193,4237,11964,6856,3565,25,3085,12657,3855,3855,2741,25,3736,11744,4178,3855,5964,3160,6325,16398,12633,3172,25,4320,4178,3736,4086,16289,12903,14105,3565,2843,4048,3276,4213,4184,14100,3952,11733,2366,3522,3855,2416,12453,4802,4534
25967,3246,16577,3068,8635,5150,6159,8029,16535,6100,14364,2616,5596,15529,3946,5238,6159,4586,8495,5823,5254,5638,7925,3503,3509,5268,13483,4833,1884,14429,5245,0,4975,4996,3509,13715,5593,14390,1705,5746,0,13929,7954,18274,14858,5935,14747,1562,7057,15072,1662,5781,3503,3000,0,6311,14186,8930,5638,5269,5094,14623,5929,5929,4751,5269,5746,13966,3503,5929,8038,5234,8399,15914,14707,3063,5269,6393,3503,5746,6159,17410,14976,14990,5638,4917,6122,3167,20,0,16110,6026,13807,3808,5596,5929,3858,15497,6875,6607
28036,3651,18195,2474,6291,2806,3816,5686,14652,3756,11871,3021,3253,12539,2234,278,3816,388,6152,3480,2910,3295,5582,3908,3914,2925,13528,142,5376,12193,270,3923,0,21,3914,11223,3249,11898,5013,3467,3923,11436,5610,18116,12623,3655,12255,5021,4713,12837,5206,3502,3908,2839,3923,3967,11694,6586,3295,295,2815,12387,3585,3585,2471,295,3467,11474,3908,3585,5694,2890,6055,15979,12214,2902,295,4050,3908,3467,3816,15870,12484,13687,3295,2573,3778,3006,3943,3914,13830,3682,11315,2096,3253,3585,2146,12034,4532,4264
28014,3672,18216,2495,6312,2827,3837,5707,14670,3777,11892,3042,3273,12560,2255,299,3837,409,6173,3501,2931,3316,5603,3929,3935,2945,13549,163,5468,12214,249,3944,45,0,3935,11244,3270,11919,5104,3487,3944,11457,5631,18136,12644,3676,12276,5113,4734,12858,5298,3523,3929,2860,3944,3988,11715,6607,3316,274,2836,12408,3606,3606,2492,274,3487,11495,3929,3606,5715,2911,6076,16000,12235,2923,274,4071,3929,3487,3837,15891,12505,13708,3316,2594,3799,3027,3964,3935,13851,3703,11336,2117,3273,3606,2167,12055,4553,4285
25691,3246,18578,3068,8635,5150,6159,8029,16535,6100,14364,2616,5596,15529,3946,5238,6159,4586,8495,5823,5254,5638,7925,3503,0,5268,13798,4833,1524,14429,5245,7465,4975,4996,0,13715,5593,14390,1357,5746,7465,13929,7954,18585,14858,5935,14747,1206,7057,15072,1302,5781,0,3000,7465,6311,14186,8930,5638,5269,5094,14623,5929,5929,4751,5269,5746,13966,3503,5929,8038,5234,8399,17848,14707,3063,5269,6393,3503,5746,6159,16085,14976,13911,5638,4917,6122,3167,20,7465,16110,6026,13807,3808,5596,5929,3858,15497,6875,6607
25975,11050,10137,9874,7030,7966,6609,5291,14349,6876,2414,10421,7073,2658,9634,10311,6609,9660,7068,7300,7646,7115,6321,11308,11313,7150,4998,9906,8275,1558,10318,11323,10048,10069,11313,0,7212,756,7877,9489,11323,988,6691,10057,1988,7341,4340,7954,5437,2202,8153,9524,11308,10239,11323,6909,1246,7325,7115,10343,8079,1753,6840,6840,7646,10343,9489,1026,11308,6840,5004,7173,6520,8928,1766,10302,10343,6843,11308,9489,6609,8799,1342,5157,7115,7501,6890,10406,11343,11313,14129,6743,2280,9496,7073,6840,9546,2577,6168,5811
26145,4198,15529,3021,3451,1602,1575,2871,12501,916,9205,3568,1012,9873,2781,3494,1575,2842,3312,1239,1706,1054,2741,4455,4460,786,11238,3088,5089,9526,3500,4470,3230,3251,4460,8556,0,9231,4695,2644,4470,8770,2770,15449,9956,1985,9566,4760,1873,11234,4958,2679,4455,3386,4470,848,9027,3746,1054,3525,1234,9721,1345,1345,801,3525,2644,8807,4455,1345,2879,1112,3100,13313,9548,3449,3525,1809,4455,2644,1575,13204,9817,11397,1054,1137,938,3553,4490,4460,12282,1441,8648,2643,1012,1345,2693,9367,2099,1424
26019,11697,9924,10520,7677,8613,7256,5938,14885,7523,2410,11068,7720,2445,10281,10958,7256,10306,7715,7947,8293,7762,6967,11954,11960,7797,3693,10553,8971,1346,10965,11970,10695,10716,11960,728,7859,0,8573,10135,11970,1635,7338,9845,1775,7988,4127,8652,6084,1989,8852,10171,11954,10886,11970,7555,1892,7972,7762,10989,8725,1540,7486,7486,8293,10989,10135,1672,11954,7486,5650,7819,7167,8715,2413,10949,10989,7490,11954,10135,7256,8587,1202,3852,7762,8148,7537,11053,11990,11960,14776,7389,2927,10143,7720,7486,10193,2414,6814,6457
26791,1638,17547,2831,4746,4787,5953,6032,8453,4874,9161,1844,5337,9838,2909,4966,6245,4521,5841,5345,5113,5510,5218,446,1785,4858,16156,4656,401,9156,5376,1705,5013,5104,1357,7877,4695,8573,0,2304,1453,7678,5514,19361,9353,4408,9381,223,5914,8983,361,2672,299,2525,1312,5052,7854,5058,5544,5239,3839,9311,5929,6207,4067,5595,2106,7778,1474,6149,6114,4883,4913,16891,7330,2500,5281,5666,1610,2406,5976,16824,8996,16262,5296,4542,4846,1617,2149,1577,6789,5638,7593,3133,5226,6052,3090,9206,5918,5518
23245,4242,14536,3065,3901,2721,3731,5340,11357,3385,11674,3612,3168,13455,2825,3563,3731,2911,4975,3395,2825,3210,3469,4499,4505,2553,13907,3158,2705,12355,3570,4515,3300,3321,4505,11025,2560,11700,2304,0,4515,11239,5239,14559,12784,2441,12057,2413,4342,11735,2612,50,4499,3430,4515,3008,11496,4196,3210,3594,1693,12549,3500,3500,1771,3594,0,11276,4499,3500,5348,2806,3349,15302,12017,3493,3594,3965,4499,0,3731,13830,11763,14066,3210,2202,3407,3597,4535,4505,11138,3597,11117,2688,3168,3500,2738,13423,4447,3893
25814,3246,18571,3068,8635,5150,6159,8029,16535,6100,14364,2616,5596,15529,3946,5238,6159,4586,8495,5823,5254,5638,7925,3503,3509,5268,13779,4833,1610,14429,5245,0,4975,4996,3509,13715,5593,14390,1453,5746,0,13929,7954,18578,14858,5935,14747,1297,7057,15072,1387,5781,3503,3000,0,6311,14186,8930,5638,5269,5094,14623,5929,5929,4751,5269,5746,13966,3503,5929,8038,5234,8399,16188,14707,3063,5269,6393,3503,5746,6159,17719,14976,15313,5638,4917,6122,3167,20,0,16110,6026,13807,3808,5596,5929,3858,15497,6875,6607
25970,11682,10709,10505,7662,8598,7241,5923,14980,7508,3060,11053,7705,4728,10266,10943,7241,10291,7700,7932,8278,7747,6952,11939,11945,7782,6086,10538,8076,2647,10950,11955,10680,10701,11945,1359,7844,2034,7678,10120,11955,0,7323,10630,3076,7973,4741,7755,6069,3290,7954,10156,11939,10871,11955,7540,257,7957,7747,10974,8710,2841,7471,7471,8278,10974,10120,37,11939,7471,5635,7804,7152,8494,778,10934,10974,7475,11939,10120,7241,8384,2620,6245,7747,8133,7522,11038,11975,11945,14761,7374,2912,10128,7705,7471,10178,3222,6799,6442
22121,6011,14384,4834,1107,2888,2117,1726,10488,1798,8060,5381,2581,8728,4594,5271,2117,4620,811,2808,2992,2623,397,6268,6274,2072,10094,4866,5914,8382,5278,6283,5008,5029,6274,7411,2134,8087,5514,4410,6283,7625,0,14304,8811,1559,8421,5624,945,9297,5824,4446,6268,5199,6283,2416,7882,1402,2623,5303,3000,8576,2347,2347,2568,5303,4410,7662,6268,2347,857,2680,955,12168,8403,5262,5303,2351,6268,4410,2117,12059,9325,10252,2623,2423,1812,5366,6303,6274,10268,2251,7503,4456,2581,2347,4506,8223,1620,880
26005,16068,80,15652,14872,15807,14451,13133,20204,14718,7997,17135,14914,7151,13951,18153,14451,17501,14910,15142,15487,14956,14162,17232,16315,14991,5711,17748,19939,8129,18159,16580,17889,17910,16862,10153,15053,9664,17566,16046,16856,10281,14533,0,8453,15182,7697,17660,13278,8572,17923,14042,17511,14605,17127,14750,10538,15166,14956,18184,15920,7849,14681,14681,15487,18184,16309,10318,16465,14681,12845,15014,14361,6741,11059,16236,18184,14685,16326,14405,14451,6632,9171,5870,14956,15342,14732,17072,17973,16717,16844,14584,10122,13678,14914,14681,13686,7845,14009,13652
27681,12587,7883,11410,8566,9502,8145,6827,15160,8412,885,11957,8609,765,11170,11847,8145,11196,8604,8836,9182,8651,7857,12844,12850,8686,2013,11442,9744,975,11854,12859,11584,11605,12850,2395,8748,2151,9353,11025,12859,3302,8227,7803,0,8877,1460,9409,6973,1769,9605,11060,12844,11775,12859,8445,3560,8861,8651,11879,9615,695,8376,8376,9182,11879,11025,3340,12844,8376,6540,8709,8056,7506,4080,11838,11879,8379,12844,11025,8145,7396,1657,2172,8651,9037,8426,11942,12879,12850,14599,8279,3816,11032,8609,8376,11082,734,7704,7347
24902,4540,15635,3364,1592,2343,3352,2977,12037,2448,9311,3911,2789,9979,3124,3861,3352,3210,1883,3017,2447,2831,1160,4797,4803,2365,11345,3456,4809,9633,3868,4813,3598,3619,4803,8663,1985,9338,4408,2026,4813,8876,1780,15555,10063,0,9672,4513,1980,10277,4713,2061,4797,3729,4813,2466,9134,1887,2831,3893,897,9827,3122,3122,1184,3893,2026,8914,4797,3122,2553,2427,1040,13419,9654,3792,3893,3586,4797,2026,3352,13310,9924,11504,2831,2014,2462,3896,4833,4803,11817,3219,8755,2986,2789,3122,3036,9474,2871,1530
25761,13366,7607,12189,9346,10281,8925,7607,17269,9192,1850,12736,9388,1264,11949,12627,8925,11975,9384,9616,9962,9431,8636,13623,13629,9466,2252,12222,9767,1982,12633,13639,12363,12384,13629,3402,9527,3157,9381,11804,13639,4309,9007,7528,2306,9656,0,9425,7752,2776,9619,11839,13623,12554,13639,9224,4567,9641,9431,12658,10394,1702,9155,9155,9961,12658,11804,4347,13623,9155,7319,9488,8835,6106,5087,12617,12658,9159,13623,11804,8925,5997,2664,2411,9431,9817,9206,12721,13659,13629,13709,9058,4596,11812,9388,9155,11862,1699,8483,8126
24602,1555,19445,2820,4875,4834,6011,6151,8676,4945,9206,1803,5355,9886,2919,4942,6291,4523,5964,5402,5132,5544,5333,361,1662,4911,14723,4656,361,9222,5391,1562,5021,5113,1206,7954,4760,8652,223,2413,1297,7755,5624,19464,9409,4513,9425,0,6011,9061,200,2734,141,2508,1137,5107,7937,5188,5587,5237,3918,9371,5976,6245,4137,5600,2206,7854,1358,6194,6224,4932,5009,16986,7419,2471,5285,5741,1498,2506,6030,18639,9071,16336,5345,4596,4925,1652,2009,1429,7012,5698,7666,3142,5257,6097,3105,9256,6012,5611
22593,5626,13731,4449,1795,2532,1185,1073,10704,1799,7407,4997,1649,8075,4209,4887,1185,4235,1656,1876,2222,1691,1086,5883,5889,2073,9441,4482,6314,7729,4894,5899,4624,4645,5889,6759,2134,7434,5914,4411,5899,6972,1114,13651,8159,2263,7768,6011,0,9436,6211,4446,5883,4815,5899,1484,7230,2090,1691,4918,3001,7923,1415,1415,2568,4918,4411,7010,5883,1415,1082,1748,1442,11515,7750,4877,4918,1419,5883,4411,1185,11406,8020,9600,1691,2271,1813,4982,5919,5889,10484,1318,6851,4072,1649,1415,4122,7570,688,733
26207,12476,9607,11299,8455,9391,8034,6716,15315,8301,2114,11846,8498,2128,11059,11736,8034,11085,8493,8725,9071,8540,7746,12733,12739,8575,3376,11331,9381,1029,11743,12748,11473,11494,12739,1506,8637,1378,8983,10914,12748,2413,8116,9528,1458,8766,3810,9061,6862,0,9260,10949,12733,11664,12748,8334,2671,8750,8540,11768,9504,1223,8265,8265,9071,11768,10914,2451,12733,8265,6429,8598,7945,8398,3191,11727,11768,8268,12733,10914,8034,8270,177,3535,8540,8926,8315,11831,12768,12739,15554,8168,3705,10921,8498,8265,10971,2097,7593,7236
24711,1703,19735,2999,5072,5030,6208,6350,8756,5144,9400,1973,5543,13342,3105,5114,6486,4706,6163,5599,5321,5736,5532,539,1779,5107,16512,4838,223,9420,5578,1662,5206,5298,1302,8153,4958,8852,361,2612,1387,7954,5824,19754,9605,4713,9619,200,6211,9260,0,2932,317,2685,1206,5304,8136,5385,5781,5418,4118,9568,6171,6438,4336,5783,2406,8054,1485,6388,6424,5127,5209,19011,7619,2644,5468,5941,1627,2707,6227,17173,9270,16621,5540,4793,5125,1847,2106,1524,7109,5895,7865,3328,5448,6291,3293,9451,6212,5811
23895,4277,14025,3100,3937,2756,3766,5375,11392,3420,11709,3648,3203,13490,2860,3598,3766,2946,5010,3430,2860,3245,3504,4534,4540,2588,13942,3193,3064,12390,3605,4550,3335,3356,4540,11060,2596,11736,2672,50,4550,11274,5274,15477,12819,2476,12092,2734,4377,11770,2932,0,4534,3465,4550,3043,11531,4231,3245,3629,1728,12584,3536,3536,1806,3629,50,11311,4534,3536,5383,2841,3384,14734,12052,3528,3629,4000,4534,50,3766,14652,11798,14101,3245,2237,3442,3633,4570,4540,11173,3632,11152,2723,3203,3536,2773,13458,4482,3928
27191,3256,19282,3078,8645,5159,6169,8039,16544,6110,14373,2626,5606,15538,3955,5248,6169,4596,8505,5833,5263,5648,7935,3513,0,5278,16052,4843,500,14439,5254,10,4985,5005,0,13725,5603,14400,299,5756,10,13938,7964,19300,14868,6294,14757,141,7067,15082,317,5791,0,3009,10,6321,14196,8939,5648,5279,5104,14633,5939,5939,4761,5279,5756,13976,3513,5939,8048,5244,8408,16837,14716,3072,5279,6403,3513,5756,6169,18473,14986,14664,5648,4927,6132,3177,30,10,16120,6035,13817,3818,5606,5939,3868,15507,6885,6617
25092,1692,16090,525,6646,3161,4170,6040,14341,4111,12375,1063,3607,13796,1956,3249,4170,2597,6506,3834,3265,3649,5936,1949,1955,3279,14031,2844,2867,12696,3256,1965,2986,3007,1955,11726,3604,12401,2525,3757,1965,11940,5965,16097,13126,3946,12758,2508,5068,13340,2685,3792,1949,0,1965,4322,12197,6941,3649,3280,3105,12891,3940,3940,2762,3280,3757,11977,1949,3940,6049,3245,6410,15360,12718,61,3280,4404,1949,3757,4170,13828,12987,14190,3649,2928,4133,278,1985,1955,14121,4037,11818,1819,3607,3940,1869,12537,4886,4618
25787,3246,18870,3068,8635,5150,6159,8029,16535,6100,14364,2616,5596,15529,3946,5238,6159,4586,8495,5823,5254,5638,7925,3503,3509,5268,14060,4833,1429,14429,5245,0,4975,4996,3509,13715,5593,14390,1312,5746,0,13929,7954,18877,14858,6284,14747,1137,7057,15072,1206,5781,3503,3000,0,6311,14186,8930,5638,5269,5094,14623,5929,5929,4751,5269,5746,13966,3503,5929,8038,5234,8399,16458,14707,3063,5269,6393,3503,5746,6159,16350,14976,14174,5638,4917,6122,3167,20,0,16110,6026,13807,3808,5596,5929,3858,15497,6875,6607
26512,4142,15054,2965,3425,1048,727,2545,12175,890,8730,3512,164,9398,2725,3403,727,2751,3285,392,737,206,2715,4399,4405,1138,10764,2998,5442,9052,3409,4415,3139,3160,4405,8082,860,8757,5052,3169,4415,8295,2743,14974,9482,2478,9091,5107,1847,9696,5304,3204,4399,3330,4415,0,8553,3719,206,3434,1727,9246,497,497,1294,3434,3169,8333,4399,497,2553,264,2914,12838,9073,3393,3434,961,4399,3169,727,12729,9343,10923,206,787,912,3497,4435,4405,11956,594,8174,2588,164,497,2638,8893,1391,1397
25685,11603,10630,10426,7583,8518,7162,5844,14901,7429,2980,10973,7625,4649,10186,10864,7162,10212,7621,7853,8199,7668,6873,11860,11866,7703,6007,10459,8253,2568,10870,11876,10600,10621,11866,1279,7764,1955,7854,10041,11876,2326,7244,10551,2997,7893,4661,7937,5989,3211,8136,10076,11860,10791,11876,7461,0,7878,7668,10895,8631,2762,7392,7392,8198,10895,10041,2364,11860,7392,5556,7725,7072,8414,587,10854,10895,7396,11860,10041,7162,8305,2541,6166,7668,8054,7443,10958,11896,11866,14682,7295,2833,10049,7625,7392,10099,3143,6720,6363
21553,7039,15619,5862,279,3916,3352,2961,11064,2826,9295,6409,3326,9963,5622,6299,3352,5648,1726,3553,4020,3368,1003,7296,7302,3100,11329,5894,5455,9617,6306,7311,6036,6057,7302,8647,3162,9322,5058,3780,7311,8860,1402,15540,10047,1887,9656,5188,2180,10230,5385,3815,7296,6227,7311,3161,9118,0,3368,6331,2652,9811,3583,3583,3596,6331,3780,8898,7296,3583,2374,3425,1757,13403,9638,6290,6331,3586,7296,3780,3352,13294,10258,11488,3368,3451,2840,6394,7331,7302,10844,3486,8739,5484,3326,3583,5534,9458,2856,1909
24512,4296,15261,3119,3631,1201,598,2751,12382,1096,8937,3666,318,9605,2879,3556,598,2905,3491,262,891,0,2921,4553,4558,1291,10970,3151,5929,9258,3563,4568,3293,3314,4558,8288,1066,8964,5544,3323,4568,8502,2950,15181,9688,2684,9298,5587,2053,9902,5781,3358,4553,3484,4568,1033,8759,3926,0,3588,1933,9453,367,367,1501,3588,3323,8539,4553,367,2760,418,3121,13045,9280,3547,3588,832,4553,3323,598,12936,9550,11129,0,940,1118,3651,4588,4558,12162,464,8380,2741,318,367,2791,9100,1597,1604
25809,3945,18638,2768,6586,3101,4110,5980,13703,4051,12315,3316,3547,12982,2529,573,4110,683,6446,3774,3205,3589,5876,4202,4208,3219,13971,436,5595,12636,25,4218,295,274,4208,11666,3544,12341,5239,3761,4218,11880,5905,18559,13066,3950,12698,5237,5008,13280,5418,3796,4202,3134,4218,4262,12137,6881,3589,0,3109,12831,3880,3880,2766,0,3761,11917,4202,3880,5989,3185,6350,16423,12658,3197,0,4344,4202,3761,4110,16313,12927,14130,3589,2868,4073,3301,4238,4208,14125,3977,11758,2391,3547,3880,2441,12477,4826,4558
23393,3691,16395,2514,2357,1592,2601,3737,11467,1783,10072,3062,2038,10739,2275,3012,2601,2361,4178,2265,1696,2080,1925,3948,3954,1614,12105,2607,4237,10393,3019,3964,2749,2770,3954,9423,1234,10098,3839,1407,3964,9637,3637,16316,10823,897,10433,3918,2740,12100,4118,1442,3948,2880,3964,1714,9894,2652,2080,3044,0,10587,2371,2371,433,3044,1407,9674,3948,2371,3746,1676,1805,14179,10414,2943,3044,2835,3948,1407,2601,14070,10684,12264,2080,1263,1805,3047,3984,3954,11247,2468,9515,2137,2038,2371,2187,10234,3317,2290
27391,11995,9112,10818,7974,8910,7553,6235,14933,7820,1129,11365,8017,1009,10578,11255,7553,10604,8012,8244,8590,8059,7265,12252,12258,8094,2256,10850,9703,383,11262,12267,10992,11013,12258,1803,8156,1558,9311,10433,12267,2710,7635,9032,339,8285,1704,9371,6381,1177,9568,10468,12252,11183,12267,7853,2968,8269,8059,11287,9023,0,7784,7784,8590,11287,10433,2748,12252,7784,5948,8117,7464,8336,3488,11246,11287,7787,12252,10433,7553,8208,1065,2415,8059,8445,7834,11350,12287,12258,15073,7687,3224,10440,8017,7784,10490,977,7112,6755
26956,4586,15551,3409,3922,1492,230,3042,12672,1387,9227,3957,608,9895,3169,3847,230,3195,3782,105,1182,367,3212,4843,4849,1582,11261,3442,6316,9549,3853,4859,3584,3604,4849,8579,1357,9254,5929,3613,4859,8792,3240,15472,9979,2975,9588,5976,2344,10193,6171,3648,4843,3774,4859,1323,9050,4216,367,3878,2224,9743,0,0,1791,3878,3613,8830,4843,0,3050,708,3411,13335,9570,3837,3878,464,4843,3613,230,13226,9840,11420,367,1231,1409,3942,4879,4849,12453,97,8671,3032,608,0,3082,9390,1888,1894
24829,4586,15551,3409,3922,1492,230,3042,14612,1387,9227,3957,608,9895,3169,3847,230,3195,3782,105,1182,367,3212,4843,4849,1582,11261,3442,6589,9549,3853,4859,3584,3604,4849,8579,1357,9254,6207,3613,4859,8792,3240,15472,9979,2975,9588,6245,2344,10193,6438,3648,4843,3774,4859,1323,9050,4216,367,3878,2224,9743,0,0,1791,3878,3613,8830,4843,0,3050,708,3411,13335,9570,3837,3878,464,4843,3613,230,13226,9840,11420,367,1231,1409,3942,4879,4849,12453,97,8671,3032,608,0,3082,9390,1888,1894
26010,3408,15963,2231,2644,1159,2168,3305,11903,1350,9639,2778,1605,10307,1991,2729,2168,2077,3746,1833,1263,1647,2212,3665,3671,1181,11672,2324,4463,9961,2736,3681,2466,2487,3671,8990,801,9666,4067,1843,3681,9204,3204,15883,10390,1184,10000,4137,2307,10604,4336,1878,3665,2596,3681,1282,9461,2939,1647,2760,433,10155,1938,1938,0,2760,1843,9241,3665,1938,3313,1243,2092,13747,9982,2659,2760,2403,3665,1843,2168,13638,10252,11831,1647,830,1372,2763,3701,3671,11683,2035,9082,1854,1605,1938,1904,9802,2885,1858
25738,3945,18638,2768,6586,3101,4110,5980,13779,4051,12315,3316,3547,12982,2529,573,4110,683,6446,3774,3205,3589,5876,4202,4208,3219,13971,436,5956,12636,25,4218,295,274,4208,11666,3544,12341,5595,3761,4218,11880,5905,18559,13066,3950,12698,5600,5008,13280,5783,3796,4202,3134,4218,4262,12137,6881,3589,0,3109,12831,3880,3880,2766,0,3761,11917,4202,3880,5989,3185,6350,16423,12658,3197,0,4344,4202,3761,4110,16313,12927,14130,3589,2868,4073,3301,4238,4208,14125,3977,11758,2391,3547,3880,2441,12477,4826,4558
23450,4242,14775,3065,3901,2721,3731,5340,11357,3385,11674,3612,3168,13455,2825,3563,3731,2911,4975,3395,2825,3210,3469,4499,4505,2553,13907,3158,2506,12355,3570,4515,3300,3321,4505,11025,2560,11700,2106,0,4515,11239,5239,14797,12784,2441,12057,2206,4342,11735,2406,50,4499,3430,4515,3008,11496,4196,3210,3594,1693,12549,3500,3500,1771,3594,0,11276,4499,3500,5348,2806,3349,15564,12017,3493,3594,3965,4499,0,3731,15500,11763,14066,3210,2202,3407,3597,4535,4505,11138,3597,11117,2688,3168,3500,2738,13423,4447,3893
25973,11645,10672,10468,7625,8560,7203,5885,14943,7471,3022,11015,7667,4691,10228,10906,7203,10254,7663,7894,8240,7709,6915,11902,11908,7744,6049,10500,8175,2609,10912,11918,10642,10663,11908,1321,7806,1997,7778,10083,11918,2368,7285,10592,3039,7935,4703,7854,6031,3253,8054,10118,11902,10833,11918,7503,220,7919,7709,10937,8673,2804,7434,7434,8240,10937,10083,0,11902,7434,5598,7767,7114,8456,740,10896,10937,7437,11902,10083,7203,8347,2583,6208,7709,8095,7484,11000,11937,11908,14723,7337,2875,10091,7667,7434,10141,3185,6762,6405
25550,3256,16458,3078,8645,5159,6169,8039,16544,6110,14373,2626,5606,15538,3955,5248,6169,4596,8505,5833,5263,5648,7935,0,7473,5278,14774,4843,1701,14439,5254,10,4985,5005,7452,13725,5603,14400,1474,5756,10,13938,7964,18147,14868,6294,14757,1358,7067,15082,1485,5791,4785,3009,10,6321,14196,8939,5648,5279,5104,14633,5939,5939,4761,5279,5756,14028,0,5939,8048,5244,8408,15796,14716,3072,5279,6403,0,5756,6169,17292,14986,13517,5648,4927,6132,3177,30,10,16120,6035,13817,3818,5606,5939,3868,15507,6885,6617
24566,4586,15551,3409,3922,1492,230,3042,12672,1387,9227,3957,608,9895,3169,3847,230,3195,3782,105,1182,367,3212,4843,4849,1582,11261,3442,6535,9549,3853,4859,3584,3604,4849,8579,1357,9254,6149,3613,4859,8845,3240,15472,9979,3128,9611,6194,2344,10193,6388,3648,4843,3774,4859,1323,9102,4216,367,3878,2377,9743,0,0,1944,3878,3613,8882,4843,0,3050,708,3411,13335,9623,3837,3878,464,4843,3613,230,13317,9840,11420,367,1231,1409,3942,4879,4849,12453,97,8671,3032,608,0,3082,9390,1888,1894
24297,6063,13298,4887,2043,2969,1622,640,10271,1889,6974,5434,2086,7642,4647,5324,1622,4672,674,2313,2659,2128,1333,6320,6326,2163,9008,4919,6515,7296,5331,6336,5061,5082,6326,6325,2225,7001,6114,4502,6336,6539,857,13218,7725,2354,7335,6224,450,9003,6424,4537,6320,5252,6336,1921,6797,2338,2128,5355,3091,7490,1852,1852,2659,5355,4502,6577,6320,1852,0,2185,1533,11082,7317,5315,5355,1856,6320,4502,1622,11063,7587,9167,2128,2514,1903,5419,6356,6326,10051,1756,6417,4509,2086,1852,4559,7137,756,824
24223,3891,15318,2714,3689,797,939,2809,12439,1154,8994,3262,375,9662,2474,3152,939,2500,3549,603,487,418,2979,4148,4154,887,11028,2747,5271,9316,3159,4164,2889,2910,4154,8346,1212,9021,4883,2918,4164,8612,3007,15239,9746,2433,9378,4932,2111,9960,5127,2953,4148,3080,4164,1090,8869,3983,418,3183,1682,9510,708,708,1249,3183,2918,8649,4148,708,2817,0,3178,13102,9390,3142,3183,1173,4148,2918,939,13084,9607,11187,418,536,1176,3247,4184,4154,12220,805,8438,2337,375,708,2387,9157,1655,1661
25072,5839,14814,4662,1491,2716,2547,2156,11787,1627,8490,5210,3011,9158,4423,5100,2547,4448,1497,3238,2820,3053,927,6096,6102,1900,10524,4695,5313,8812,5107,6112,4837,4858,6102,7841,1962,8517,4913,4239,6112,8055,955,14734,9241,1040,8873,5009,1159,10519,5209,4274,6096,5028,6112,2847,8313,1785,3053,5131,2829,9006,2778,2778,2396,5131,4239,8093,6096,2778,1728,3111,0,12598,8833,5091,5131,2781,6096,4239,2547,12579,9103,10683,3053,2251,1641,5195,6132,6102,11567,2681,7934,4285,3011,2778,4335,8653,2050,709
25693,16972,7079,13533,12855,13791,12434,11116,19588,12701,6850,16397,12898,6004,14638,16136,12434,15484,12893,13125,13471,12940,12145,18249,15649,12975,3273,15731,17416,6982,16143,17540,15873,15894,16193,8137,13037,8812,18617,13883,17841,8264,12174,6999,7306,13166,5680,18721,11262,7425,17248,13368,18557,13936,18140,12733,8522,13150,12940,16167,13903,6702,12664,12664,13471,16167,14121,8302,17410,12664,10829,12997,12345,0,9042,15500,16167,12668,15658,13729,12434,128,8024,3431,12940,13326,12715,14815,17243,17690,17907,12568,8105,15321,12898,12664,15371,6699,11992,11636
25242,12906,11017,11729,8886,9812,8465,7147,16204,8732,4693,12277,8929,5361,11490,12167,8465,11515,8924,9156,9502,8971,8176,13163,13169,9006,6726,11762,7730,5014,12174,13179,11904,11925,13169,4044,9068,4719,7330,11344,13179,4258,8205,10937,5444,9197,5054,7419,7293,5658,7619,11380,13163,12095,13179,8764,4515,9181,8971,12198,9934,5209,8695,8695,9502,12198,11344,4295,13163,8695,6859,9028,8376,8801,0,12158,12198,8699,13163,11344,8465,8782,5305,6885,8971,9357,8746,12262,13199,13169,15985,8598,4136,11352,8929,8695,11402,4855,8023,7666
25256,1755,14725,588,6709,3224,4233,6103,14403,4174,12437,1126,3670,13602,2019,3312,4233,2660,6569,3897,3328,3712,5999,2012,2018,3342,14094,2907,2831,12503,3319,2028,3049,3070,2018,11789,3667,12464,2500,3820,2028,12055,6028,14731,12932,4009,12821,2471,5131,13146,2644,3855,2012,61,2028,4385,12312,7003,3712,3343,3168,12697,4003,4003,2825,3343,3820,12092,2012,4003,6112,3308,6473,14063,12833,0,3343,4467,2012,3820,4233,15376,13050,14253,3712,2991,4196,341,2048,2018,14184,4099,11881,1882,3670,4003,1932,12600,4949,4681
25660,3945,18638,2768,6586,3101,4110,5980,13589,4051,12315,3316,3547,12982,2529,573,4110,683,6446,3774,3205,3589,5876,4202,4208,3219,13971,436,5642,12636,25,4218,295,274,4208,11666,3544,12341,5281,3761,4218,11932,5905,18559,13066,3950,12698,5285,5008,13280,5468,3796,4202,3134,4218,4262,12189,6881,3589,0,3109,12831,3880,3880,2766,0,3761,11969,4202,3880,5989,3185,6350,16423,12710,3197,0,4344,4202,3761,4110,16404,12927,14130,3589,2868,4073,3301,4238,4208,14125,3977,11758,2391,3547,3880,2441,12477,4826,4558
25812,5051,14989,3874,3359,1956,234,2479,12110,1851,8665,4421,1073,9333,3634,4311,234,3660,3220,570,1646,832,2649,5308,5314,2046,10699,3906,6063,8987,4318,5323,4048,4069,5314,8016,1821,8692,5666,4137,5323,8230,2678,14909,9416,3593,9048,5741,2808,9630,5941,4172,5308,4239,5323,1058,8487,3654,832,4343,2841,9181,464,464,2409,4343,4137,8267,5308,464,2488,1173,2849,12773,9008,4302,4343,0,5308,4137,234,12754,9278,10857,832,1695,1873,4406,5343,5314,11890,368,8108,3496,1073,464,3546,8828,1325,2359
28246,3262,17987,3084,8651,5165,6175,8045,16550,6116,14379,2632,5612,15544,3961,5254,6175,4602,8511,5839,5269,5654,7941,0,6,5284,13254,4849,1842,14444,5260,16,4990,5011,6,13731,5609,14406,1610,5762,16,13997,7969,17994,14874,6300,14763,1498,7073,15088,1627,5797,6,3015,16,6327,14254,8945,5654,5285,5110,14639,5944,5944,4766,5285,5762,14034,0,5944,8054,5250,8414,17257,14775,3078,5285,6409,0,5762,6175,17135,14318,13368,5654,4933,6138,3182,36,6,16126,6041,13823,3824,5612,5944,3874,15513,6891,6623
23334,4242,15852,3065,3901,2721,3731,5340,11357,3385,11674,3612,3168,13455,2825,3563,3731,2911,4975,3395,2825,3210,3469,4499,4505,2553,13837,3158,2807,12355,3570,4515,3300,3321,4505,11025,2560,11700,2406,0,4515,11291,5239,15877,12784,2441,12057,2506,4342,11735,2707,50,4499,3430,4515,3008,11549,4196,3210,3594,1693,12549,3500,3500,1771,3594,0,11329,4499,3500,5348,2806,3349,15132,12069,3493,3594,3965,4499,0,3731,13673,11763,13996,3210,2202,3407,3597,4535,4505,11138,3597,11117,2688,3168,3500,2738,13423,4447,3893
26653,4816,14755,3640,3125,1722,0,2245,11876,1617,8431,4187,839,9099,3400,4077,0,3426,2986,336,1412,598,2415,5074,5079,1812,10465,3672,6366,8753,4084,5089,3814,3835,5079,7782,1587,8458,5976,3844,5089,7996,2444,14675,9182,3358,8814,6030,2574,9396,6227,3879,5074,4005,5089,824,8253,3420,598,4109,2607,8947,230,230,2175,4109,3844,8033,5074,230,2254,939,2615,12539,8774,4068,4109,234,5074,3844,0,12520,9044,10623,598,1461,1639,4172,5109,5079,11656,134,7874,3262,839,230,3312,8594,1091,2125
26040,16855,6950,13422,12727,13662,12306,10988,17970,12573,6721,14775,12769,5876,15330,16008,12306,15356,12765,12997,13342,12811,12017,18162,15531,12846,3144,15603,17347,6853,16014,15796,15744,15765,17729,8008,12908,8684,18543,15243,16076,8136,12046,6870,7178,13037,5552,16911,11133,7296,18928,13293,16760,15241,18020,12605,8393,13021,12811,16039,13775,6574,12536,12536,13342,16039,14063,8173,15689,12536,10700,12869,12216,128,8914,13951,16039,12540,15547,15070,12306,0,7895,3303,12811,13197,12587,16240,15514,17564,18080,12439,7977,15193,12769,12536,15243,6570,11864,11507
23909,12376,9508,11200,8356,9282,7935,6617,15438,8202,2149,11747,8399,2029,10960,11637,7935,10986,8394,8626,8972,8441,7647,12634,12639,8476,3277,11232,9393,929,11644,12649,11374,11395,12639,1407,8538,1279,8996,10815,12649,2314,7675,9428,1359,8667,3711,9071,6763,1573,9270,10850,12634,11565,12649,8234,2572,8651,8441,11668,9404,1124,8165,8165,8972,11668,10815,2352,12634,8165,6330,8499,7846,8732,3092,11628,11668,8169,12634,10815,7935,8604,0,3436,8441,8827,8216,11732,12669,12639,15455,8069,3606,10822,8399,8165,10872,1998,7493,7137
26197,14508,5993,13331,10488,11423,10067,8749,18797,10334,2563,13878,10530,1717,13091,13769,10067,13117,10526,10758,11104,10573,9778,14377,14699,10608,271,13364,15270,2694,13775,13600,13506,13526,15332,4115,10669,3870,14754,12946,13894,5897,9807,5913,3019,10798,2417,14822,8894,3138,15081,12981,16162,13696,15622,10366,6155,10783,10573,13800,11536,2415,10297,10297,11103,13800,12946,5935,14898,10297,8461,10630,9977,4972,6675,13759,13800,10301,14734,12946,10067,4953,3376,0,10573,10959,10348,13864,13290,13747,15275,10200,5738,12954,10530,10297,13004,2411,9625,9268
24281,4296,15261,3119,3631,1201,598,2751,12382,1096,8937,3666,318,9605,2879,3556,598,2905,3491,262,891,0,2921,4553,4558,1291,10970,3151,5684,9258,3563,4568,3293,3314,4558,8288,1066,8964,5296,3323,4568,8554,2950,15181,9688,2838,9320,5345,2053,9902,5540,3358,4553,3484,4568,1033,8812,3926,0,3588,2086,9453,367,367,1654,3588,3323,8592,4553,367,2760,418,3121,13045,9332,3547,3588,832,4553,3323,598,13026,9550,11129,0,940,1118,3651,4588,4558,12162,464,8380,2741,318,367,2791,9100,1597,1604
24024,3588,15795,2411,3718,465,1474,3137,12768,1183,9471,2958,911,10139,2171,2848,1474,2197,3578,1139,569,953,3008,3845,3851,351,11505,2443,4932,9793,2855,3860,2585,2606,3851,8823,793,9498,4542,2558,3860,9089,3037,15716,10223,2014,9855,4596,2140,10437,4793,2593,3845,2776,3860,806,9346,4013,953,2880,1263,9987,1244,1244,830,2880,2558,9126,3845,1244,3146,549,3367,13579,9867,2839,2880,1708,3845,2558,1474,13561,10084,11664,953,0,1205,2943,3880,3851,12548,1341,8915,2033,911,1244,2083,9634,2191,1690
25669,4778,15193,3602,3115,1656,1628,2535,12165,566,8869,4149,1065,9537,3362,4039,1628,3387,2976,1293,1760,1107,2405,5035,5041,840,10902,3634,5243,9190,4046,5051,3776,3797,5041,8220,901,8895,4846,3178,5051,8486,2434,15113,9620,2519,9252,4925,1537,9834,5125,3213,5035,3967,5051,901,8744,3410,1107,4070,1768,9385,1398,1398,1336,4070,3178,8524,5035,1398,2543,1165,2764,12977,9264,4030,4070,1862,5035,3178,1628,12958,9482,11061,1107,1191,0,4134,5071,5041,11946,1495,8312,3224,1065,1398,3274,9032,2429,1088
24324,1859,17055,481,6813,3328,4337,6207,14508,4278,12542,1230,3774,13707,2124,3416,4337,2764,6673,4001,3432,3816,6103,2116,2122,3446,14198,3011,1995,12607,3423,2132,3153,3174,2122,11893,3771,12568,1617,3924,2132,12159,6132,15489,13036,4113,12925,1652,5235,13250,1847,3959,2116,278,2132,4489,12416,7108,3816,3447,3272,12801,4107,4107,2929,3447,3924,12196,2116,4107,6216,3412,6577,16329,12937,341,3447,4571,2116,3924,4337,14735,13154,14357,3816,3095,4300,0,2152,2122,14288,4204,11985,1986,3774,4107,2036,12704,5053,4785
29068,3226,16307,3048,8615,5130,6139,8010,13353,6080,14344,2596,5576,15509,3926,5218,6139,4566,8475,5803,5234,5618,7905,3483,3489,5248,16377,4813,2329,14409,5225,3499,4955,4976,3489,13695,5573,14370,2149,5726,3499,13961,7934,16307,14839,6264,14727,2009,7037,15053,2106,5761,3483,2980,3499,6291,14219,8910,5618,5249,5074,14603,5909,5909,4731,5249,5726,13999,3483,5909,8018,5214,8379,15645,14739,3043,5249,6373,3483,5726,6139,17098,14282,14647,5618,4897,6102,3147,0,3489,16090,6006,13787,3788,5576,5909,3838,15477,6856,6588
28535,3246,18420,3068,8635,5150,6159,8029,16535,6100,14364,2616,5596,15529,3946,5238,6159,4586,8495,5823,5254,5638,7925,3503,3509,5268,13631,4833,1746,14429,5245,0,4975,4996,3509,13715,5593,14390,1577,5746,0,13981,7954,18425,14858,6284,14747,1429,7057,15072,1524,5781,3503,3000,0,6311,14238,8930,5638,5269,5094,14623,5929,5929,4751,5269,5746,14018,3503,5929,8038,5234,8399,16050,14759,3063,5269,6393,3503,5746,6159,15936,14302,15151,5638,4917,6122,3167,20,0,16110,6026,13807,3808,5596,5929,3858,15497,6875,6607
15365,16213,18474,15036,10887,13119,11772,10321,3975,11906,13452,15584,12236,15414,14797,15474,11772,14822,9456,12463,12809,12278,10177,16470,16476,12180,16850,15069,6987,15817,15481,16486,15211,15232,16476,15103,12242,15778,6789,11787,16486,15369,10249,18564,13246,12467,15109,7012,10467,14122,7109,11822,16470,15402,16486,12071,15626,11182,12278,15505,11897,16011,12002,12002,12676,15505,11787,15406,16470,12002,10033,12335,11550,16247,16147,15465,15505,12006,16470,11787,11772,16404,16364,16836,12278,12531,11920,15569,16506,16476,0,11905,15195,14659,12236,12002,14709,14667,10681,10840
23958,4683,14888,3506,3259,1589,134,2379,12010,1483,8564,4053,705,9232,3266,3944,134,3292,3119,202,1278,464,2549,4940,4946,1679,10598,3539,6030,8886,3950,4956,3680,3701,4946,7916,1454,8591,5638,3710,4956,8129,2578,14809,9316,3225,8948,5698,2440,9530,5895,3745,4940,3871,4956,958,8387,3553,464,3975,2474,9080,97,97,2041,3975,3710,8167,4940,206,2388,805,2748,12672,8907,3934,3975,368,4940,3710,134,12654,9177,10757,464,1328,1506,4038,4976,4946,11790,0,8008,3129,705,206,3179,8727,1225,1991
23694,8770,15667,7593,4750,5686,4329,3011,12273,4596,9343,8141,4793,10011,7354,8031,4329,7379,4788,5020,5366,4835,4040,9027,9033,4870,12918,7626,7990,9664,8038,9043,7768,7789,9033,8694,4931,9369,7593,7208,9043,8960,4069,15587,10094,5061,9726,7666,3157,10815,7865,7243,9027,7959,9043,4628,9218,5045,4835,8062,5798,9859,4559,4559,5366,8062,7208,8998,9027,4559,2723,4892,4239,13451,9738,8022,8062,4563,9027,7208,4329,13432,10843,13077,4835,5221,4610,8126,9063,9033,11849,4462,0,7216,4793,4559,7266,9505,3887,3530
27387,2345,13671,1168,5758,2273,3282,5153,13453,3223,11487,1715,2719,12155,238,2361,3282,1710,5619,2947,2377,2761,5048,2602,2608,2391,13143,1956,3496,11808,2368,2618,2098,2119,2608,10838,2716,11513,3133,2869,2618,11104,5077,15075,12238,3058,11870,3142,4180,12452,3328,2904,2602,1533,2618,3434,11362,6053,2761,2392,2217,12003,3052,3052,1874,2392,2869,11142,2602,3052,5161,2357,5522,15595,11882,1596,2392,3516,2602,2869,3282,15576,12100,13302,2761,2040,3245,1700,2637,2608,13233,3149,10930,0,2719,3052,150,11650,3999,3731
27377,4253,15219,3077,3589,1159,839,2709,12340,1054,8895,3624,0,9563,2837,3514,839,2862,3449,503,849,318,2879,4510,4516,1249,10928,3109,5604,9216,3521,4526,3251,3272,4516,8246,1024,8921,5226,3281,4526,8512,2908,15139,9646,2795,9278,5257,2011,9860,5448,3316,4510,3442,4526,991,8770,3884,318,3545,2044,9411,608,608,1611,3545,3281,8550,4510,608,2718,375,3078,13003,9290,3505,3545,1073,4510,3281,839,12984,9507,11087,318,898,1076,3609,4546,4516,12120,705,8338,2699,0,608,2749,9057,1555,1561
27088,4586,15551,3409,3922,1492,230,3042,12672,1387,9227,3957,608,9895,3169,3847,230,3195,3782,105,1182,367,3212,4843,4849,1582,11261,3442,6438,9549,3853,4859,3584,3604,4849,8579,1357,9254,6052,3613,4859,8845,3240,15472,9979,3128,9611,6097,2344,10193,6291,3648,4843,3774,4859,1323,9102,4216,367,3878,2377,9743,0,0,1944,3878,3613,8882,4843,0,3050,708,3411,13335,9623,3837,3878,464,4843,3613,230,13317,9840,11420,367,1231,1409,3942,4879,4849,12453,97,8671,3032,608,0,3082,9390,1888,1894
27246,2395,13678,1218,5808,2323,3332,5203,13503,3273,11537,1765,2769,12205,88,2411,3332,1760,5669,2997,2427,2811,5098,2652,2658,2441,13193,2006,3458,11858,2418,2668,2148,2169,2658,10888,2766,11563,3090,2919,2668,11154,5127,15085,12288,3108,11920,3105,4230,12502,3293,2954,2652,1583,2668,3484,11412,6103,2811,2443,2267,12053,3102,3102,1924,2443,2919,11192,2652,3102,5211,2407,5572,15645,11932,1646,2443,3566,2652,2919,3332,15626,12150,13352,2811,2090,3295,1750,2687,2658,13283,3199,10980,150,2769,3102,0,11700,4049,3781
27946,12869,7608,11692,8849,9784,8427,7109,16816,8694,149,12239,8891,1005,11452,12129,8427,11478,10560,9118,9464,8933,8139,13126,13132,8968,2253,11724,9594,1257,12136,13141,11866,11887,13132,2677,9030,2433,9206,11307,13141,3584,8167,7528,1581,9159,1700,9256,7255,2051,9451,11342,13126,12057,13141,8727,3842,9143,8933,12161,9897,977,8658,8658,9464,12161,11307,3622,13126,8658,6822,8991,8338,7745,4362,12120,12161,8661,13126,11307,8427,7727,1939,2412,8933,9319,8708,12224,13161,13132,13307,8561,4098,11314,8891,8658,11364,0,7986,7629
25046,5533,13663,4356,2352,2439,1091,1472,10908,2141,7340,4903,1555,8007,4116,4794,1091,4142,2212,1782,2128,1597,1642,5790,5796,2528,9373,4388,6318,7661,4800,5806,4530,4551,5796,6691,2112,7366,5918,4389,5806,6905,1671,13584,8091,2662,7701,6012,3098,8305,6212,4424,5790,4721,5806,1391,7162,2646,1597,4825,2978,7855,1322,1322,2546,4825,4389,6942,5790,1322,1480,1655,1841,11447,7683,4784,4825,1325,5790,4389,1091,11429,7952,9532,1597,2177,2163,4888,5825,5796,10689,1225,6783,3978,1555,1322,4028,7502,0,1132
25104,5278,14105,4101,1562,2155,1838,1447,11078,1066,7781,4649,2302,8449,3861,4539,1838,3887,1422,2529,2259,2344,852,5535,5541,1339,9815,4134,5918,8103,4546,5551,4276,4296,5541,7132,1401,7808,5518,3678,5551,7346,880,14025,8532,1530,8142,5611,449,9810,5811,3713,5535,4467,5551,2138,7604,1856,2344,4570,2268,8297,2069,2069,1835,4570,3678,7384,5535,2069,1456,2402,709,11889,8124,4529,4570,2072,5535,3678,1838,11870,8394,9974,2344,1690,1080,4634,5571,5541,10858,1972,7224,3724,2302,2069,3774,7944,1341,0
