0,2100,1770,1718,1488,1658,1645,1790,2300,1611,2116,2075,1726,1758,2048,1799,1680,2100,1474,1642,2077,2048,1821,1689,2138,1991,2173,1746,2026,1672,2095,2145,1740,1739,2123,1612,1623,1615,1663,1921,2133,1612,1828,2149,1718,1546,2128,2033,1867,1627,2042,1974,1688,2073,2131,1646,1594,1781,2025,2132,1933,1700,1673,2051,1614,2127,1937,1612,2111,2030,1508,2001,1556,2123,1567,2087,2120,1602,1753,1928,1654,2151,1975,2164,2006,1985,1593,2010,1804,1771,1269,1979,1958,1700,1699,1681,1691,1735,1555,1558
1739,0,1099,446,1264,747,898,1316,2616,964,2071,340,790,2508,646,816,898,735,1264,838,782,817,1173,18,18,780,2937,764,0,2206,814,19,782,784,18,1908,863,2020,0,938,19,2110,1172,1328,2320,1071,2406,0,998,2333,0,942,18,426,19,928,2141,1295,817,817,864,2260,851,851,837,817,938,2114,18,851,1310,754,1277,1053,2202,434,817,926,18,938,898,1046,2048,2955,817,731,940,448,21,19,2415,863,1927,630,790,851,636,2445,983,939
2138,1327,0,971,1729,1788,1709,1490,1507,1658,1381,1284,1707,1262,954,2191,1709,2110,2015,1781,1810,1760,1638,1422,1348,1654,831,2139,1236,1388,2189,1370,2157,2159,1153,1451,1702,1519,1450,1201,1153,1600,1674,8,1565,1800,1316,1207,1538,1365,1225,1159,1197,999,1171,1688,1631,1760,1760,2192,1883,1342,1711,1711,1816,2192,1221,1604,1360,1711,1435,1716,1662,906,1692,1217,2192,1737,1116,984,1709,894,1416,849,1760,1682,1690,1059,1347,1143,1147,1699,1236,1130,1707,1711,1130,1358,1724,1523
2075,241,1173,0,926,412,572,979,2312,619,1656,152,464,2132,310,480,572,399,926,512,444,491,835,269,270,436,2475,428,0,1823,478,271,446,448,270,1490,514,1602,0,615,271,1691,834,971,1968,739,1972,0,660,1927,0,619,270,64,271,618,1722,957,491,481,532,1908,525,525,505,481,615,1695,269,525,973,422,971,1118,1783,72,481,600,269,615,572,1109,1648,2493,491,387,597,60,273,271,2367,537,1510,294,464,525,300,1679,648,600
1797,1003,2879,850,0,579,511,495,1682,439,1208,914,512,1716,857,979,511,898,219,586,611,565,107,1031,1032,435,2144,927,0,1402,977,1033,945,947,1032,1034,489,1145,0,611,1033,1240,160,2870,1634,251,1485,0,334,1493,0,615,1032,893,1033,493,1271,21,565,980,507,1518,513,513,610,980,611,1244,1031,513,344,521,232,2458,1332,901,980,539,1031,611,511,2446,1356,2162,565,463,473,915,1035,1033,1765,501,1059,841,512,513,847,1231,467,346
2003,765,2873,612,596,0,177,536,2083,292,1200,676,69,1712,619,738,177,657,596,117,340,96,505,793,794,309,2137,686,0,1395,736,795,704,706,794,1027,218,1138,0,630,795,1232,504,2864,1635,569,1481,0,331,1503,0,634,794,655,795,218,1263,627,96,739,402,1512,130,130,335,739,630,1236,793,130,530,31,596,2450,1324,663,739,205,793,630,177,2437,1173,2153,96,305,269,674,794,792,2132,142,1050,600,69,130,606,1222,234,277
1987,698,2827,545,583,388,0,461,2002,361,1125,609,119,1666,552,671,0,590,583,60,262,91,492,726,727,276,2064,619,0,1321,669,728,637,639,727,955,287,1066,0,737,728,1157,491,2818,1561,638,1435,0,403,1429,0,741,727,588,728,109,1188,614,91,672,471,1438,47,47,404,672,737,1161,726,47,455,168,528,2402,1249,596,672,28,726,737,0,2390,1102,2082,91,227,338,610,730,728,2058,35,976,536,119,47,542,1148,166,346
1482,924,2679,771,426,503,400,0,1737,362,996,835,401,1584,778,900,400,819,426,475,504,454,335,952,953,359,1924,848,0,1199,898,954,866,868,953,826,409,937,0,822,954,1028,334,2670,1439,509,1316,0,224,1409,0,826,953,814,954,382,1059,457,454,901,597,1316,402,402,530,901,822,1032,952,402,128,410,371,2268,1120,822,901,428,952,822,400,2256,977,1942,454,387,396,836,956,954,1818,390,847,762,401,402,768,1019,290,229
1388,2653,1248,2500,2021,2386,2169,1991,0,2157,1274,2564,1094,1312,2507,960,2169,2549,1824,2238,2263,2217,1930,2681,2682,2152,1169,1094,0,994,914,2683,909,911,2682,1954,2202,924,0,2109,2683,2167,1953,1254,1253,2299,1072,0,2058,951,0,2113,2682,2543,2683,2145,2198,2052,2217,1132,2167,1234,2171,907,2311,1138,2109,2171,2681,2171,1939,2171,2165,1216,2259,2551,1123,2197,2681,2109,2169,1485,958,1167,2217,2180,2193,2565,1103,2683,653,2159,1984,2491,2164,2171,2497,1044,2012,2026
1946,658,2846,505,489,206,380,434,1932,0,1144,569,246,1672,512,629,380,548,489,320,239,299,398,686,687,65,2079,577,0,1340,627,688,595,597,687,974,82,1085,0,494,688,1176,397,2837,1580,433,1440,0,224,1611,0,498,687,548,688,227,1207,520,299,630,266,1457,333,333,199,630,494,1180,686,333,428,255,495,2421,1268,556,630,408,686,494,380,2409,1121,2097,299,93,162,570,690,688,1996,345,995,496,246,333,502,1167,394,170
1752,1677,1838,1524,1209,1249,1188,975,1055,1119,0,1588,1184,314,1531,1654,1188,1573,1494,1258,1284,1237,1118,1705,1706,1113,871,1602,0,288,1652,1707,1620,1622,1706,554,1163,487,0,1570,1707,724,1154,1829,417,1280,449,0,1019,395,0,1574,1706,1567,1707,1166,755,1240,1237,1655,1344,233,1190,1190,1277,1655,1570,728,1705,1190,918,1192,1142,1604,816,1575,1655,1216,1705,1570,1188,1592,390,889,1237,1141,1155,1589,1709,1707,1111,1178,723,1515,1184,1190,1521,23,1216,1003
1718,103,1063,186,997,489,649,1041,2378,698,1753,0,541,2229,386,556,649,475,997,589,521,568,906,131,132,513,2574,504,0,1899,554,133,522,524,132,1587,591,1698,0,687,133,1788,905,1064,2013,814,2069,0,731,2026,0,691,132,166,133,692,1819,1028,568,557,604,1953,602,602,580,557,687,1792,131,602,1035,499,1034,1018,1880,174,557,677,131,687,649,1221,1735,2592,568,464,674,188,135,133,2435,614,1607,370,541,602,376,1776,740,673
2085,615,2848,462,577,300,140,514,906,273,1182,526,0,1694,469,585,140,504,577,80,175,59,486,643,644,189,2110,533,0,1377,583,645,551,553,644,1009,199,1120,0,653,645,1214,485,2839,1617,550,1463,0,312,1485,0,657,644,505,645,198,1245,608,59,586,383,1494,93,93,316,586,653,1218,643,93,508,81,576,2423,1306,513,586,168,643,653,140,2411,1156,2128,59,140,250,527,647,645,2109,105,1033,453,1,93,459,1205,214,258
2123,1767,2145,1614,1291,1329,1268,1053,1087,1201,548,1678,1263,0,1621,1744,1268,1663,1573,1337,1362,1316,1200,1795,1796,1195,921,1692,926,576,1742,1797,1710,1712,1796,836,1245,769,0,1646,1797,980,1236,2136,698,1362,170,0,1099,662,1102,1650,1796,1657,1797,1245,1011,1322,1316,1745,1426,521,1270,1270,1359,1745,1646,984,1795,1270,997,1270,1224,1686,1072,1665,1745,1296,1795,1646,1268,1674,667,939,1316,1223,1237,1679,1799,1797,957,1258,801,1605,1263,1270,1611,525,1288,1085
1696,344,1152,191,881,364,524,931,2277,575,1614,255,416,2091,0,436,524,355,881,464,397,443,790,372,373,391,2434,384,0,1783,434,374,402,404,373,1448,469,1560,0,577,374,1649,789,1153,1939,701,1931,0,615,1893,0,581,373,234,374,571,1680,912,443,437,494,1879,477,477,467,437,577,1654,372,478,926,375,924,909,1742,242,437,553,372,577,525,2773,1607,2453,444,342,552,256,376,374,2334,490,1469,28,417,478,10,1638,605,555
2173,540,3273,387,914,400,560,967,1159,608,1678,451,452,2153,394,0,560,81,914,500,432,479,823,568,569,424,2496,54,0,1843,68,570,36,38,569,1512,502,1624,0,634,570,1713,822,3264,1969,758,1993,0,648,1951,0,638,569,430,570,607,1744,945,479,71,551,1909,513,513,524,71,634,1717,568,513,959,410,958,2848,1805,438,71,588,568,634,560,2836,1670,2514,479,375,585,452,572,570,2386,525,1532,378,452,513,384,1701,636,588
2029,698,2827,545,583,388,0,461,2002,361,1125,609,119,1661,552,671,0,590,583,60,262,91,492,726,727,276,2064,619,0,1321,669,728,637,639,727,955,287,1066,0,737,728,1157,491,2818,1561,638,1433,0,405,1429,0,741,727,588,728,109,1188,614,91,672,471,1438,47,47,404,672,737,1161,726,47,455,168,528,2402,1249,596,672,28,726,737,0,2390,1102,2082,91,227,338,610,730,728,2058,35,976,536,119,47,542,1148,166,346
1739,459,3166,306,833,316,473,879,2252,527,1554,370,365,2023,313,81,473,0,833,413,349,392,742,487,488,343,2371,29,0,1731,79,489,47,49,488,1393,421,1505,0,553,489,1593,741,3161,1909,677,1867,0,567,1843,0,557,488,349,489,520,1624,864,392,82,470,1833,426,426,443,82,553,1597,487,426,873,325,879,2749,1685,357,82,501,487,553,473,2737,1556,2393,392,294,504,371,491,489,2309,438,1412,297,365,426,303,1581,553,507
1781,960,2838,807,197,530,466,459,1520,390,1171,871,467,1709,814,936,466,855,0,541,570,520,106,988,989,386,2124,884,0,1389,934,990,902,904,989,998,440,1109,0,788,990,1203,130,2829,1621,289,1452,0,290,1274,0,792,989,850,990,448,1234,228,520,937,628,1506,468,468,561,937,788,1207,988,468,94,476,265,2413,1295,858,937,494,988,788,466,2401,1130,2143,520,414,424,872,992,990,1341,456,1022,798,467,468,804,1194,423,261
1983,641,2874,488,605,327,60,550,2095,301,1210,552,59,1715,495,612,60,531,605,0,202,31,514,669,670,216,2145,560,0,1402,610,671,578,580,670,1036,227,1147,0,680,671,1242,513,2861,1634,578,1484,0,340,1510,0,684,670,531,671,227,1273,636,31,613,411,1519,13,13,344,613,680,1246,669,13,544,108,605,2451,1334,539,613,88,669,680,60,2439,1183,2163,31,167,278,553,673,671,2159,25,1061,479,59,13,485,1233,243,286
1720,598,2896,445,664,81,238,599,2118,354,1254,509,130,1760,452,568,238,487,664,178,0,157,573,626,627,172,2188,516,0,1444,566,628,534,536,627,1082,256,1193,0,636,628,1287,572,2887,1670,514,1529,0,398,1552,0,640,627,488,628,280,1318,695,157,569,347,1561,191,191,280,569,636,1291,626,191,593,90,653,2477,1379,496,569,266,626,636,238,2465,1229,2206,157,123,331,510,630,628,2176,203,1106,436,130,191,442,1277,296,339
1696,664,2891,511,633,353,112,574,2091,327,1235,575,85,1739,518,637,112,556,633,52,228,0,542,692,693,242,2169,585,0,1425,635,694,603,605,693,1062,253,1173,0,705,694,1268,541,2882,1651,604,1508,0,367,1533,0,709,693,554,694,253,1299,664,0,638,437,1542,65,65,370,638,705,1272,688,65,568,132,628,2472,1340,558,638,140,688,705,112,2381,1209,2178,0,186,304,572,692,690,2151,77,1067,498,85,65,504,1238,262,312
1508,889,2733,736,91,453,402,387,1661,332,1094,800,397,1678,743,862,402,781,112,471,485,450,0,917,918,309,2049,810,0,1256,860,919,828,830,918,933,379,1057,0,546,919,1126,53,2724,1496,189,1446,0,227,1394,0,550,918,779,919,378,1157,122,450,863,567,1373,404,404,500,863,546,1130,917,404,237,404,203,2320,1218,787,863,430,917,546,402,2308,1237,2067,450,337,374,801,921,919,1697,392,945,727,397,404,733,1117,346,240
2040,401,1178,418,1249,732,884,1304,2815,947,2051,312,776,2492,618,788,884,707,1249,824,767,803,1158,0,641,764,977,736,0,2168,786,1,754,756,1109,1892,847,2009,0,910,1,2088,1157,1424,2293,1045,2454,0,983,2293,0,914,1109,398,1,911,2119,1280,803,789,836,2228,837,837,811,789,910,2092,133,837,1298,739,1257,1133,2180,406,789,912,133,910,884,1127,2014,1188,803,715,924,420,3,1,2598,849,1905,602,776,837,608,2423,982,923
1770,400,1116,417,1248,731,883,1303,2814,946,2050,311,775,2491,617,787,883,706,1248,823,766,802,1157,428,0,763,2969,735,0,2167,785,1,753,755,132,1891,846,2008,0,909,1,2087,1156,1348,2292,1044,2453,0,982,2292,0,913,132,397,1,910,2118,1279,802,788,835,2227,836,836,810,788,909,2091,428,836,1297,738,1256,1293,2179,405,788,911,428,909,883,1283,2013,912,802,714,923,419,2,1,2597,848,1904,601,775,836,607,2422,981,922
1648,594,2777,441,489,141,298,433,2009,184,1140,505,190,1717,448,564,298,483,489,238,174,217,398,622,623,0,2088,512,0,1302,562,624,530,532,623,977,111,1101,0,524,624,1172,397,2768,1542,431,1485,0,224,1620,0,528,623,484,624,188,1203,520,217,565,264,1419,251,251,197,565,524,1176,622,251,427,150,490,2355,1264,492,565,326,622,524,298,2343,1112,2106,217,23,162,506,626,624,2004,263,991,432,190,251,438,1163,348,170
1799,1557,1197,1404,1097,1134,1071,869,1412,1023,531,1468,1057,414,1411,1534,1071,1453,1340,1131,1150,1110,1006,1179,1586,999,0,1482,1254,545,1532,1114,1500,1502,1140,854,1067,765,1003,1474,1138,977,1039,1188,673,1162,613,1216,904,667,1025,1478,996,1447,1162,1039,1008,1128,1110,1535,1248,494,1073,1073,1181,1535,1474,981,917,1073,815,1061,1022,1082,1069,1455,1535,1099,1095,1474,1071,1070,657,34,1110,1027,1065,1469,1589,1126,1046,1061,616,1395,1057,1073,1401,508,1092,891
2109,488,3129,335,881,365,525,926,906,575,1598,399,417,2148,342,54,525,29,881,465,397,444,790,516,517,391,2480,0,0,1750,50,518,18,20,517,1438,469,1559,0,582,518,1633,789,3120,1917,706,1987,0,615,1861,0,586,517,378,518,568,1664,912,444,53,499,1852,478,478,472,53,582,1637,516,478,920,375,911,2708,1725,386,53,553,516,582,525,2696,1585,2498,444,342,552,400,520,518,2329,490,1452,326,417,478,332,1621,604,555
1678,0,1493,0,0,0,0,0,0,0,0,0,0,1118,0,0,0,0,0,0,0,0,0,0,0,0,1038,0,0,0,0,0,0,0,0,0,0,0,0,0,0,0,0,1238,0,0,0,0,0,0,0,0,0,0,0,0,0,0,0,0,0,0,0,0,0,0,0,0,0,0,0,0,0,1439,0,0,0,0,0,0,0,1433,0,1262,0,0,0,0,0,0,0,0,0,0,0,0,0,0,0,0
2020,1414,1754,1261,951,989,926,724,1200,878,451,1325,912,528,1268,1390,926,1309,1489,986,1005,965,860,1442,1443,854,888,1338,0,0,1388,1444,1356,1358,1443,352,921,260,0,1328,1444,503,893,1745,269,1016,537,0,759,185,0,1332,1443,1304,1444,894,534,982,965,1391,1102,171,928,928,1035,1391,1328,507,1442,928,670,916,876,1464,595,1312,1391,954,1442,1328,926,1447,155,906,965,882,919,1326,1446,1444,1873,916,470,1252,912,928,1258,428,936,745
1735,538,3232,385,930,417,577,976,1104,624,1702,449,469,2253,392,68,577,79,930,517,449,496,839,566,567,441,2587,50,0,1852,0,568,29,26,567,1542,519,1663,0,632,568,1737,838,3223,1977,756,2092,0,664,1961,0,636,567,428,568,619,1768,961,496,8,549,1912,530,530,522,8,632,1741,566,530,970,427,962,2789,1807,436,8,605,566,632,577,2777,1663,2580,496,392,602,450,570,568,2352,542,1534,376,469,530,382,1703,664,605
1776,399,1134,416,1248,731,883,1303,2813,946,2055,310,775,2499,616,786,883,705,1248,823,766,802,1157,427,428,763,922,734,0,2172,784,0,752,754,428,1884,846,2001,0,908,131,2093,1156,1370,2297,1043,2459,0,982,2297,0,912,428,396,131,910,2124,1279,802,787,834,2232,836,836,809,787,908,2097,427,836,1297,738,1256,1089,2185,404,787,911,427,908,883,1305,2006,1124,802,714,923,418,1,131,2599,848,1910,600,775,836,606,2427,982,922
2102,506,3182,353,899,385,545,944,1098,593,1654,417,437,2201,360,36,545,47,899,485,417,464,808,534,535,409,2533,18,0,1806,32,536,0,2,535,1494,487,1615,0,600,536,1689,807,3173,1943,724,2040,0,633,1910,0,604,535,396,536,588,1720,930,464,35,517,1878,498,498,490,35,600,1693,534,498,938,395,930,2772,1790,404,35,573,534,600,545,2760,1646,2563,464,360,570,418,538,536,2344,510,1517,344,437,498,350,1686,621,573
2100,508,3193,355,901,387,547,946,1100,595,1665,419,439,2213,362,38,547,49,901,487,419,466,810,536,537,411,2547,20,0,1817,28,538,5,0,537,1505,489,1626,0,602,538,1700,809,3184,1952,726,2052,0,635,1922,0,606,537,398,538,590,1731,932,466,31,519,1887,500,500,492,31,602,1704,536,500,940,397,932,2774,1792,406,31,575,536,602,547,2762,1648,2565,466,362,572,420,540,538,2346,512,1519,346,439,500,352,1688,623,575
1757,400,1393,417,1249,732,884,1304,2814,947,2056,311,776,2500,617,787,884,706,1249,824,767,803,1158,428,132,764,944,735,0,2173,785,1,753,755,0,1885,847,2002,0,909,1,2094,1157,1393,2298,1044,2460,0,983,2298,0,913,132,397,1,911,2125,1280,803,788,835,2233,837,837,810,788,909,2098,428,837,1298,739,1257,1338,2186,405,788,912,428,909,884,1100,2003,952,803,715,924,419,2,1,2600,849,1911,601,776,837,607,2428,983,923
1947,1268,2151,1115,805,853,778,574,1708,741,471,1179,764,887,1122,1244,778,1163,1038,838,857,817,714,1296,1297,717,1275,1192,0,444,1242,1298,1210,1212,1297,0,784,171,0,1192,1298,207,756,2142,616,879,925,0,611,569,0,1196,1297,1158,1298,746,238,836,817,1245,967,528,780,780,900,1245,1192,211,1296,780,520,768,739,1632,299,1166,1245,806,1296,1192,778,1615,236,1293,817,745,782,1180,1300,1298,1749,768,319,1106,764,780,1112,494,789,608
1960,761,2802,608,534,284,457,483,2071,229,1198,672,323,1771,615,725,457,644,534,397,317,376,443,789,790,143,2141,673,0,1358,723,791,691,693,790,1032,0,1156,0,495,791,1231,442,2793,1590,434,1539,0,269,1684,0,499,790,651,791,304,1262,565,376,726,267,1475,410,410,200,726,495,1235,789,410,477,330,535,2380,1323,659,726,485,789,495,457,2368,1167,2159,376,171,207,673,793,791,2064,422,1050,599,323,410,605,1221,486,215
1950,1357,2108,1204,894,933,869,669,1116,821,502,1268,855,837,1211,1333,869,1252,1127,929,948,908,803,1385,1386,797,1413,1281,0,398,1331,1387,1299,1301,1386,116,864,0,0,1272,1387,270,836,2099,570,959,882,0,702,523,0,1276,1386,1247,1387,837,301,925,908,1334,1047,482,871,871,980,1334,1272,274,1385,871,614,859,819,1588,362,1255,1334,897,1385,1272,869,1571,311,1431,908,825,862,1269,1389,1387,1836,859,413,1195,855,871,1201,724,882,688
2008,0,1200,0,0,0,0,0,0,0,0,0,0,0,0,0,0,0,0,0,0,0,0,0,0,0,1211,0,0,0,0,0,0,0,0,0,0,0,0,0,0,0,0,1451,0,0,0,0,0,0,0,0,0,0,0,0,0,0,0,0,0,0,0,0,0,0,0,0,0,0,0,0,0,1156,0,0,0,0,0,0,0,1151,0,1219,0,0,0,0,0,0,0,0,0,0,0,0,0,0,0,0
1590,644,994,491,724,554,714,944,1890,638,1649,555,606,2329,498,638,714,557,837,654,586,633,672,672,673,455,2583,586,0,2007,636,674,604,606,673,1489,498,1610,0,0,674,1684,848,996,2132,522,2035,0,674,1890,0,6,673,534,674,642,1715,755,633,639,330,2067,667,667,383,639,0,1688,672,667,938,564,668,1147,1776,542,639,742,672,0,714,946,1732,2598,633,406,616,556,676,674,1902,679,1503,482,606,667,488,2262,808,616
1766,399,1392,416,1249,731,883,1303,2812,945,2053,310,775,2499,616,786,883,705,1249,823,766,802,1158,427,428,763,943,734,0,2172,784,131,752,754,428,1881,846,1998,0,908,0,2091,1157,1393,2297,1044,2457,0,983,2297,0,912,428,396,131,910,2122,1280,802,787,834,2232,836,836,810,787,908,2095,427,836,1297,738,1256,1107,2183,404,787,911,427,908,883,1328,2003,1148,802,714,923,418,1,131,2600,848,1908,600,775,836,606,2427,982,923
1947,1557,2958,1404,1097,1132,1071,869,2006,1020,771,1468,1057,1206,1411,1534,1071,1453,1343,1131,1150,1110,1006,1585,1586,997,1643,1482,0,804,1532,1587,1500,1502,1586,485,1064,613,0,1471,1587,0,1039,2949,1008,1162,1336,0,904,921,0,1475,1586,1447,1587,1039,31,1128,1110,1535,1245,895,1073,1073,1178,1535,1471,1,1585,1073,815,1061,1022,2541,92,1455,1535,1099,1585,1471,1071,2529,656,1661,1110,1025,1062,1469,1589,1587,2001,1061,616,1395,1057,1073,1401,794,1098,891
1513,914,2692,761,140,481,361,346,1764,361,1053,825,356,1640,768,890,361,809,147,430,513,409,49,942,943,337,2009,838,0,1215,888,944,856,858,943,891,411,1014,0,824,944,1085,0,2683,1455,238,1408,0,186,1446,0,828,943,804,944,337,1116,171,409,891,599,1332,363,363,532,891,824,1089,942,363,106,363,231,2280,1177,812,891,389,942,824,361,2268,1289,2027,409,365,402,826,946,944,1799,351,904,752,356,363,758,1076,305,268
1779,1099,2,1173,1697,1736,1670,1466,1515,1625,1431,1285,1659,1322,954,2148,1670,2067,1950,1733,1755,1712,1606,1179,1116,1600,826,2096,1495,1429,2146,1134,2114,2116,1154,1431,1669,1547,1202,1203,1153,1574,1639,0,1601,1762,1298,1208,1502,1374,1226,961,1198,999,1172,1641,1605,1728,1712,2149,1850,1385,1672,1672,1783,2149,1223,1578,1126,1672,1412,1665,1622,888,1666,1217,2149,1698,1117,985,1670,876,1437,844,1712,1628,1666,1280,1347,1144,1152,1660,1211,936,1659,1672,936,1408,1691,1491
2075,1670,1804,1517,1206,1241,1180,978,1037,1129,216,1581,1166,306,1524,1647,1180,1566,1459,1240,1259,1219,1115,1698,1699,1106,877,1595,0,287,1645,1700,1613,1615,1699,593,1173,501,0,1575,1700,744,1148,1801,0,1271,441,0,1013,407,0,1579,1699,1560,1700,1148,775,1237,1219,1648,1354,236,1182,1182,1287,1648,1575,748,1698,1182,924,1170,1131,1572,836,1568,1648,1208,1698,1575,1180,1560,397,895,1219,1134,1171,1582,1702,1700,1094,1170,725,1508,1166,1182,1514,193,1208,1000
1867,786,2867,633,258,628,780,627,2077,435,1323,697,672,1874,640,780,780,699,318,720,663,699,206,814,815,574,2233,728,0,1480,778,816,746,748,815,1160,529,1284,0,376,816,1356,423,2858,1697,0,1661,0,403,1587,0,380,815,676,816,759,1387,289,699,781,273,1588,733,733,330,781,376,1360,814,733,517,635,202,2450,1448,684,781,808,814,376,780,2438,1300,2251,699,525,476,698,818,816,2070,745,1175,624,672,733,630,1346,591,343
1762,1820,1876,1667,1351,1387,1326,1123,1294,1275,479,1731,1314,405,1674,1797,1326,1716,1604,1388,1408,1367,1260,1848,1849,1252,861,1745,0,493,1795,1850,1763,1765,1849,800,1318,711,0,1718,1850,949,1293,1867,621,1416,0,0,1158,578,0,1722,1849,1710,1850,1296,980,1382,1367,1798,1499,442,1328,1328,1432,1798,1718,953,1848,1328,1069,1319,1276,1692,1041,1718,1798,1354,1848,1718,1326,1680,606,879,1367,1280,1316,1732,1852,1850,938,1316,870,1658,1314,1328,1664,456,1344,1145
1683,0,1458,0,0,0,0,0,0,0,0,0,0,0,0,0,0,0,0,0,0,0,0,0,0,0,1007,0,0,0,0,0,0,0,0,0,0,0,0,0,0,0,0,1459,0,0,0,0,0,0,0,0,0,0,0,0,0,0,0,0,0,0,0,0,0,0,0,0,0,0,0,0,0,1162,0,0,0,0,0,0,0,1397,0,1225,0,0,0,0,0,0,0,0,0,0,0,0,0,0,0,0
1546,719,2609,566,309,415,195,262,1834,282,970,630,190,1592,573,692,195,611,309,264,289,243,218,747,748,259,1928,640,0,1135,690,749,658,660,748,808,326,931,0,739,749,1002,217,2600,1375,422,1353,0,0,1430,0,743,748,609,749,171,1033,340,243,693,514,1252,197,197,447,693,739,1006,747,197,256,197,282,2197,1094,617,693,223,747,739,195,2185,946,1946,243,251,324,631,751,749,1849,185,821,557,190,197,563,993,133,149
1964,1366,2033,1213,904,942,878,676,1148,831,431,1277,864,755,1220,1342,878,1261,1137,938,957,917,813,1394,1395,807,1323,1290,0,321,1340,1396,1308,1310,1395,124,874,301,0,1282,1396,292,846,2024,493,969,806,0,711,0,0,1286,1395,1256,1396,846,323,935,917,1343,1056,405,880,880,989,1343,1282,296,1394,880,622,868,829,1512,384,1264,1343,906,1394,1282,878,1495,27,1341,917,835,872,1278,1398,1396,1831,868,420,1204,864,880,1210,646,889,698
1690,0,1479,0,0,0,0,0,0,0,0,0,0,913,0,0,0,0,0,0,0,0,0,0,0,0,1238,0,0,0,0,0,0,0,0,0,0,0,0,0,0,0,0,1481,0,0,0,0,0,0,0,0,0,0,0,0,0,0,0,0,0,0,0,0,0,0,0,0,0,0,0,0,0,1425,0,0,0,0,0,0,0,1175,0,1246,0,0,0,0,0,0,0,0,0,0,0,0,0,0,0,0
1635,648,959,495,728,579,739,949,1896,643,1654,559,631,2336,502,642,739,561,842,679,611,658,676,676,677,459,2587,590,0,2014,640,678,608,610,677,1494,502,1615,0,6,678,1689,853,1160,2139,526,2042,0,679,1897,0,0,677,538,678,646,1720,759,658,643,334,2074,692,692,387,643,6,1693,676,692,943,589,672,1104,1781,546,643,767,676,6,739,1098,1740,2605,658,410,620,560,680,678,1907,704,1508,486,631,692,492,2269,830,621
2038,400,1445,417,1248,731,883,1303,2813,945,2056,311,775,2505,617,787,883,706,1248,823,766,802,1157,428,132,763,1203,735,0,2175,785,1,753,755,132,1886,846,2003,0,909,1,2093,1156,1447,2300,1060,2459,0,982,2300,0,913,0,397,1,910,2124,1279,802,788,835,2235,836,836,814,788,909,2097,428,836,1297,738,1256,1152,2185,405,788,911,428,909,883,1385,2008,1003,802,714,923,419,2,1,2601,848,1910,601,775,836,607,2430,990,922
1717,241,1206,64,1007,499,659,1065,2425,707,1806,152,551,2255,372,542,659,461,1007,599,531,578,916,269,270,523,2704,490,0,1933,540,271,508,510,270,1664,601,1785,0,676,271,1841,915,1207,2058,803,2203,0,741,2058,0,680,270,0,271,696,1872,1038,578,543,592,1993,612,612,569,543,676,1845,269,612,1059,509,1044,1151,1933,4,543,687,269,676,659,946,1798,2722,578,474,684,34,273,271,2362,624,1660,356,551,612,362,1829,763,683
1764,399,1415,416,1247,730,882,1302,2812,944,2055,310,774,2504,616,786,882,705,1247,822,765,801,1156,427,428,762,962,734,0,2174,784,131,752,754,428,1885,845,2002,0,908,131,2092,1155,1415,2299,1059,2458,0,981,2299,0,912,428,396,0,909,2123,1278,801,787,834,2234,835,835,813,787,908,2096,427,835,1296,737,1255,1126,2184,404,787,910,427,908,882,1118,2007,970,801,713,922,418,1,131,2600,847,1909,600,774,835,606,2429,989,921
1987,559,2756,406,541,243,153,474,2061,236,1119,470,19,1693,413,529,153,448,541,93,118,72,450,587,588,129,2069,477,0,1280,527,589,495,497,588,954,163,1078,0,601,589,1151,449,2747,1520,514,1461,0,276,1387,0,605,588,449,589,0,1182,572,72,530,347,1397,106,106,280,530,601,1155,587,106,470,26,525,2337,1243,457,530,181,587,601,153,2325,1089,2087,72,80,214,471,591,589,2057,118,970,397,19,106,403,1142,172,222
1925,1435,2839,1282,973,1011,947,745,1877,900,640,1346,933,1061,1289,1411,947,1330,1200,1007,1026,986,882,1463,1464,876,1498,1359,0,662,1409,1465,1377,1379,1464,373,944,501,0,1351,1465,609,915,2830,851,1038,1217,0,780,779,0,1355,1464,1325,1465,915,0,1004,986,1412,1125,753,949,949,1058,1412,1351,613,1463,949,691,937,898,2422,90,1333,1412,975,1463,1351,947,2410,547,1516,986,904,941,1347,1467,1465,1889,937,489,1273,933,949,1279,663,955,767
1474,1013,2798,860,20,590,547,539,1792,470,1247,924,624,1825,867,989,547,908,250,698,622,677,138,1041,1042,446,2160,937,0,1407,987,1043,955,957,1042,1084,520,1208,0,646,1043,1280,191,2789,1629,288,1593,0,366,1541,0,650,1042,903,1043,606,1311,0,677,990,541,1520,549,549,642,990,646,1284,1041,549,375,628,263,2380,1372,911,990,575,1041,646,547,2368,1386,2178,677,474,511,925,1045,1043,1814,537,1099,851,624,549,857,1270,503,378
1677,660,2789,507,639,350,112,565,2142,327,1216,571,85,1792,514,633,112,552,639,52,224,0,548,688,689,235,2130,581,0,1377,631,690,599,601,689,1053,253,1177,0,705,690,1249,547,2780,1603,604,1560,0,373,1484,0,709,689,550,690,249,1280,670,0,634,437,1494,65,65,370,634,705,1253,688,65,559,132,609,2369,1341,558,634,140,688,705,112,2357,1188,2146,0,186,304,572,692,690,2168,77,1068,498,85,65,504,1239,262,313
1766,541,3212,388,930,420,580,979,937,628,1681,452,472,2261,395,71,580,82,930,520,452,499,839,569,570,444,2593,53,0,1838,3,571,34,32,570,1554,522,1675,0,635,571,1741,838,3230,1963,763,2100,0,664,1963,0,639,570,431,571,619,1772,961,499,0,552,1898,533,533,529,1,635,1745,569,533,985,430,977,2818,1833,439,1,608,569,635,580,2806,1688,2611,499,395,605,453,573,571,2349,545,1560,379,472,533,385,1729,696,606
1600,549,2964,396,473,371,531,699,1900,435,1416,460,423,1951,403,543,531,462,741,471,403,450,421,577,578,313,2324,491,0,1568,541,579,509,511,578,1256,272,1377,0,226,579,1449,649,2955,1781,271,1751,0,475,1952,0,230,578,439,579,512,1480,504,450,544,0,1672,484,484,74,544,226,1453,577,484,693,381,417,2547,1541,447,544,559,577,226,531,2535,1404,2342,450,264,412,461,581,579,1911,496,1268,387,423,484,393,1439,623,415
2053,1455,1798,1302,993,1030,967,765,1022,919,340,1366,953,421,1309,1431,967,1350,1220,1027,1046,1006,902,1483,1484,895,1002,1379,0,81,1429,1485,1397,1399,1484,384,963,292,0,1370,1485,535,935,1789,158,1058,556,0,800,206,0,1374,1484,1345,1485,935,566,1024,1006,1432,1144,0,969,969,1077,1432,1370,539,1483,969,711,957,918,1485,627,1353,1432,995,1483,1370,967,1468,187,1020,1006,923,961,1367,1487,1485,1906,957,509,1293,953,969,1299,317,975,787
2021,647,2804,494,626,337,47,552,2130,314,1203,558,72,1779,501,620,47,539,626,13,211,44,535,675,676,222,2148,568,0,1364,618,677,586,588,676,1040,240,1164,0,694,677,1236,534,2795,1596,591,1547,0,360,1471,0,698,676,537,677,236,1267,657,44,621,424,1481,0,0,357,621,694,1240,675,0,546,119,596,2387,1328,545,621,75,675,694,47,2375,1175,2166,44,173,291,559,679,677,2152,12,1055,485,72,0,491,1226,249,300
1699,647,2804,494,626,337,47,552,1095,314,1203,558,72,1779,501,620,47,539,626,13,211,44,535,675,676,222,2148,568,0,1364,618,677,586,588,676,1040,240,1164,0,694,677,1236,534,2795,1590,591,1547,0,360,1471,0,698,676,537,677,236,1267,657,44,621,424,1481,0,0,357,621,694,1240,675,0,546,119,596,2387,1328,545,621,75,675,694,47,2375,1175,2166,44,173,291,559,679,677,2152,12,1055,485,72,0,491,1226,249,300
1950,595,2875,442,436,295,455,635,1976,365,1331,506,347,1874,449,589,455,508,677,395,327,374,384,623,624,239,2238,537,0,1488,587,625,555,557,624,1168,198,1293,0,293,625,1364,585,2866,1701,234,1668,0,411,1594,0,297,624,485,625,439,1395,467,374,590,67,1592,408,408,0,590,293,1368,623,408,629,305,380,2458,1456,493,590,483,623,293,455,2446,1308,2256,374,190,342,507,627,625,1972,420,1183,433,347,408,439,1354,534,351
1761,541,3260,388,931,421,581,992,943,629,1728,452,473,2285,395,71,581,82,931,521,453,500,840,569,570,445,2618,53,0,1867,3,571,34,32,570,1586,523,1707,0,636,571,1763,839,3251,1992,763,2124,0,665,1992,0,640,570,431,571,620,1794,962,500,1,552,1927,534,534,529,0,636,1767,569,534,986,431,978,2836,1855,439,1,609,569,636,581,2824,1720,2636,500,396,606,453,573,571,2343,546,1582,379,473,534,385,1751,697,607
1604,644,1011,491,724,575,735,945,1892,639,1650,555,627,2332,498,638,735,557,838,675,607,654,672,672,673,455,2582,586,0,2010,636,674,604,606,673,1490,498,1611,0,0,674,1685,849,1012,2135,522,2041,0,675,1893,0,6,673,534,674,642,1716,755,654,639,330,2070,688,688,383,639,0,1689,672,688,939,585,668,1167,1777,542,639,763,672,0,735,1162,1736,2600,654,406,616,556,676,674,1903,700,1504,482,627,688,488,2265,826,617
1947,1553,2953,1400,1093,1128,1067,865,2002,1016,772,1464,1053,1207,1407,1530,1067,1449,1344,1127,1146,1106,1002,1581,1582,993,1638,1478,0,803,1528,1583,1496,1498,1582,481,1060,609,0,1467,1583,737,1035,2944,1017,1158,1330,0,900,920,0,1471,1582,1443,1583,1035,27,1124,1106,1531,1241,894,1069,1069,1174,1531,1467,0,1581,1069,811,1057,1018,2536,88,1451,1531,1095,1581,1467,1067,2524,654,1656,1106,1021,1058,1465,1585,1583,1997,1057,612,1391,1053,1069,1397,795,1096,887
1748,401,1126,418,1249,732,884,1304,2812,946,2061,312,776,2510,618,788,884,707,1249,824,767,803,1158,133,1109,764,1107,736,0,2180,786,1,754,756,1109,1890,847,2007,0,910,1,2097,1157,1360,2305,1061,2457,0,983,2305,0,914,641,398,1,911,2128,1280,803,789,836,2240,837,837,817,789,910,2004,0,837,1283,739,1253,1081,2189,406,789,912,133,910,876,1296,2012,925,795,715,924,420,3,1,2511,841,1856,602,768,829,608,2293,986,929
1681,656,2776,501,626,337,47,542,2100,314,1144,567,72,1801,509,620,47,542,626,13,211,44,533,684,685,222,1957,571,0,1293,621,686,589,591,685,993,240,1116,0,743,686,1163,532,2806,1533,560,1598,0,369,1405,0,747,685,545,686,236,1194,655,44,624,393,1410,0,0,326,624,743,1167,684,0,536,119,582,2375,1255,553,624,75,684,743,47,2357,1128,1975,44,173,302,567,688,686,2087,12,1017,493,72,0,499,1167,249,309
1821,814,2646,659,311,495,275,192,1753,253,867,725,270,1562,667,781,275,700,103,344,369,323,220,842,843,245,1755,729,0,1033,779,844,747,749,843,723,299,845,0,710,844,919,143,2637,1273,398,1284,0,102,1362,0,714,843,703,844,251,950,342,323,782,483,1150,277,277,416,782,710,923,842,277,0,277,258,2202,1011,711,782,303,842,710,275,2184,861,1773,323,273,286,725,846,844,1765,265,740,651,270,277,657,890,169,125
1657,559,2839,404,616,237,190,533,2092,320,1135,470,82,1792,412,523,190,442,616,130,112,109,525,587,588,123,1977,471,0,1285,521,589,489,491,588,984,205,1107,0,646,589,1154,524,2830,1525,461,1589,0,361,1397,0,650,588,448,589,228,1185,647,109,524,294,1402,143,143,227,524,646,1158,587,143,527,0,573,2371,1246,456,524,218,587,646,190,2353,1119,1968,109,74,294,470,591,589,2084,155,1008,396,82,143,402,1158,240,301
1879,824,2807,669,227,382,439,427,1985,246,1070,735,434,1727,677,791,439,710,256,508,414,487,165,852,853,238,1917,739,0,1228,789,854,757,759,853,922,290,1045,0,702,854,1122,164,2798,1468,187,1524,0,212,1629,0,706,853,713,854,415,1153,258,487,792,474,1345,441,441,407,792,702,1126,852,441,258,441,0,2367,1214,721,792,467,852,702,439,2349,1057,1935,487,266,279,735,856,854,1965,429,943,661,434,441,667,1093,399,158
1758,1272,1171,926,1184,1246,1162,965,1468,1118,1046,1229,1148,939,1097,1634,1162,1553,1431,1222,1240,1201,1093,1368,1071,1110,614,1582,1191,1039,1632,1315,1600,1602,1108,860,1160,982,1396,950,1337,1075,1092,1162,1222,1271,746,1403,998,963,1180,914,1391,953,1360,1130,1106,1215,1201,1635,1333,997,1164,1164,1266,1635,966,1079,1305,1164,915,1151,1131,0,1167,1162,1635,1190,1071,939,1162,39,1051,632,1201,1138,1153,1013,1293,1326,1342,1152,709,1500,1148,1164,1506,1023,1172,998
1892,1452,2411,1297,975,1154,953,762,1843,918,633,1363,939,1359,1305,1422,953,1341,1204,1013,1031,992,884,1480,1481,910,1504,1370,0,802,1420,1482,1388,1390,1481,498,960,625,0,1359,1482,681,883,2402,1022,1062,1061,0,789,924,0,1363,1481,1341,1482,921,712,1006,992,1423,1133,899,955,955,1066,1423,1359,685,1480,955,709,942,922,1931,0,1349,1423,981,1480,1359,953,1913,671,1522,992,938,953,1363,1484,1482,1854,943,504,1289,939,955,1295,656,951,789
1728,250,1007,72,1000,487,647,1055,2374,708,1735,161,539,2153,380,550,647,469,1000,587,519,566,909,278,279,511,2682,498,0,1828,548,280,516,518,279,1605,588,1725,0,658,280,1753,908,1008,1954,799,2191,0,745,1955,0,662,279,7,280,684,1784,1031,566,551,570,1888,600,600,565,551,658,1757,278,600,1049,497,1038,962,1845,0,551,675,278,658,647,1153,1739,2700,566,462,682,42,282,280,2315,612,1609,364,539,600,370,1758,753,687
1755,562,3287,407,923,411,571,976,930,631,1654,473,463,2282,415,71,571,82,923,511,443,490,832,590,591,435,2590,53,0,1797,3,592,34,32,591,1511,511,1631,0,624,592,1673,831,3278,1929,765,2106,0,668,1915,0,628,591,451,592,610,1704,954,490,1,536,1863,524,524,531,1,624,1677,590,524,970,421,971,2838,1765,459,0,599,590,624,571,2820,1645,2608,490,386,605,473,594,592,2303,536,1527,399,463,524,405,1677,686,610
1935,720,2813,565,577,412,27,484,2044,400,1076,631,147,1733,573,687,27,606,577,88,286,119,486,748,749,297,1923,635,0,1232,685,750,653,655,749,926,321,1049,0,731,750,1128,485,2804,1472,635,1530,0,439,1344,0,735,749,609,750,131,1159,608,119,688,468,1349,75,75,401,688,731,1132,748,75,478,194,524,2373,1220,617,688,0,748,731,27,2355,1061,1941,119,248,374,631,752,750,2031,63,949,557,147,75,563,1099,187,379
2117,401,1348,418,1240,719,872,1285,2788,945,1978,312,764,2357,618,788,872,707,1240,812,754,791,1149,133,1109,750,907,736,0,2032,786,1,754,756,1109,1825,823,1941,0,892,1,1996,1148,1349,2158,1054,2436,0,985,2165,0,896,641,398,1,899,2027,1271,791,789,810,2092,825,825,818,789,892,2000,133,825,1279,727,1249,1294,2088,406,789,900,0,892,872,1285,2080,914,791,701,921,420,3,1,2513,837,1852,602,764,825,608,2289,982,925
1596,660,1188,505,724,555,715,957,1838,650,1604,571,607,2314,513,660,715,579,851,655,587,634,672,688,689,454,2685,608,0,1991,658,690,626,628,689,1458,475,1578,0,0,690,1623,850,1190,2117,522,2051,0,687,1890,0,6,689,549,690,641,1654,755,634,661,328,2051,668,668,380,661,0,1627,688,668,951,565,668,1134,1715,557,661,743,688,0,715,935,1720,2703,634,405,624,571,692,690,1850,680,1477,497,607,668,503,2248,809,629
1998,691,2784,536,551,384,0,457,2017,375,1045,602,119,1702,544,658,0,577,551,60,258,91,460,719,720,269,1889,606,0,1203,656,721,624,626,720,898,290,1020,0,789,721,1097,459,2775,1443,607,1499,0,414,1315,0,793,720,580,721,103,1128,582,91,659,440,1320,47,47,373,659,789,1101,719,47,452,166,498,2342,1189,588,659,28,719,789,0,2324,1032,1908,91,220,348,602,723,721,1997,35,918,528,119,47,534,1068,159,353
1781,1263,1141,918,1144,1206,1121,925,1229,1078,1008,1011,1107,901,1475,1593,1121,1512,1393,1181,1199,1160,1053,1361,1062,1070,575,1541,1187,1001,1591,1081,1559,1561,1329,820,1120,942,1390,1143,1100,1035,1052,1132,1184,1231,706,1157,957,926,1419,909,1147,1142,1351,1089,1066,1175,1160,1594,1293,959,1123,1123,1226,1594,962,1039,1073,1123,874,1110,1091,17,1127,954,1594,1149,1064,1130,1121,0,1014,593,1160,1098,1113,1217,1061,1317,1355,1111,670,1459,1107,1123,1465,985,1133,958
1636,1392,2073,1237,915,1094,893,702,1157,860,667,1303,879,758,1245,1362,893,1281,1146,953,971,932,824,1420,1421,852,1230,1310,0,319,1360,1422,1328,1330,1421,109,902,300,0,1301,1422,286,823,2064,491,1002,801,0,729,446,0,1305,1421,1281,1422,861,317,946,932,1363,1075,403,895,895,1008,1363,1301,290,1420,895,649,882,862,1747,378,1289,1363,921,1420,1301,893,1730,0,1248,932,880,893,1303,1424,1422,1795,883,443,1229,879,895,1235,644,893,729
1792,1611,1237,1456,1132,1194,1110,915,1409,1066,530,1522,1096,419,1464,1582,1110,1501,1383,1170,1188,1149,1041,983,1102,1058,34,1530,1045,533,1580,930,1548,1550,1149,830,1108,763,1009,1506,950,1025,1040,1228,679,1219,621,1014,946,677,1032,1510,1212,1500,1171,1078,1056,1163,1149,1583,1281,486,1112,1112,1214,1583,1506,1029,1117,1112,863,1099,1079,1144,1117,1508,1583,1138,1104,1506,1110,1126,654,0,1149,1086,1101,1522,909,940,1045,1100,660,1448,1096,1112,1454,507,1123,946
1661,657,2844,502,637,350,112,553,2110,341,1174,568,85,1819,510,624,112,543,637,52,224,0,546,685,686,235,1980,572,0,1318,622,687,590,592,686,1023,253,1146,0,756,687,1193,545,2835,1550,573,1616,0,382,1430,0,760,686,546,687,249,1224,668,0,625,406,1435,65,65,339,625,756,1197,685,65,547,132,593,2404,1285,554,625,140,685,756,112,2386,1158,1998,0,186,315,568,689,687,2092,77,1047,494,85,65,500,1197,265,322
1643,568,2824,413,543,113,270,512,2075,248,1153,479,162,1804,421,535,270,454,543,210,146,189,452,596,597,41,1963,483,0,1302,533,598,501,503,597,1002,145,1125,0,499,598,1172,451,2815,1534,401,1601,0,288,1414,0,503,597,457,598,237,1203,574,189,536,234,1419,223,223,167,536,499,1176,596,223,506,122,548,2384,1264,465,536,298,596,499,270,2366,1137,1981,189,0,222,479,600,598,2066,235,1026,405,162,223,411,1176,335,231
1924,669,2806,514,487,226,399,455,2015,68,1099,580,265,1755,522,636,399,555,487,339,259,318,396,697,698,85,1943,584,0,1253,634,699,602,604,698,948,112,1071,0,521,699,1118,395,2797,1493,460,1552,0,233,1365,0,525,698,558,699,246,1149,518,318,637,293,1370,352,352,226,637,521,1122,697,352,449,272,492,2366,1210,566,637,427,697,521,399,2348,1083,1961,318,113,0,580,701,699,1995,364,973,506,265,352,512,1123,422,179
1664,262,1278,60,1010,499,659,1071,2388,720,1750,173,551,2164,392,562,659,481,1010,599,531,578,919,290,291,523,2706,510,0,1839,560,292,528,530,291,1618,604,1738,0,670,292,1768,918,1060,1965,811,2213,0,755,1966,0,674,291,34,292,696,1799,1041,578,563,582,1899,612,612,577,563,670,1772,290,612,1065,509,1048,1224,1860,42,563,687,290,670,659,1008,1752,2724,578,474,694,0,294,292,2332,624,1624,376,551,612,382,1773,763,697
2179,397,1116,414,1235,714,867,1283,913,940,1976,308,759,2355,614,784,867,703,1235,807,749,786,1144,425,426,745,2823,732,0,2030,782,427,750,752,426,1819,818,1935,0,888,427,1994,1143,1116,2156,1050,2432,0,980,2163,0,892,426,394,427,894,2025,1266,786,785,806,2090,820,820,814,785,888,1998,425,820,1277,722,1247,1070,2086,402,785,895,425,888,867,1282,2078,1098,786,696,916,416,0,427,2507,832,1850,598,759,820,604,2287,980,920
2139,399,1381,416,1237,716,869,1285,2784,942,1978,310,761,2357,616,786,869,705,1237,809,751,788,1146,427,428,747,932,734,0,2032,784,131,752,754,428,1821,820,1937,0,890,131,1996,1145,1381,2158,1052,2434,0,982,2165,0,894,428,396,131,896,2027,1268,788,787,808,2092,822,822,816,787,890,1999,427,821,1278,723,1248,1098,2087,404,787,896,427,890,868,1090,2079,1136,787,697,917,418,1,0,2508,833,1851,600,760,821,606,2288,981,921
1051,2334,1385,2179,1696,2023,1816,1637,859,1782,920,2245,1805,1155,2187,2303,1816,2222,1499,1879,1900,1858,1605,2362,2363,1775,1263,2251,0,1801,2301,2364,2269,2271,2363,1570,1824,1690,0,1817,2364,1719,1628,1392,906,2014,1133,0,1672,2499,0,1821,2363,2223,2364,1787,1750,1727,1858,2304,1882,1867,1818,1818,1932,2304,1817,1723,2362,1818,1587,1810,1781,1111,1811,2231,2304,1844,2362,1817,1816,1122,1704,1262,1858,1803,1815,2245,2366,2364,0,1806,1574,2171,1805,1818,2177,1099,1662,1650
1639,656,2801,501,564,349,35,471,2033,340,1064,567,84,1720,509,623,35,542,564,25,223,56,473,684,685,234,1910,571,0,1220,621,686,589,591,685,914,252,1037,0,755,686,1116,472,2792,1460,572,1517,0,381,1332,0,759,685,545,686,119,1147,595,56,624,405,1337,5,5,338,624,755,1120,684,5,465,131,511,2361,1208,553,624,63,684,755,35,2343,1049,1928,56,185,314,567,688,686,2023,0,937,493,84,5,499,1087,175,321
1621,999,2813,844,479,552,472,258,1541,417,1076,910,467,1732,852,969,472,888,714,541,566,520,388,1027,1028,408,2207,917,0,1231,967,1029,935,937,1028,926,467,1049,0,876,1029,1095,387,2804,1470,566,1529,0,293,1354,0,880,1028,888,1029,448,1126,510,520,970,651,1347,474,474,584,970,876,1099,1027,474,208,474,426,2373,1187,896,970,500,1027,876,472,2355,1180,2225,520,436,450,910,1031,1029,1383,462,0,836,467,474,842,1099,455,293
2053,332,935,177,859,347,507,904,2243,569,1552,243,399,2180,28,420,507,339,859,447,379,426,768,360,361,371,2485,368,0,1698,418,362,386,388,361,1406,447,1527,0,535,362,1571,767,1130,1868,666,2004,0,604,1816,0,539,361,221,362,550,1602,890,426,421,448,1793,460,460,432,421,535,1575,360,460,898,357,898,2729,1663,229,421,535,360,535,507,2711,1550,2503,426,322,541,243,364,362,2228,472,1425,0,399,460,18,1575,598,546
2052,616,2809,461,584,297,140,502,2065,288,1106,527,1,1762,469,583,140,502,584,80,171,59,493,644,645,182,1916,531,0,1257,581,646,549,551,645,955,200,1078,0,705,646,1125,492,2800,1497,520,1559,0,329,1369,0,709,645,505,646,196,1156,615,59,584,353,1374,93,93,286,584,705,1129,644,93,496,79,542,2369,1217,513,584,168,644,705,140,2351,1090,1934,59,133,262,527,648,646,2049,105,979,453,0,93,459,1129,209,269
2031,644,2832,489,624,337,47,540,2097,328,1161,555,72,1806,497,611,47,530,624,13,211,44,533,672,673,222,1969,559,0,1306,609,674,577,579,673,1010,240,1133,0,743,674,1180,532,2823,1538,560,1603,0,369,1418,0,747,673,533,674,236,1211,655,44,612,393,1423,0,0,326,612,743,1184,672,0,534,119,580,2392,1272,541,612,75,672,743,47,2374,1145,1987,44,173,302,555,676,674,2079,12,1034,481,72,0,487,1184,252,309
2042,338,936,183,866,354,514,911,2247,576,1558,249,406,2186,5,426,514,345,866,454,386,433,775,366,367,378,2491,374,0,1704,424,368,392,394,367,1412,454,1533,0,541,368,1577,774,1131,1870,673,2010,0,611,1822,0,545,367,227,368,555,1608,897,433,427,454,1795,467,467,439,427,541,1581,366,467,905,364,905,2736,1669,235,427,542,366,541,514,2718,1556,2509,433,329,548,249,370,368,2235,479,1431,18,406,467,0,1581,617,553
2095,1734,1833,1579,1254,1319,1230,1033,1261,1190,23,1645,1216,292,1587,1705,1230,1624,1431,1290,1310,1269,1163,1762,1763,1183,768,1653,0,240,1703,1764,1671,1673,1763,528,1231,461,0,1623,1764,698,1162,1824,374,1341,427,0,1066,373,0,1627,1763,1623,1764,1198,729,1285,1269,1706,1404,193,1232,1232,1337,1706,1623,702,1762,1232,983,1221,1201,1593,790,1631,1706,1258,1762,1623,1230,1575,354,786,1269,1211,1223,1645,1766,1764,910,1220,776,1571,1216,1232,1577,0,1239,1068
1878,699,2624,544,394,381,161,300,1869,347,896,610,156,1567,552,666,161,585,394,230,255,209,303,727,728,266,1733,614,0,1055,664,729,632,634,728,751,262,873,0,675,729,948,302,2615,1295,481,1302,0,386,1167,0,679,728,588,729,137,979,425,209,667,446,1172,163,163,379,667,675,952,727,163,294,163,341,2180,1040,596,667,189,727,675,161,2162,887,1751,209,217,321,610,731,729,1867,151,769,536,156,163,542,919,0,208
1882,707,2642,552,242,265,276,266,1806,129,910,618,271,1579,560,674,276,593,242,345,297,324,151,735,736,121,1748,622,0,1065,672,737,640,642,736,762,173,884,0,583,737,962,150,2633,1305,273,1315,0,54,1450,0,587,736,596,737,252,993,273,324,675,354,1182,278,278,287,675,583,966,735,278,260,278,133,2198,1054,604,675,304,735,583,276,2180,898,1766,324,149,162,618,739,737,1817,266,783,544,271,278,550,933,224,0
