0,1101,1081,438,1223,1309,1751,1569,1058,1154,1769,1444,1309,491,1709,1444,1676,1304,1284,1103,1489,346,1641,1490,733,477,1415,1681,1440,682,1045,1428,941,1668,255,1854,1555,1325,1250,1659,629,1148,1290,1403,823,497,757,1499,445,1715,1095,1137,1585,675,668,1428,1693,1411,1736,1693,1273,1929,1018,1157,1680,1144,1402,1480,1315,1254,1853,1424,1786,1243,956
803,0,551,1208,430,1326,806,1009,598,1167,746,1468,214,1263,865,1468,1671,288,1301,1286,1378,1120,1428,480,1482,1250,328,1676,1464,1335,1056,245,515,1663,699,1023,554,229,1261,640,956,443,1307,1427,266,1270,476,856,1217,696,1278,90,588,1002,1452,370,1028,1435,973,1688,672,1513,1293,56,1675,1075,1413,775,414,524,1243,912,765,74,1163
1261,817,0,1650,937,1558,1313,833,651,1231,1512,1494,728,1704,644,1494,1911,1051,1533,1011,1105,1561,1219,1243,1913,1691,874,1916,1490,1802,1120,741,712,1903,1151,786,1056,847,1224,1399,1222,180,1539,1453,1101,1711,933,681,1658,1455,1003,694,1352,1401,1893,859,1268,1461,1213,1952,618,1531,1714,866,1915,1145,1471,410,610,1151,688,356,1530,780,1580
528,1282,1204,0,918,1306,1931,1628,1171,1500,1445,1448,992,519,1849,1448,1650,1474,1281,1244,1631,383,1681,1468,762,493,1028,1655,1444,378,1086,1098,1059,1642,682,1922,1037,1018,1291,1318,721,1265,1287,1407,917,523,868,1573,405,1374,1236,1318,1008,767,351,1051,1769,1415,1871,1667,1352,2035,1083,1052,1654,1287,1589,1611,1464,942,1967,1557,1463,1051,952
987,270,649,1376,0,1571,519,1110,827,1515,703,1713,98,1265,953,1713,1907,489,1546,1307,1399,1287,1491,726,1648,1239,268,1912,1709,1291,1400,249,744,1899,880,1111,122,169,1505,579,912,541,1552,1672,508,1269,684,954,1284,635,1299,407,437,958,1407,293,1027,1680,972,1924,562,1524,1477,319,1911,1447,1755,1066,376,342,1342,1005,721,179,1347
1199,1652,1136,1442,1829,0,2397,796,1218,330,2116,298,1591,1330,1780,298,557,1646,71,485,797,1194,843,1846,1554,1304,1698,562,294,1381,599,1739,1112,549,1064,1875,1912,1607,450,2003,1334,1194,33,257,1597,1334,1100,972,1214,2059,513,1563,1964,1512,1335,1711,1974,265,2076,574,1399,2221,1005,1739,561,836,479,1545,1578,1894,1150,1491,2137,1757,874
1096,665,1039,1485,450,1781,0,1504,1014,1889,760,1923,528,955,777,1923,2125,898,1756,1687,1781,819,1831,783,1184,929,424,2130,1919,666,1767,495,929,2117,1023,945,565,554,1875,636,971,916,1762,1882,701,959,885,1344,839,692,1679,776,534,1017,783,415,1084,1890,1029,2142,943,1458,1720,714,2129,1538,2133,1010,753,468,1736,1023,780,564,1586
1037,1424,802,1426,1472,681,1899,0,939,420,1942,686,1257,1481,1446,686,1084,1480,656,211,305,1337,355,1672,1698,1468,1364,1089,682,1586,312,1377,670,1076,930,1534,1746,1273,420,1833,1142,863,662,645,1529,1488,908,605,1435,1889,203,1225,1788,1327,1661,1377,1824,653,1784,1101,1012,2222,1491,1511,1088,344,656,1213,1244,1718,783,1159,1961,1415,1361
1235,791,140,1624,911,1303,1287,598,0,991,1484,1255,702,1678,796,1255,1607,1025,1278,776,870,1535,984,1217,1887,1665,901,1601,1251,1774,884,779,611,1657,1125,874,1030,718,989,1373,1196,156,1284,1214,1075,1685,907,438,1632,1429,768,668,1326,1379,1859,886,1322,1222,1267,1595,488,1697,1452,840,1602,909,1215,562,734,1125,816,508,1502,754,1322
1367,1696,1016,1613,1703,526,2163,671,1215,0,2232,531,1473,1421,1660,531,756,1761,501,377,675,1367,614,1961,1727,1395,1580,665,527,1567,495,1612,987,748,1230,1771,2033,1489,346,2119,1496,1076,507,490,1811,1425,1262,847,1389,2175,405,1445,2079,1674,1518,1593,2018,498,1982,659,1293,2407,1155,1783,666,714,333,1427,1460,2009,1025,1373,2254,1696,1024
464,881,867,869,1358,1421,1788,1395,835,1261,0,1563,1149,924,1511,1563,1766,1070,1396,1512,1606,781,1656,1262,1146,911,1256,1768,1556,739,1147,1168,754,1755,377,1510,1342,1165,1352,1423,328,892,1399,1519,523,931,712,1234,908,1479,1504,917,1371,374,852,1341,1821,1527,1781,1780,941,2019,1177,658,1767,1215,1506,1278,1138,1307,1626,1224,137,1005,1046
1084,1541,1052,1328,1738,175,2200,708,1109,262,2285,0,1508,1136,1695,0,483,1814,150,412,710,1240,775,2013,1600,1109,1615,488,4,1760,530,1653,1024,475,942,1795,2085,1524,381,2171,1214,1111,156,65,1483,1139,980,884,1154,2227,440,1480,2131,1395,1711,1628,1870,33,1972,500,1288,2116,867,1627,487,749,417,1462,1495,2061,1062,1408,2308,1645,740
916,216,571,1305,128,1486,675,1029,748,1431,555,1628,0,1360,880,1628,1825,433,1461,1225,1317,1216,1413,496,1576,1347,190,1830,1624,1140,1317,155,689,1817,809,1038,200,77,1422,745,767,463,1467,1587,455,1367,610,876,1314,801,1217,329,603,813,1259,207,1001,1595,946,1842,484,1283,1406,265,1829,1366,1681,795,282,513,1263,930,576,102,1276
293,1254,1218,242,1059,1289,2046,1607,1184,1483,1958,1431,1428,0,1863,1431,1633,1491,1264,1316,1621,95,1671,1690,459,22,1535,1638,1427,526,1065,1503,1030,1625,495,1865,1764,1444,1270,1851,840,1278,1270,1390,1196,42,927,1586,94,1907,1290,1307,1806,886,490,1548,1555,1398,1657,1650,1365,1811,771,1341,1637,1339,1572,1626,1486,1083,1980,1572,1978,1359,643
1834,1165,546,2184,1308,2000,1879,1324,1118,1737,2075,1993,1099,2095,0,1993,2372,1617,1975,1502,1596,2107,1700,1809,2452,2069,912,2413,1989,2308,1614,876,1160,2364,1696,416,1427,1021,1722,1965,1785,666,1981,1952,1666,2099,1494,1163,2114,2021,1494,1245,1927,1961,2266,903,1079,1960,1024,2407,1089,470,2372,1214,2376,1635,1947,374,1092,1529,953,320,2096,1128,2181
1084,1540,1052,1327,1738,175,2200,708,1108,262,2284,0,1508,1135,1695,0,498,1814,150,412,710,1240,786,2013,1600,1109,1615,503,4,1760,530,1653,1024,490,942,1795,2085,1524,381,2171,1214,1111,156,65,1483,1139,980,884,1154,2227,440,1480,2131,1395,1711,1628,1870,33,1972,515,1288,2116,867,1627,502,749,425,1462,1495,2061,1062,1408,2308,1645,740
2128,2641,1867,2341,2572,1298,3341,1688,2202,1328,3184,1303,2284,2180,2217,1303,0,2717,1273,1332,1261,2108,1229,2910,2453,2154,2395,2,1299,2340,1299,2279,1963,6,1593,2415,2960,2300,1370,3066,1910,1926,1279,1262,2753,2184,2053,1777,2132,3122,1324,2271,3028,1954,2298,2408,2825,1270,2927,17,2259,2945,957,2722,2,1361,553,2291,2269,2958,1878,2237,3213,2332,1039
755,304,583,1450,686,1342,1062,1105,548,1115,1221,1484,474,1258,1116,1484,1686,0,1317,1236,1328,1363,1378,951,1724,1232,584,1691,1480,1729,1004,529,465,1678,651,1275,805,489,1210,1111,703,652,1323,1443,216,1262,426,949,1277,1167,1228,353,1059,879,1685,597,1223,1451,1168,1703,622,1755,1071,391,1690,1024,1362,995,687,901,1337,941,1242,409,940
1182,1632,1108,1425,1801,71,2373,768,1194,305,2091,273,1563,1233,1750,273,532,1622,0,457,769,1191,818,1822,1551,1207,1670,537,269,1378,573,1711,1084,524,1037,1851,1888,1579,424,1978,1310,1166,52,232,1575,1237,1076,944,1211,2034,485,1535,1940,1488,1332,1683,1952,240,2054,549,1375,2199,980,1719,536,808,454,1518,1550,1870,1122,1464,2112,1737,849
1405,1441,749,1790,1413,808,1840,366,956,700,1957,813,1204,1846,1393,813,916,1497,783,0,79,1703,129,1689,2052,1833,1311,921,809,1961,439,1319,712,908,1290,1457,1763,1220,547,1850,1534,810,789,772,1546,1853,1275,547,1800,1906,28,1170,1805,1644,2030,1324,1957,780,1921,933,1029,2167,1538,1528,920,188,490,1160,1191,1735,728,1106,1977,1256,1404
1476,1484,834,1858,1509,824,1959,471,999,563,1996,829,1291,1914,1478,829,1020,1540,799,114,0,1771,144,1732,2116,1901,1398,1025,825,2046,455,1414,755,1012,1362,1570,1806,1307,563,1888,1497,897,805,788,1589,1921,1314,647,1868,1944,106,1260,1848,1716,2096,1404,1839,796,1802,1037,1072,2218,1612,1571,1024,287,594,1239,1271,1778,825,1185,2017,1475,1478
173,1129,1112,144,960,1135,1958,1504,1079,1320,1836,1277,1303,144,1756,1277,1459,1366,1110,1166,1523,0,1779,1565,386,131,1070,1464,1273,426,950,1375,919,1451,380,1805,1643,1319,1156,1726,773,1171,1116,1236,1071,161,801,1478,44,1782,1158,1182,1050,819,392,1093,1430,1244,1532,1476,1258,1686,740,1216,1463,1209,1413,1522,1368,984,1870,1468,1854,1234,610
1500,1483,672,1851,1336,817,1737,464,998,556,1995,822,1127,1907,1315,822,1013,1539,792,107,85,1764,0,1731,2110,1894,1234,1018,818,2039,448,1231,755,1005,1386,1345,1455,1143,616,1908,1626,721,858,841,1609,1944,1334,894,1891,1964,99,1093,1868,1738,2118,1408,1879,849,1842,1030,1092,2080,1633,1265,1017,280,587,1082,1114,1798,661,1028,2037,1179,1499
912,361,740,1301,172,1609,507,1207,839,1446,584,1751,218,1356,833,1751,1941,583,1584,1516,1610,1212,1660,0,1572,1343,258,1946,1747,1169,1331,341,758,1933,840,1001,91,290,1537,460,796,633,1590,1710,527,1363,718,1046,1350,516,1508,496,136,842,1288,283,1124,1718,1069,1958,654,1514,1537,410,1945,1359,1961,1056,460,76,1437,1069,605,270,1403
598,1518,1485,725,1178,1624,2157,1866,1451,1818,2244,1766,1694,432,2113,1766,1953,1766,1599,1593,1887,475,1937,1973,0,454,1288,1958,1762,607,1347,1767,1414,1945,767,2163,1297,1710,1553,2131,1093,1544,1605,1725,1461,474,1183,1864,475,2187,1568,1571,1268,1140,720,1311,1823,1733,1925,1970,1622,2072,1146,1605,1957,1619,1706,1913,1748,1202,2230,1859,2266,1623,1015
271,1232,1197,235,1052,1267,2039,1583,1163,1461,1938,1409,1406,26,1842,1409,1611,1469,1242,1292,1597,88,1647,1668,452,0,1513,1616,1405,519,1041,1481,1009,1603,473,1923,1742,1422,1246,1829,818,1257,1248,1368,1174,30,905,1565,72,1885,1268,1285,1784,864,483,1526,1533,1376,1635,1628,1344,1789,751,1319,1615,1317,1550,1604,1464,1714,1959,1550,1958,1337,621
1073,533,723,1462,343,1657,1162,1190,902,1594,909,1799,153,1517,505,1799,1990,766,1632,1384,1478,1373,1566,933,1733,1504,0,1995,1795,1067,1479,161,970,1982,965,673,460,65,1584,785,1122,656,1638,1758,782,1524,752,1029,1248,841,1376,488,641,1169,1186,31,862,1766,807,2007,637,1186,1563,582,1994,1517,1827,764,285,552,1420,777,930,271,1429
2132,2640,1862,2345,2567,1302,3340,1683,2197,1332,3183,1307,2279,2184,2212,1307,5,2716,1277,1327,1256,2112,1224,2909,2458,2158,2390,0,1303,2344,1303,2274,1958,14,1597,2410,2959,2295,1374,3065,1911,1921,1283,1266,2752,2188,2057,1772,2136,3121,1319,2266,3027,1955,2302,2404,2829,1274,2931,12,2254,2935,960,2721,1,1356,518,2287,2264,2957,1873,2233,3212,2327,1042
1081,1537,1051,1324,1743,171,2205,709,1105,263,2281,1,1508,1132,1694,1,497,1811,146,413,711,1237,782,2010,1597,1106,1615,502,0,1757,531,1653,1025,489,939,1794,2082,1524,382,2168,1211,1111,152,61,1480,1136,977,885,1151,2224,441,1480,2128,1392,1708,1628,1867,29,1969,514,1285,2113,864,1624,501,750,421,1461,1495,2058,1063,1407,2305,1642,737
312,1109,1049,512,733,1055,1752,1436,1014,1240,1267,1197,807,303,1692,1197,1379,1510,1030,1099,1502,167,1552,1289,545,277,837,1384,1193,0,879,907,846,1371,536,1759,852,833,1085,1139,573,1107,1036,1156,774,307,718,1414,189,1195,1091,1145,823,622,136,860,1574,1164,1676,1396,1191,1828,867,909,1383,1142,1337,1459,1322,757,1804,1405,1288,866,740
1143,1481,792,1443,1467,371,1911,422,996,121,1993,376,1249,1251,1436,376,733,1537,346,133,431,1196,551,1729,1555,1225,1356,738,372,1383,0,1369,753,725,1034,1531,1803,1265,108,1885,1321,855,352,335,1586,1255,1311,603,1216,1941,161,1216,1845,1499,1336,1369,1807,343,1767,763,1069,2214,1006,1568,737,470,267,1203,1236,1775,783,1149,2014,1472,875
963,407,613,1348,557,1542,1304,1074,791,1479,1090,1684,341,1238,440,1684,1878,636,1517,1271,1363,1259,1455,818,1620,1212,202,1883,1680,1207,1364,0,855,1870,852,608,672,167,1537,940,941,546,1419,1532,655,1242,656,918,1243,996,1263,379,855,1123,1326,179,698,1651,618,1815,526,1121,1448,456,1882,1411,1719,701,175,760,1305,713,1064,364,1318
831,977,321,1237,998,965,1331,877,281,960,1508,1100,785,1095,961,1100,1305,1043,940,768,862,1159,910,1229,1526,1069,1009,1310,1096,1291,856,891,0,1297,717,998,1294,801,950,1398,762,386,946,1059,1096,1099,544,746,1181,1454,760,764,1324,924,1285,995,1403,1067,1364,1322,599,1713,1106,1064,1309,676,1193,729,788,1273,941,673,1525,982,1044
2127,2613,1993,2332,2695,1307,3079,1748,2235,1310,3169,1312,2414,2178,2132,1312,6,2697,1282,1374,1303,2095,1326,2885,2441,2152,2524,10,1308,2268,1230,2542,1953,0,1640,2547,2936,2430,1395,3048,1955,2063,1288,1271,2737,2182,2071,1902,2121,3104,1366,2406,2989,1996,2264,2537,2884,1279,2991,25,2260,3080,1000,2694,10,1376,508,2354,2412,2933,2013,2298,3198,2636,1091
117,906,878,540,1328,1023,1667,1367,854,919,1573,1158,1115,593,1498,1158,1365,1108,998,904,1307,448,1454,1294,833,579,1221,1370,1154,717,817,1214,730,1357,0,1635,1359,1131,1023,1463,358,900,1004,1117,550,600,538,1298,548,1519,895,942,1389,403,767,1234,1417,1125,1457,1382,1066,1637,791,962,1369,944,1171,1268,1099,1338,1652,1212,1590,1047,703
1621,1034,627,2005,1180,2085,1466,1508,1164,1911,1928,2165,967,1881,85,2165,2555,1247,2060,1690,1784,1928,1883,1649,2271,1855,570,2575,2161,1929,1796,542,1212,2547,1496,0,1290,852,1892,1818,1599,657,2066,2124,1299,1885,1279,1360,1900,1874,1682,1052,1442,1760,2046,561,805,2132,732,2569,898,718,2128,1083,2576,1825,2116,449,760,1375,1025,393,1945,997,1978
1026,314,689,1427,113,1509,878,1207,869,1624,729,1644,185,1285,776,1644,1866,509,1484,1405,1499,1341,1604,685,1705,1259,202,1871,1640,1144,1513,285,809,1858,911,934,0,234,1606,619,935,580,1490,1603,568,1289,684,1057,1304,675,1397,427,354,981,1260,227,1051,1611,996,1883,602,1411,1478,363,1870,1540,1835,1012,404,344,1409,1022,746,219,1388
963,279,635,1365,331,1439,664,1151,813,1568,915,1574,98,1224,763,1574,1799,474,1414,1349,1443,1278,1548,650,1642,1198,63,1804,1570,1177,1457,80,772,1791,849,941,439,0,1550,804,1121,524,1420,1533,533,1228,632,1001,1243,860,1341,374,538,1167,1293,60,892,1541,837,1816,546,1157,1413,328,1803,1484,1779,790,205,532,1353,992,932,165,1325
1432,1640,1012,1716,1714,652,2130,671,1210,381,2183,657,1475,1537,1631,657,764,1714,627,379,608,1635,552,1908,1991,1511,1581,777,653,1951,273,1644,919,756,1312,1765,1973,1491,0,2071,1578,1085,633,616,1767,1541,1464,847,1556,2127,407,1459,2013,1741,1952,1594,2038,624,2002,771,1262,2392,1279,1727,778,630,253,1401,1478,1957,1055,1345,2201,1653,1191
588,375,641,1003,408,1284,739,1212,615,1194,251,1419,444,1064,1260,1419,1652,840,1259,1269,1361,920,1409,265,1291,1050,511,1657,1415,854,1085,590,532,1644,499,1400,336,542,1290,0,457,712,1265,1378,276,1070,472,1062,1025,122,1261,424,312,506,964,536,1291,1386,1236,1669,713,1677,1223,462,1656,1032,1442,1030,750,294,1415,974,265,480,1163
444,613,616,859,674,1161,1458,1183,586,1066,1267,1296,457,920,1172,1296,1528,811,1136,777,1332,776,1380,994,1147,906,1021,1533,1292,713,960,903,503,1520,355,1350,1058,472,1166,1157,0,683,1142,1255,247,926,314,1033,874,1213,769,649,1033,97,823,1007,1409,1263,1369,1545,684,1720,1008,369,1532,818,1243,1004,828,1015,1384,948,1284,387,946
1019,636,124,1415,659,1317,992,623,390,1030,1243,1303,442,1273,758,1303,1696,788,1292,802,896,1329,1027,970,1694,1247,552,1701,1299,1513,925,583,481,1688,904,773,769,457,1019,1133,997,0,1298,1262,844,1282,677,472,1297,1189,794,420,876,1161,1506,565,1102,1270,1047,1719,134,1150,1471,685,1700,937,1227,536,435,866,758,480,1260,599,1381
1148,1616,1152,1381,1867,33,2367,781,1130,325,2088,269,1609,1197,1784,269,561,1619,52,474,786,1160,851,1813,1527,1171,1716,566,265,1292,586,1792,1048,553,1035,1878,1872,1625,439,1976,1306,1220,0,228,1559,1201,1072,957,1182,2032,502,1593,1916,1467,1287,1729,2001,236,2046,620,1346,2223,970,1703,565,827,472,1551,1612,1860,1164,1495,2106,1721,908
1036,1512,1006,1269,1708,134,2124,665,1041,230,2321,65,1469,1085,1625,65,466,1851,109,373,671,1186,763,2045,1552,1059,1575,471,61,1501,490,1638,913,458,939,1759,2109,1485,343,2204,1210,1079,115,0,1453,1089,976,841,1104,2260,401,1453,2148,1374,1502,1588,1897,32,1940,483,1253,2117,849,1599,470,712,434,1395,1472,2092,1049,1339,2345,1617,788
706,514,516,1128,1023,1155,1356,1078,486,1060,1166,1290,757,966,1068,1290,1522,711,1130,1103,1195,1038,1243,888,1407,940,935,1527,1286,1233,954,817,401,1514,593,1246,951,773,1160,1056,651,592,1136,1249,0,970,344,933,985,1112,1095,550,929,810,1347,921,1338,1257,1290,1539,584,1634,1154,570,1526,901,1311,915,742,911,1288,859,1183,653,1094
329,1302,1157,296,1107,1288,1635,1614,1135,1516,2087,1423,1483,83,1789,1423,1656,1615,1263,1336,1630,146,1678,1812,515,37,1589,1661,1419,541,1089,1649,1027,1648,517,1883,1871,1499,1293,1975,862,1225,1269,1382,1242,0,971,1576,109,2031,1308,1355,1168,908,532,1602,1682,1390,1725,1673,1352,1914,776,1389,1660,1356,1633,1556,1529,1138,1930,1500,2105,1407,688
464,613,654,879,1039,922,1458,1223,630,813,1267,1057,826,725,1273,1057,1262,811,897,757,1144,796,1289,994,1167,699,1003,1267,1053,891,711,885,499,1254,349,1338,1058,842,917,1157,298,675,903,1016,599,729,0,1073,744,1213,749,649,1033,447,1003,989,1397,1024,1358,1279,824,1702,912,669,1266,798,1065,1043,810,1015,1426,987,1284,753,850
1397,1054,380,1791,1063,819,1396,147,664,548,1654,824,850,1658,1015,824,1192,1189,794,322,416,1710,464,1375,2061,1632,1098,1197,820,1956,440,956,626,1184,1276,1049,1173,866,537,1544,1376,413,800,783,1240,1662,1057,0,1677,1600,314,829,1327,1535,2027,1093,1460,791,1420,1209,633,1778,1385,1103,1196,457,749,783,853,1258,354,727,1671,1017,1298
184,1173,1060,227,1038,1155,1572,1522,1035,1374,1943,1290,1354,172,1679,1290,1522,1475,1130,1170,1531,77,1841,1664,447,146,1460,1527,1286,472,974,1527,914,1514,396,1942,1728,1377,1180,1840,747,1125,1136,1249,1120,176,833,1476,0,1896,1162,1233,1771,793,463,1480,1549,1257,1588,1539,1247,1769,727,1267,1526,1211,1500,1449,1391,1715,1830,1393,1968,1285,639
631,429,683,1047,456,1335,787,1254,660,1245,299,1470,492,1107,1302,1470,1702,888,1310,1315,1409,963,1457,313,1334,1093,556,1707,1466,902,1136,635,580,1694,547,1457,384,587,1340,93,506,704,1316,1429,324,1113,514,1104,1080,0,1307,482,360,555,1014,581,1341,1437,1293,1719,761,1721,1272,516,1706,1081,1492,1072,746,342,1458,1016,313,534,1184
1526,1425,805,1913,1494,835,1870,442,992,689,1956,840,1269,1791,1425,840,919,1493,810,28,71,1833,119,1679,2178,1765,1375,924,836,2098,456,1425,688,911,1406,1537,1736,1285,553,1848,1643,883,816,799,1545,1795,1235,618,1810,1904,0,1251,1779,1730,2154,1388,1838,807,1801,936,1041,2203,1615,1512,923,183,477,1195,1272,1723,837,1139,1974,1432,1522
656,99,426,1078,464,1101,797,929,611,1005,853,1236,243,922,748,1236,1468,405,1076,1265,1357,988,1405,581,1359,896,357,1473,1232,1177,900,330,528,1460,543,926,638,258,1106,747,602,310,1082,1195,467,926,294,787,941,803,1257,0,622,761,1293,399,982,1203,927,1485,709,1401,1110,155,1472,1038,1256,828,172,604,1141,772,870,178,1021
823,370,744,1228,170,1447,427,1263,751,1358,490,1582,241,1287,849,1582,1804,572,1422,1409,1503,1143,1551,519,1510,1273,276,1809,1578,1079,1248,359,674,1796,739,1013,280,267,1453,379,698,636,1428,1541,428,1293,613,1113,1241,435,1401,483,0,744,1195,301,1123,1549,1068,1821,876,1480,1430,419,1808,1188,1839,1083,477,36,1467,1078,508,275,1342
708,517,520,1125,1026,1159,1359,1085,490,1065,1169,1294,365,969,1065,1294,1526,714,1134,1140,1232,1040,1280,891,1409,943,932,1531,1290,1236,958,814,407,1518,596,1243,954,380,1164,1059,654,596,1140,1253,151,973,347,937,988,1115,1132,553,932,0,1350,918,1335,1261,1287,1543,588,1631,1157,273,1530,905,1315,919,739,914,1292,863,1186,291,1097
215,1199,1072,392,1823,1174,2241,1529,1047,1393,1966,1309,1380,179,1691,1309,1541,1501,1149,1197,1541,40,1860,1690,427,153,1486,1546,1305,637,986,1546,926,1533,412,1828,1747,1396,1191,1859,761,1137,1155,1268,1139,183,857,1488,66,1915,1189,1252,1790,807,0,1499,1568,1276,1607,1558,1259,1788,745,1286,1545,1238,1519,1471,1415,1734,1842,1415,1984,1304,657
1067,512,722,1468,357,1551,859,1241,899,1667,935,1686,148,1325,508,1686,1908,719,1526,1424,1518,1382,1638,968,1744,1299,20,1913,1682,1125,1547,151,1046,1900,952,657,463,60,1642,824,1141,621,1532,1645,777,1329,725,1091,1344,880,1416,477,558,1187,1241,0,851,1653,796,1925,636,1114,1521,561,1912,1559,1856,747,276,552,1445,759,952,215,1428
1611,871,1347,1995,1112,2262,1469,1723,1403,2189,1249,2397,804,2366,433,2397,2615,1084,2237,1993,2080,1918,2174,976,2261,2340,573,2620,2393,1886,2071,412,1318,2607,1475,515,1040,714,2168,1139,1452,922,2243,2356,1076,2370,1258,1565,2385,1195,1985,1031,1016,1495,2003,564,0,2364,175,2632,1092,431,1952,920,2619,2112,2388,1010,644,998,1841,1022,1266,834,1831
1044,1520,1017,1277,1725,142,2140,678,1045,243,2329,33,1481,1093,1636,33,484,1859,117,386,684,1194,783,2053,1558,1067,1587,489,29,1510,503,1653,926,476,943,1760,2117,1497,356,2212,1214,1091,123,32,1461,1097,980,854,1112,2268,414,1465,2156,1375,1510,1600,1902,0,1946,552,1257,2122,858,1607,488,725,404,1406,1484,2100,1062,1350,2353,1625,796
1567,844,1405,1951,990,2360,1442,1695,1345,2419,1356,2495,777,1832,467,2495,2732,1057,2335,2197,2284,1874,2034,1082,2218,1806,546,2737,2491,2001,2298,385,1563,2724,1447,549,1147,687,2394,1245,1559,895,2341,2454,1184,1836,1231,1538,1851,1301,2189,1004,1123,1602,2118,537,135,2462,0,2807,1065,465,2091,893,2736,2316,2592,1060,617,1105,1894,1072,1373,807,1940
2175,2663,2113,2381,2780,1352,3156,1786,2302,1355,3217,1357,2515,2227,2136,1357,40,2747,1327,1417,1346,2140,1369,2933,2490,2201,2627,34,1353,2313,1275,2642,1994,50,1683,2395,2984,2530,1440,3096,1994,2183,1333,1316,2787,2231,2112,1934,2166,3152,1409,2507,3036,2035,2309,2640,2938,1324,3045,0,2278,3123,1042,2744,35,1422,528,2376,2512,2980,2134,2320,3246,2664,1134
720,469,341,1137,839,1256,1172,857,284,1165,976,1391,557,979,737,1391,1624,528,1231,1038,1130,1052,1263,704,1420,953,782,1629,1387,1249,1056,645,505,1616,608,915,767,572,1261,870,667,180,1237,1350,588,983,359,715,998,926,1030,539,745,826,1362,768,1155,1358,1100,1641,0,1453,1168,556,1628,1004,1413,745,556,727,1071,689,993,473,1108
1479,1089,1393,1869,1006,2174,1499,1822,1299,2111,1149,2315,898,2285,471,2315,2534,1123,2149,1927,2014,1787,2108,871,2134,2259,613,2539,2311,1771,1993,451,1215,2526,1427,553,934,728,2090,1039,1352,968,2155,2274,976,2289,1143,1662,2304,1095,1919,1127,912,1395,1881,604,97,2282,214,2551,1189,0,1849,1176,2538,2046,2323,1048,981,894,1881,1060,1166,1033,1728
950,1414,1266,1369,1882,848,2365,1474,1243,1076,2086,983,1623,1185,1901,983,1188,1617,823,1177,1498,1285,1545,1811,1650,1159,1731,1193,979,1494,926,1762,1213,1180,835,2038,1870,1639,1132,1974,1160,1334,829,942,1547,1189,1070,1599,1204,2030,1205,1450,1914,1206,1528,1744,1989,950,2034,1205,1460,2211,0,1691,1192,1295,1191,1668,1628,1858,1791,1612,2104,1709,236
808,52,615,1213,495,1280,828,1128,612,1190,730,1415,274,1072,916,1415,1648,272,1255,1266,1358,1128,1406,459,1496,1046,388,1653,1411,1323,1081,416,529,1640,694,1094,516,289,1286,625,936,501,1261,1374,273,1076,466,978,1091,681,1258,149,500,982,1437,401,1030,1382,975,1665,710,1495,1258,0,1652,1029,1438,1003,464,482,1334,947,747,91,1170
2140,2602,2063,2345,2727,1317,3103,1737,2232,1320,3156,1322,2464,2191,2121,1322,4,2686,1292,1363,1292,2105,1315,2872,2453,2165,2574,3,1318,2278,1240,2592,1942,12,1654,2380,2923,2480,1405,3035,1965,2133,1298,1281,2726,2195,2081,1885,2131,3091,1355,2456,2975,2006,2274,2587,2904,1289,3011,13,2249,3078,1013,2682,0,1386,496,2330,2462,2918,2085,2274,3184,2624,1105
1517,1799,1019,2073,1730,1029,2141,885,1380,643,2346,1034,1483,1919,1638,1034,873,1879,1004,76,532,2000,476,2070,2343,1893,1589,878,1030,2308,588,1655,1083,865,1397,1759,1836,1499,1059,2229,1634,1093,1010,993,1933,1923,1643,925,1938,2285,68,1467,2173,1721,2314,1602,2049,1001,2013,890,1427,2408,1627,1886,877,0,430,1408,1486,2117,1064,1352,2370,1657,1534
1949,1755,975,2022,1677,977,2102,840,1334,591,2302,982,1438,1863,1594,982,601,1835,952,471,487,1949,431,2026,2292,1837,1544,595,978,2257,536,1607,1039,611,1794,1728,1783,1454,775,2185,2048,1048,958,941,1888,1867,1599,879,1882,2241,463,1422,2129,2219,2263,1557,2005,949,1969,589,1383,2359,1575,1842,596,515,0,1364,1441,2073,1018,1308,2326,1612,1482
1601,1246,383,1985,1255,1905,1843,1184,926,1605,1849,1874,1042,1850,330,1874,2274,1384,1880,1382,1476,1908,1581,1570,2251,1824,918,2296,1870,2220,1490,909,975,2266,1465,442,1365,1019,1583,1739,1568,502,1886,1833,1436,1854,1248,1034,1869,1795,1374,1021,1542,1729,2226,909,1102,1841,1037,2290,896,1013,2122,1295,2278,1517,1812,0,777,1468,1076,72,1866,1209,1970
815,368,489,1221,485,1277,818,995,664,1187,1023,1412,264,1080,806,1412,1645,575,1252,1195,1287,1135,1399,751,1503,1054,399,1650,1408,1367,1078,257,769,1637,701,984,591,279,1283,917,781,375,1258,1371,635,1084,474,852,1099,973,1187,204,686,945,1481,394,895,1379,840,1662,397,1257,1267,417,1649,1203,1435,891,0,680,1207,835,1040,336,1207
784,503,742,1190,200,1405,457,1315,720,1316,451,1540,271,1249,872,1540,1765,606,1380,1381,1475,1105,1523,483,1473,1235,306,1770,1536,1047,1206,389,646,1757,700,1036,556,297,1411,343,663,666,1386,1499,391,1255,576,1165,1229,399,1373,513,76,709,1163,331,1144,1507,1089,1782,837,1503,1406,590,1769,1148,1811,1105,505,0,1519,1076,469,305,1318
1889,1516,721,2250,1538,1500,1938,820,1121,1232,2121,1505,1299,2136,782,1505,1911,1652,1475,1001,1093,2176,1107,1846,2528,2110,1525,1916,1501,2229,1123,1497,1149,1903,1744,1047,1644,1315,1216,2009,1846,910,1481,1464,1705,2140,1525,752,2082,2065,993,1283,1951,2000,2225,1516,1996,1472,1602,1941,1091,1915,1996,1564,1915,1144,1458,995,1279,1769,0,939,2139,1473,1863
1523,1185,307,1910,1194,1830,1528,1109,857,1526,1788,1799,981,1788,384,1799,2201,1323,1805,1307,1401,1830,1506,1509,2174,1762,833,2221,1795,2093,1415,715,904,2193,1403,475,1304,807,1508,1678,1506,427,1811,1758,1375,1792,1187,959,1807,1734,1299,960,1467,1667,2151,819,1159,1766,1069,2215,827,1070,2026,1234,2222,1442,1737,54,579,1401,1002,0,1805,1148,1892
318,747,732,736,1188,1268,1605,1305,710,1178,1404,1403,975,794,1352,1403,1636,945,1243,1371,1465,650,1513,1131,1021,780,1081,1641,1399,581,1069,1064,636,1628,229,1376,1196,991,1274,1294,188,754,1249,1362,381,800,574,1155,748,1350,1363,783,1172,233,703,1237,1542,1370,1502,1653,827,1847,1037,512,1640,1099,1426,1122,958,1154,1509,1066,0,530,975
695,70,519,1112,352,1198,685,1027,530,1107,692,1333,132,958,829,1333,1566,233,1173,1184,1276,1027,1324,420,1398,932,246,1571,1329,1285,998,297,447,1558,582,1007,458,147,1203,586,898,405,1179,1292,191,962,333,882,977,642,1176,167,461,944,1399,259,949,1300,894,1583,427,1480,1143,49,1570,945,1352,918,350,547,1237,862,709,0,1083
788,1268,1095,1233,1723,637,2208,1276,1072,869,1936,780,1476,1049,1723,780,986,1471,612,974,1295,1150,1345,1657,1515,1021,1580,991,776,1288,727,1606,1012,978,673,1830,1712,1490,933,1824,1000,1162,618,739,1415,1051,922,1398,1066,1880,1002,1302,1755,1046,1282,1593,1860,747,1903,1003,1286,2080,266,1322,990,1094,992,1494,1480,1699,1592,1438,1952,1408,0
